source_id,ra,ra_error,dec,dec_error,pmra,pmra_error,pmdec,pmdec_error,parallax,parallax_error,radial_velocity,radial_velocity_error,phot_g_mean_mag,l,b,phot_bp_mean_mag,phot_rp_mean_mag,bp_rp,distance,pm_l_poleski,pm_b_poleski,galactic distance,circular velocity,LSR velocity,mu_l_sol,mu_b_sol,mu_l_rot,mu_b_rot,Peculiar Velocity,peculiar_mu_l,peculiar_mu_b,SpType,Mod_SpType,SpColor,Mass_compact,M_compact_lower,M_compact_upper,Mass_companion,M_companion_lower,M_companion_upper,Name
1.6845054579201E+017,58.846150622344,0.0295536126941442,31.0458360918575,0.0207916479557753,-1.28211725282629,0.0530738160014153,-1.86909075602011,0.030308086425066,1.62740262266178,0.0374564081430435,nan,nan,6.26169681549072,163.081353346672,-17.1362031255387,6.43985366821289,5.93005990982056,0.509793758392334,0.614476089736418,0.309588976965937,-2.24532393421881,9.06339418967629,223.81506681128,57.7757217523065,5.54632682187915,-1.84862004005809,-0.420248462211561,-0.402598337573955,14.0285977498342,-4.81648938270165,0.00589444341323153,B0Ve,xkcd:purple,xkcd:green,,,,,,,4U 0352+309
1.84497471323752E+017,80.6468048118424,0.0253978744149208,37.6759929364201,0.0195764731615782,1.3049449567152,0.0408261269330978,-3.9994793622028,0.0280488729476929,0.721369756766932,0.0300940778106451,nan,nan,7.2317328453064,170.053388027227,0.710317258901308,7.37642908096314,6.92123794555664,0.455191135406494,1.38625162840462,4.0384220322202,-1.17892493332741,9.8682151631778,224.56128708058,33.0372405067555,2.32254720385869,-1.17217553804094,-0.130618856606785,0.00994043986508111,12.1334967273829,1.8464936849683,-0.0166898351515568,B0 IVpe,xkcd:purple,xkcd:green,,,,,,,HD 34921
2.52878401557369E+017,70.2472073930042,0.011905986815691,44.5303441864785,0.00838595908135176,0.100646236122129,0.0163622759282589,-1.18612775456938,0.0136585207656026,0.378823380551682,0.0150427017360926,nan,nan,10.4038562774658,159.847095500076,-1.27002358292776,10.8320970535278,9.79090690612793,1.0411901473999,2.6397525900954,0.959325554956147,-0.704785921123166,11.0151197731592,225.529401748612,59.205021888072,1.31774982338499,-0.597587187998077,-0.44380734497849,-0.0306568122658442,1.43478511459545,0.0853830765496442,-0.0765419208592444,B0e,xkcd:green,xkcd:green,,,,,,,BSD 24-491
2.76644757710015E+017,64.9255612347673,0.0126043129712343,55.9993606790434,0.00810832064598799,-0.473560721604546,0.0182765685021877,-0.50966560327801,0.0134928673505783,0.210088245829722,0.0148642817512155,nan,nan,10.7661151885986,149.176516114138,4.13305926225431,11.4393692016602,9.85504722595215,1.58432197570801,4.75990456320202,0.0267067591556033,-0.695201793169984,12.8100327579999,226.865462053165,75.8355685560204,0.762915702182054,-0.343340495063378,-0.798503661976126,0.121158392026994,10.7643962290636,0.0622947189496761,-0.4730196901336,B1/2I[e],xkcd:green,xkcd:green,,,,,,,XTE J0421+560
4.14196617287885E+017,18.9960406988403,0.0109825721010566,59.1539448676557,0.0127796363085508,-2.46258326686301,0.0148938810452819,-0.546486466252775,0.0167732853442431,0.339193339932208,0.0180390197783709,nan,nan,11.4120559692383,126.080007727594,-3.56768591522713,11.6671657562256,10.9511651992798,0.716000556945801,2.94817109380704,-2.39202458552721,-0.800738525527853,10.5055509356259,225.111835329988,145.185456310632,1.19774937923463,-0.563422936277096,-2.644620505556,-0.151149322097249,13.2626611708397,-0.945153459205833,-0.0861662671535076,B1-2 III/Ve,xkcd:green,xkcd:green,,,,,,,TYC 3681-695-1
4.26558460884582E+017,14.1774509982081,1.83359968662262,60.716722804712,2.39119458198547,nan,nan,nan,nan,nan,nan,nan,nan,2.06458330154419,123.576986595153,-2.14842401906986,2.72584319114685,2.31510853767395,0.4107346534729,nan,nan,nan,nan,nan,nan,nan,nan,nan,nan,nan,nan,nan,B0.5IVpe,xkcd:purple,xkcd:green,,,,,,,gam Cas
4.27234969757166E+017,9.29013258020323,0.00841379445046186,61.36013319063,0.00981823727488518,-1.7956235405296,0.0109470905736089,-0.52513004831002,0.0136089781299233,0.271890665383685,0.0120598822832108,nan,nan,9.45465564727783,121.221416200232,-1.46418987561227,9.76897144317627,8.94912624359131,0.819845199584961,3.67794899684705,-1.81781405193743,-0.44224149457164,10.8704917345841,225.412804163401,148.846016549027,0.934142743735759,-0.444641825789461,-2.8427897106768,-0.0601323442650741,1.92250671820515,0.0908329150036122,0.0625326754828945,BN0.5II-III / BN0.7Ib,xkcd:red,xkcd:red,,,,,,,IGR J00370+6122
4.4475297313117E+017,53.7496297249785,0.0139294844120741,53.1731399782842,0.0127303693443537,-0.26805266659388,0.0197425857186317,0.440128384493339,0.0198279451578856,0.134347272717637,0.0201513227075338,nan,nan,14.2002143859863,146.05208942277,-2.19402570863545,15.475269317627,13.0865707397461,2.38869857788086,7.44339635462301,-0.475747237071386,0.198065123946012,15.2467970701527,228.416587137084,69.8620414098206,0.490706563956873,-0.213770810818026,-0.753538586190451,-0.0589903365139222,18.2311249323096,-0.212915214837808,0.47082627127796,O8-9Ve,xkcd:dark blue,xkcd:blue,,,,,,,V0332+53
4.65628193526364E+017,40.9184319199144,0.00675673130899668,61.4343776683556,0.00856488477438688,-0.728979889749692,0.010312550701201,0.134328160941653,0.0117287393659353,0.181508805430382,0.0113282157108188,nan,nan,12.3865413665771,135.934156680647,1.42878794220714,13.0530853271484,11.5765752792358,1.4765100479126,5.50937458724863,-0.716720608242459,-0.189122458216888,13.033092972257,227.018754644305,101.447773576198,0.661832853277035,-0.289314684823322,-1.45511942952518,0.0508132295233996,2.37922899830662,0.0765659680056856,0.0493789970830339,O9.5Ve,xkcd:dark blue,xkcd:blue,,,,,,,Swift J0243.6+6124
4.65645515129856E+017,40.131931264834,0.0073322057723999,61.2293305083868,0.00920911505818367,-0.423431747596128,0.0113223139196634,-0.255525017805509,0.0119189107790589,0.377649906118083,0.0129749793559313,nan,nan,10.4022245407105,135.675273769726,1.08612517387604,10.9566249847412,9.67355060577393,1.28307437896729,2.64795511345188,-0.279058609498088,-0.408305978479143,10.5573134941847,225.155129882225,125.141483573004,1.37639378275882,-0.60272302508423,-1.9523294515554,0.0452394925138422,4.17016934559482,0.296877059298492,0.149177554091244,B0Ve,xkcd:purple,xkcd:green,,,,,,,LS I +61 303
5.11220031584306E+017,26.7508754876486,0.0115005373954773,61.3565729115145,0.013774354942143,-1.02942755688109,0.0162183493375778,-0.0816630991419283,0.016919506713748,0.327962838752543,0.0216532852500677,nan,nan,11.215371131897,129.541104042262,-0.800111986857985,11.629825592041,10.5996284484863,1.03019714355469,3.04912594306005,-0.98551212613203,-0.308473347105313,10.7024309548224,225.275428686007,136.305865291344,1.17532506852966,-0.529286433389174,-2.34229246000713,-0.0337327624155937,4.5179825629905,0.181455265345436,0.254545848699455,B1III-Ve,xkcd:green,xkcd:green,,,,,,,RX J0146.9+6121
5.18990967445248E+017,29.5770329133943,0.00884241610765457,67.2231846066058,0.0102293379604816,-1.19795751370211,0.0108993127942085,0.300220666571744,0.01328254211694,0.133272101396338,0.0131512517109513,nan,nan,13.687518119812,129.352235766926,5.18872339241823,14.5636348724365,12.7479228973389,1.81571197509766,7.50344587893982,-1.23466809011344,-0.0287986202402338,14.4444765664762,227.933942203637,101.639522537951,0.477271729057135,-0.203482145931975,-1.59244461129858,0.178019024626905,4.25166178297092,-0.119495207871999,-0.00333549893516336,B2IVe,xkcd:dark purple,xkcd:green,,,,,,,IGR J01583+6713
5.1935232451604E+017,23.9577173336435,0.00744314538314939,66.2120234667983,0.00832969322800636,-1.62566359949475,0.00863042008131743,-0.0274352108380535,0.0111143225803971,0.166862927960242,0.0109649896621704,nan,nan,12.4615526199341,127.394421581288,3.72565760592576,13.468391418457,11.4649505615234,2.00344085693359,5.99294290364046,-1.59397626079563,-0.320584637086568,13.0289888086095,227.015956991169,115.713542528705,0.592806109130739,-0.257265864050205,-1.92394158191481,0.138978782417031,9.42179686590585,-0.262840788011558,-0.202297555453394,B1Ve,xkcd:light purple,xkcd:green,,,,,,,IGR J01363+6610
5.24677469790489E+017,19.6331934830623,0.0108956210315228,63.7425224055765,0.0120505271479487,-1.68376041522725,0.0133748641237617,0.503556932235039,0.0169976726174355,0.136306373959637,0.0163451917469502,nan,nan,14.3044681549072,125.923514423209,1.02826489214508,15.4361763000488,13.24635887146,2.18981742858887,7.33641407184761,-1.73022601868821,0.308117906234842,14.1144290485734,227.727880694968,109.302011362227,0.480955447058882,-0.216101576844538,-1.81167242052222,0.0365712762552052,21.9220223730209,-0.399509045224875,0.487648206824174,B0.2Ve,xkcd:purple,xkcd:green,,,,,,,4U 0115+63
5.2492431015325E+017,19.5112270468634,0.00746120046824217,65.2916226028547,0.0088937496766448,-1.24339855830855,0.00915473513305187,0.760617395766576,0.0118053546175361,0.196417157389819,0.0112683521583676,nan,nan,10.520528793335,125.709975408755,2.5634884198048,11.2477550506592,9.6738862991333,1.57386875152588,5.09120492979822,-1.32098415172275,0.616100372052986,12.1895845322661,226.425188812532,126.334186464311,0.692328541311555,-0.305831790266189,-2.19541764484616,0.100212640141311,20.3111098783101,0.182104951811854,0.821719522177865,B1Iae,xkcd:bright green,xkcd:green,,,,,,,2S 0114+650
1.97836512314352E+018,323.58486828065,0.0112341782078147,47.6333791757063,0.0112196998670697,-2.21165825622075,0.0146258790045977,-2.55791755533225,0.0145528996363282,0.0835119264536873,0.0141604617238045,nan,nan,14.0036334991455,92.1716073069689,-3.11768256057209,14.3025236129761,13.5040693283081,0.798454284667969,11.9743375882314,-3.35431403370774,-0.427728682060933,14.9302640379585,228.229155064989,127.506398353423,0.19922322047742,-0.146333082993826,-3.04533515530514,-0.0907271084400624,30.808019979275,-0.508202098880026,-0.190668490627044,B1--1.5III--V,xkcd:black,xkcd:red,,,,,,,IGR J21343+4738
1.97991100213404E+018,330.409191970223,0.0112070357427001,50.1679523831388,0.0110573023557663,2.36462529326604,0.014718983322382,-0.293702486495645,0.0133539559319615,0.878194766131057,0.0133968144655228,nan,nan,9.30460643768311,97.2477693214477,-4.04120869792334,9.40764904022217,9.07357215881348,0.334076881408691,1.1386995670739,1.72841778537768,-1.64020909865705,8.71643981770146,223.473534912582,213.52134843115,2.3028503458441,-1.56293988242621,-5.19681529119564,-0.0707583495583593,24.9490394655759,4.62238273072922,-0.00651086667247862,B3e,xkcd:green,xkcd:green,,,,,,,1H 2202+501
1.98235958015563E+018,340.738741405261,0.0132412174716592,44.7217245997929,0.0142997400835156,-3.47761091322112,0.0157370772212744,-3.15899869746482,0.0167376156896353,0.485993229298655,0.0184742212295532,nan,nan,8.70506763458252,100.175440031642,-12.3984966665871,8.76905727386475,8.49483680725098,0.27422046661377,2.05764183472909,-4.56081487159857,-1.12783781695083,9.07327034934535,223.82460367167,199.507796317316,1.33625028810507,-1.01373866615766,-4.85762166718768,-0.301187352388818,10.3008285441305,-1.03944349251596,0.187088201595642,B1.5-B2III,xkcd:red,xkcd:red,,,,,,,HD 215227
2.00565352428021E+018,331.98428755193,0.0120504824444652,54.5184321708028,0.0112635558471084,-4.17251797848027,0.0151939755305648,-3.31656237236675,0.0136157888919115,0.305053250037843,0.0136052528396249,nan,nan,9.74335670471191,100.603241891426,-1.10592246506827,9.88059139251709,9.46435832977295,0.416233062744141,3.27811619733914,-5.3203649202928,-0.321262144451915,9.65631752893306,224.370654145372,191.984642103161,0.844243499022446,-0.503160043816671,-4.4945095041305,-0.0321648107907016,26.162744145313,-1.67009891518475,0.214062710155457,O9.5IIIe,xkcd:bright blue,xkcd:blue,,,,,,,4U 2206+54
2.02178542145531E+018,295.546522364578,0.0320753343403339,25.9348903504625,0.0476973317563534,-1.95324401744655,0.0427125059068203,-3.98710834645019,0.0585922077298164,0.019283663596521,0.06026316806674,nan,nan,17.0545387268066,61.5801055744,1.35488515433473,18.7851753234863,15.8083515167236,2.9768238067627,51.8573659509604,-4.42839913870651,-0.318553333567547,48.3785330975043,238.975422817708,35.0294298128919,0.012309721192801,-0.0292652851558062,-1.31060645210097,0.0153421905723507,773.026568208188,-3.13010240779833,-0.304630238984092,,xkcd:black,xkcd:grey,,,,2.1703477,2.0016077,2.3035681,1RXS J194211.9+255552
2.02691484934654E+018,297.480949369952,0.0128928292542696,25.5665948464224,0.0192092545330524,-2.38389635507759,0.017851309850812,-5.14518425059865,0.0270287841558456,0.111411379928864,0.0267411433160305,nan,nan,13.9631729125977,62.1362669077695,-0.33685777634447,16.3109226226807,12.57652759552,3.73439502716064,8.97574377625068,-5.63751726264085,-0.611785843075065,9.02759593966113,223.780414552429,184.372604094353,0.07501768723895,-0.18099019028455,-5.28253608365041,-0.00157075053112042,25.8487918254468,-0.429998866229385,-0.429224902259395,early BIa,xkcd:red,xkcd:grey,,,,,,,AX J1949.8+2534
2.02808954010367E+018,296.413974879557,0.0170219540596008,27.3653991524759,0.0222543571144342,-2.41302544447307,0.0231124944984913,-4.04300763028444,0.0281010642647743,0.0206907754014611,0.0291700232774019,nan,nan,15.6885652542114,63.207143530474,1.39556529365341,17.111873626709,14.5240659713745,2.58780765533447,48.330716495496,-4.70830734056744,0.0210827173638179,45.1272970002234,238.325572555877,38.1431588012871,0.0153221428090461,-0.0313570629459257,-1.3799544126172,0.0169452729522547,766.037642025781,-3.34367507075928,0.0354945073574889,B01-IVVe,xkcd:purple,xkcd:green,,,,,,,XTE J1946+274
2.0319395488021E+018,297.397838834721,0.00881553255021572,30.2088084874013,0.0117915654554963,-2.26403288923693,0.0118205882608891,-4.08907537104113,0.0146890608593822,0.027654384165323,0.0137290097773075,nan,nan,13.8340435028076,66.0989653828783,2.08358545759956,14.4567165374756,13.0477123260498,1.40900421142578,36.1606316749567,-4.6711533131505,-0.163429001847355,33.6037849230381,235.591047186569,52.4845936196593,0.025459032130448,-0.0407454488830484,-1.76994925770264,0.0318724663765406,502.333139528649,-2.92666308757831,-0.154556019340847,B0Ve,xkcd:purple,xkcd:green,,,,,,,KS 1947+300
2.0339897900479E+018,300.091048996336,0.0144309774041176,32.1897393316121,0.0173757206648588,-2.8507439970988,0.0202102940529585,-4.30016971852364,0.0230986010283232,0.0674648650791034,0.0210929848253727,nan,nan,15.0645580291748,68.9860275182712,1.13418940699441,16.4464473724365,13.9040946960449,2.5423526763916,14.8225301989041,-5.15808085142415,0.111368196869716,14.1960917492102,227.779293500018,125.285255717035,0.0740807515087906,-0.103482514114783,-3.72008647467499,0.0232153819023182,107.086370188513,-1.51207512825795,0.19163532908218,early BV or mid BIII,xkcd:black,xkcd:grey,,,,,,,2MASS J20002185+3211232
2.03403143838377E+018,298.926398321426,0.0161340348422527,32.0969303187364,0.0212891474366188,-2.15804759407507,0.0208375342190266,-6.07112575337133,0.0258087683469057,0.257529988281136,0.0244609825313091,4.73571538925171,0.505849421024323,8.35826683044434,68.3919405515819,1.92689330315756,10.1543369293213,7.08870124816895,3.06563568115234,3.88304292899799,-6.29940984517077,-1.35394716813743,7.93823339201762,222.657379861504,219.539487330169,0.273435678632836,-0.382318982845956,-5.53515732656221,-0.0264430616200733,25.8346494643923,-1.03768819724139,-0.945185123671397,M4 I,xkcd:grey,xkcd:grey,,,,,,,4U 1954+31
2.05938366823681E+018,299.590294829042,0.0109379626810551,35.2015787651137,0.0130025800317526,-3.81238517562445,0.0145736066624522,-6.30989323963554,0.0174529124051332,0.443901968474493,0.0149494232609868,nan,nan,8.53661727905273,71.3349594020342,3.06683444994022,9.07366752624512,7.81434059143066,1.25932693481445,2.25274964072943,-7.37143853267283,-0.104534118571677,8.06669761991884,222.797265241592,220.068047518913,0.550616942885265,-0.628847410493968,-5.39902976601355,-0.0560948527087236,27.6446267137745,-2.52302570954455,0.580408144631015,O9.7Iabpvar,xkcd:blue,xkcd:blue,21.2,19,23.4,,,,Cyg X-1
2.06379136981532E+018,308.063626855121,0.0614441595971584,37.6374323954656,0.075950600206852,-3.37091795297665,0.0832333490252495,-5.40007297322419,0.0914915278553963,0.341846252315514,0.0846305266022682,nan,nan,16.8913593292236,77.1518400117191,-1.24180118345777,19.4912528991699,15.4194097518921,4.07184314727783,2.92529168661773,-6.34213352338457,-0.54883361176973,8.35150010668786,223.099908277688,219.237266742184,0.541284851016056,-0.572456813342678,-5.49475517654742,0.00596101600592575,19.2565982352472,-1.38866319785321,0.017662185567022,B0Ve,xkcd:purple,xkcd:green,,,,3.6293702,3.3213413,3.938634,EXO 2030+375
2.06565359891639E+018,314.698058298815,0.0110331550240517,41.7769796852705,0.0127593632787466,-2.20955256662128,0.0152130145579577,-3.35119658525895,0.0173322930932045,0.0775289452229632,0.0152344536036253,nan,nan,14.1308708190918,83.5698768336025,-2.65549248198189,14.9436254501343,13.2254428863525,1.71818256378174,12.8984084218369,-3.97495984057494,-0.558869719639871,14.6195593230559,228.041424309001,129.479704143691,0.150624939555651,-0.135332283590463,-3.34362104854641,-0.0693458273561047,52.4836868259942,-0.781963731584179,-0.354191608693304,O9.5-B0IV-Ve,xkcd:dark blue,xkcd:blue,,,,,,,GRO J2058+42
2.06783568281836E+018,308.054669355906,0.0119410064071417,41.4567587500388,0.014621440321207,-2.87623829427697,0.017133817076683,-0.947894650688815,0.0199805311858654,0.567753479368615,0.0155942142009735,nan,nan,11.2771835327148,80.2238146279451,1.02789934566548,11.974401473999,10.3581418991089,1.61625957489014,1.76132782332233,-2.4858584516355,1.72967012829098,8.38259204675889,223.132345495803,220.820866191786,0.998226769746415,-0.877436424898625,-5.47421119285955,-0.00652491968571685,27.4260259637536,1.99012597147764,2.61363147287532,B0:e/B0:Vn,xkcd:black,xkcd:red,,,,,,,PSR J2032+4127
2.07008531796881E+018,310.827757037743,0.0532375834882259,44.6388912772043,0.0520578362047672,-2.61333440121622,0.0661388859152794,-4.23233099180295,0.0711492598056793,0.0416260492564239,0.0633568987250328,nan,nan,16.5635795593262,83.9837095923154,1.34072335973028,18.8750457763672,15.1830720901489,3.69197368621826,24.0234184570297,-4.936419930705,-0.611474107787327,24.6224631906451,232.741133272496,77.7465654640212,0.081803814394483,-0.0637122254649734,-2.01763473507051,0.0294366031178289,347.944259470407,-3.00058901002897,-0.577198485440182,B0-2e,xkcd:green,xkcd:green,,,,,,,SRGE J204319.0+443820
2.08364439229406E+018,307.628503749371,0.0142085449770093,47.8640679293417,0.0150898518040776,-2.71410401550864,0.0198568869382143,-4.53613437647888,0.0181836560368538,0.419385472261347,0.015947412699461,nan,nan,9.02533054351807,85.2306906939499,5.04748851793976,9.27633094787598,8.5801362991333,0.696194648742676,2.38444120300103,-5.26189938004756,-0.505262904564201,8.63332688672209,223.389783180738,216.197405044755,0.852205989221481,-0.5573332807116,-5.40117622017342,0.0263561369215575,8.06294396322748,-0.712929149095624,0.0257142392258414,B0.5III-Ve,xckd:green,xkcd:green,,,,,,,SAO 49725
2.16280589661457E+018,315.898769692253,0.0108425049111247,45.7515328321077,0.0105061735957861,-3.50548378300481,0.0137263387441635,-3.15975709514962,0.0125751961022615,0.130862336894964,0.0129473134875298,nan,nan,13.7744359970093,87.1302516106359,-0.684801898480116,14.4750366210938,12.9513854980469,1.52365112304688,7.6416180829985,-4.69663453116546,0.462715391922784,11.1414788236376,225.630073600901,169.764480685798,0.278995289547453,-0.214466797933579,-4.23792936150656,-0.0171889880993824,36.6954410325034,-0.737700459206357,0.694371177955746,B0Ve,xkcd:purple,xkcd:green,,,,,,,SAX J2103.5+4545
2.17817840918817E+018,324.87785209105,0.0115298647433519,56.986218529162,0.0118892854079604,-2.96404160147185,0.014118380844593,-2.20401867693379,0.014115204103291,0.104832921446429,0.0126644829288125,nan,nan,13.8162050247192,99.012208590436,3.31252563629621,14.5230188369751,12.9698038101196,1.55321502685547,9.53898819380909,-3.68358751547025,0.272807550116394,13.7221728775547,227.47687356616,136.818501121523,0.283027760463634,-0.152802127584153,-3.09182796638364,0.105674522926491,42.1156262445808,-0.87478730955024,0.319935154774056,B1-B2Ve,xkcd:light purple,xkcd:green,,,,,,,Cep X-4
2.20109157866714E+018,339.836829795925,0.0124574908986688,61.2740531188547,0.0121114272624254,-2.34428387554254,0.0153208766132593,-1.01527492097991,0.0141333490610123,0.103986164088302,0.0139743173494935,nan,nan,14.1045713424683,107.734430664731,2.36233225341507,15.0602874755859,13.1224393844605,1.93784809112549,9.61666399340236,-2.54485508577895,0.223970191508808,14.6399688873474,228.053873036283,123.966186603651,0.316552390074171,-0.157848450197159,-2.55323170701657,0.0794687601657688,19.6793827640398,-0.308175768836556,0.302349881540198,B0Ve,xkcd:purple,xkcd:green,,,,,,,SAX J2239.3+6116
2.20727787775796E+018,343.479670877685,0.015130958519876,62.726882349923,0.016191678121686,-2.02229209198325,0.0194144230335951,-0.949173573023043,0.0213413685560226,0.059695101709803,0.0180923640727997,nan,nan,14.5717449188232,109.923863408746,2.86155741133484,15.8168525695801,13.4666032791138,2.35024929046631,16.7517932185009,-2.23395176332103,0.00743614000575667,21.1919123219707,231.37856179945,85.1258382499685,0.186239491039772,-0.0898693755493426,-1.62398456002858,0.0778815614418798,63.2404083859672,-0.796206694332219,0.0194239541132195,B0-1III-Ve,xkcd:green,xkcd:green,,,,,,,IGR J22534+6243
2.93594399033834E+018,107.404071132024,0.0156380720436573,-16.0963277931541,0.0161227770149708,-1.83557676140376,0.0181141421198845,1.3651331368296,0.0171236544847488,0.315051170529979,0.0242136847227812,nan,nan,9.19280242919922,229.308603755608,-3.36343377606313,9.23965167999268,9.05224323272705,0.187408447265625,3.17408755637315,-2.06197060079966,-0.99055932165298,10.8356036538014,225.384454716944,-132.201927567051,0.0450697061143685,-0.436604939985999,-2.2248941544725,0.140211782632801,10.5933011380609,0.117853847558468,-0.694166164299783,,xkcd:red,xkcd:grey,,,,,,,MAXI J0709-159
3.05267731879345E+018,104.572029706681,0.0115294735878706,-7.20977338539521,0.0111089767888188,-0.63781305218674,0.015482977963984,1.25599469530996,0.0138441203162074,0.153848490370239,0.0151386698707938,nan,nan,11.9852333068848,220.128539557779,-1.76727809166356,12.5494899749756,11.2767648696899,1.27272510528564,6.49990128335666,-1.40859889174153,0.0133163948221086,14.1033830823048,227.720904500872,-87.0304242892662,0.111586147470195,-0.229519826117101,-1.12071806941596,0.0563902450425972,13.5819363131972,-0.399466969795764,0.186445975896612,O9.7Ve,xkcd:dark blue,xkcd:blue,,,,,,,MXB 0656-072
3.13175594740603E+018,98.8261638107314,0.0117182172834873,5.55174484414426,0.0120055675506592,-0.419412233266687,0.0133085856214166,0.404814888430784,0.0130388755351305,0.142444244252533,0.0149090066552162,nan,nan,12.4968299865723,206.152747510273,-1.04232673441577,13.0848541259766,11.7439031600952,1.34095096588135,7.02029067757308,-0.553037652523365,-0.184203882153509,15.1204203813075,228.342206716305,-55.6227708654061,0.223805506449728,-0.219777290730413,-0.470769587983364,0.0232100485586048,10.1932642211898,-0.306073570989729,0.0123633600182998,B1IIIe-B2Ve,xkcd:light green,xkcd:green,,,,,,,PSR J0635+0533
3.13182236477975E+018,98.2469024160878,0.0175137668848038,5.80032052835337,0.016286488622427,-0.0259341731515133,0.0201458651572466,-0.428360493640617,0.0161826852709055,0.540398343924541,0.0226344149559736,nan,nan,8.87978839874268,205.6665423996,-1.43952595781702,9.23600673675537,8.30982971191406,0.926177024841309,1.85048679597663,0.36738313766449,-0.221799287665403,10.1988961288892,224.851066010058,-80.2122798571518,0.864210366822082,-0.821436678226784,-0.783858853569554,0.0454615550733121,5.47415328067331,0.287031624411963,0.554175835488069,B0Vpe,xkcd:purple,xkcd:green,,,,,,,HESS J0632+057
3.42352654483856E+018,91.8608863419786,0.0158973932266235,22.0965972589203,0.013606945052743,0.573237721107288,0.0198978986591101,-0.608332889834028,0.0136701669543982,0.138119934134458,0.0180746391415596,nan,nan,12.166335105896,188.385321579363,0.81375073815519,12.454571723938,11.6554861068726,0.79908561706543,7.24008454150084,0.810432828264915,0.204619208835893,15.6975040460649,228.677117858675,-17.7426104547587,0.346163893229101,-0.226678237220359,-0.0485184486256069,-0.00608768004644985,23.129839847576,0.512787383661421,0.437385126102702,B0.5Ve,xkcd:purple,xkcd:green,,,,,,,IGR J06074+2205
3.43156156535722E+018,88.9793400429246,0.0253330785781145,28.7851074561774,0.0192791949957609,0.633500970878258,0.0344418473541737,-2.18886952971414,0.0211364347487688,0.597498298636425,0.0300620701164007,nan,nan,10.0100536346436,181.283966782389,1.85953081695746,10.0557098388672,9.86357116699219,0.192138671875,1.67364493301845,2.21114303317625,-0.550744754900904,10.1724126235178,224.828193193173,-4.15930204917474,1.68340525939159,-1.0029210857777,-0.00210260614380381,-0.00331512409397415,5.54296353140812,0.529840379928457,0.45549145497077,B5ne,xkcd:green,xkcd:green,,,,6.271726,6.1492877,6.4056687,HD 249179
3.44120761522981E+018,84.7273924582143,0.0202507004141808,26.3157752444017,0.0157888121902943,-0.589828789561314,0.030902111902833,-2.87955799330288,0.0162109397351742,0.524538078570811,0.0232505816966295,nan,nan,8.60199928283691,181.4450495669,-2.64353706645782,8.98754692077637,8.01044750213623,0.977099418640137,1.9064392860184,2.12603198111763,-2.02971432794246,10.403915664295,225.026227444532,-4.57726275581193,1.47438560240868,-0.783280760371747,-0.00257752519855497,0.00518197113518149,12.7621494225939,0.654223903907506,-1.25161553870589,O9.7IIIe,xkcd:bright blue,xkcd:blue,,,,,,,1A 0535+262
4.04096066237347E+018,265.755514652811,0.0815178528428078,-36.3728459151964,0.0571554973721504,-4.48260297576119,0.108550749719143,-1.6461457547451,0.0531751848757267,0.0152846596826915,0.0984680131077766,nan,nan,15.2212181091309,353.370063329925,-3.42028917242453,19.5216503143311,13.4309129714966,6.09073734283447,65.4250746015894,-3.74157929780692,2.96717199406962,56.8738478480584,240.493527125443,-3.89499046542184,-0.0475822987872885,-0.0262251290752856,-1.41650251705061,0.00415621007356224,1165.41072665268,-2.27749448196902,2.98924091307135,OI,xkcd:blue,xkcd:blue,,,,,,,XTE J1743-363
4.05455928475342E+018,263.864996882149,0.328695714473724,-32.9318231209059,0.262505441904068,-5.22990683662369,0.445142835378647,-8.58269967993417,0.336903840303421,0.0353369486239194,0.414841800928116,nan,nan,18.9148750305176,355.457601367089,-0.273041372857124,21.3163566589355,17.193675994873,4.1226806640625,28.298991252547,-10.0482950806916,-0.215465280393876,19.8367939470206,230.781001973234,-7.66157936345708,-0.107446746657621,-0.0570019735324149,-3.27416400204793,0.000353756077961647,894.504205809882,-6.66668433198601,-0.158817062939423,O8.5Iab(f) or O9Iab,xkcd:blue,xkcd:blue,,,,,,,IGR J17354-3255
4.05692210518569E+018,264.798129272514,0.0404327288269997,-30.3438132658494,0.0326970778405666,-0.427457180046508,0.0487387105822563,3.76003945083663,0.0332561321556568,0.515954942155974,0.0480206273496151,nan,nan,12.6433124542236,358.067753895708,0.445236117633344,15.0080585479736,11.2565689086914,3.75148963928223,1.93815373842799,2.95730542886505,2.36113551348212,6.56333211296236,221.006809398222,-9.57800208421621,-1.51917357212349,-0.818502367630684,-0.00922597692489372,0.00185143194930843,50.5025029789411,4.48570497791343,3.17778644916349,O8Iab(f),xkcd:blue,xkcd:blue,,,,,,,XTE J1739-302
4.06078434595955E+018,266.190685981538,0.0198618490248919,-27.2290321367955,0.0156803168356419,-0.85697418144193,0.023891095072031,-2.29582028573253,0.0155734727159143,0.787333882479544,0.0236992612481117,nan,nan,8.23456382751465,1.3578175114163,1.05195895479659,8.51140308380127,7.73541879653931,0.775984287261963,1.27010919033575,-2.40577351649925,-0.466314614128581,7.23052407308598,221.845449290868,6.12794516345657,-2.21587357378727,-1.22827071316265,-0.00392081278284816,-0.00279118008455948,4.73821037196322,-0.185979129929131,0.764747279118627,B0.5 III-Ve,xkcd:green,xkcd:green,,,,,,,HD 161103
4.06390881007642E+018,268.605298703025,0.0222459957003593,-26.3312743369477,0.0172605868428946,-0.505722074935919,0.0286290515214205,-0.667794468304362,0.0181980282068253,0.396327678000665,0.0266761779785156,nan,nan,11.6637258529663,3.23597988561468,-0.335557457403116,12.9466590881348,10.5423221588135,2.40433692932129,2.5231646829327,-0.831823855119818,0.0988602196487565,5.9825972692976,220.207277205677,17.5394288076937,-1.08435515008727,-0.64110731155164,-0.0299259088129295,0.0025589141860405,9.4441051432735,0.282457203780378,0.737408617014356,O9Ib,xkcd:blue,xkcd:blue,,,,,,,IGR J17544-2619
4.07077024367631E+018,269.643971045437,0.270389080047607,-21.389332109203,0.1902716755867,-2.36538712986673,0.351160138845444,-3.81050496147534,0.238551869988441,0.133383862286102,0.227346807718277,nan,nan,18.8137512207031,7.98621486794217,1.32659573989428,21.8037948608398,16.9907379150391,4.81305694580078,7.49715882311946,-4.48255485892972,0.147330486501899,1.49849280122377,208.600888578032,164.053888648962,-0.336769051038998,-0.205608353121103,-2.32057072849638,-0.0930406727189978,66.7699943883036,-1.82521507939434,0.445979512342001,,xkcd:grey,xkcd:grey,,,,,,,IGR J17586-2129
4.07096877856114E+018,270.674736858334,0.104678802192211,-20.2881667969959,0.0884761214256287,-3.40654039565768,0.122498385608196,-5.48882051248648,0.0934834554791451,-0.0207466569795343,0.13062472641468,nan,nan,16.801586151123,9.42045148331061,1.03610260584004,19.1743698120117,15.3850498199463,3.78931999206543,-48.2005366448415,-6.45498677914389,0.254585479981639,56.5951262780032,240.447284341427,5.55856992118253,0.0509862845597433,0.032239819818963,-0.0126972776335595,-0.0024219298081691,-1484.41078251973,-6.49327578607008,0.224767589970845,B1Ib,xkcd:red,xkcd:red,1.57,1.32,1.82,,,,IGR J18027-2016
4.09736523522683E+018,274.6579027264,0.151397898793221,-17.0466781588456,0.135821044445038,-1.57163443810628,0.175187885761261,-4.59535406509451,0.130126476287842,0.404987587648028,0.165428206324577,nan,nan,15.9191846847534,14.0804425124464,-0.704044807799442,20.1265125274658,14.282717704773,5.84379482269287,2.46921147832583,-4.79083494938927,-0.797003311368618,6.13463490641772,220.423570362871,73.7743594558562,-0.902586012822464,-0.663769577513703,-0.535414798984525,0.0216658479640184,39.2836365442614,-3.35283413758228,-0.154899581818934,B0.5Iab,xkcd:red,xkcd:red,,,,1.8718317,1.8317828,1.9118897,SAX J1818.6-1703
4.10419642794363E+018,276.562768120167,0.0127483708783984,-14.8484382483141,0.011323812417686,7.42531274953473,0.0141744688153267,-8.15122588432891,0.0116738481447101,0.49002561001804,0.0150144230574369,nan,nan,10.7986860275269,16.8815644722106,-1.28925526050965,11.4532623291016,9.99760341644287,1.45565891265869,2.04070966813997,-3.73274925012733,-10.375178836118,6.57447412123776,221.021474938355,82.3370934667535,-1.0211634982115,-0.818721450272736,-0.683903910418156,0.0435230372006574,94.9090378769472,-2.02768184149767,-9.5999804230459,ON6V((f))z,xkcd:blue,xkcd:blue,,,,,,,LS 5039
4.14678914190065E+018,271.162408961489,0.231832057237625,-14.9464336382636,0.197314217686653,2.81639496959527,0.324207335710526,0.524866936761879,0.214282050728798,0.356373398440697,0.256377756595612,nan,nan,19.0997657775879,14.3068779307916,3.25177533997112,20.1196136474609,17.9701118469238,2.14950180053711,2.80604558133541,1.83552724511743,-2.19963761981353,5.82663332652962,219.979841077655,78.6446159025473,-0.790138843924413,-0.511516983212162,-0.600155036906905,-0.106378750145331,47.7858890428499,3.22582112594875,-1.58174188645604,,xkcd:grey,xkcd:grey,,,,,,,IGR J18048-1455
4.15264311359558E+018,275.332342500449,0.229868799448013,-13.3108909567507,0.21091765165329,-4.75717570226309,0.257161200046539,-7.12695978743529,0.221761956810951,0.111833018701905,0.210150808095932,nan,nan,18.370080947876,17.6812294436553,0.485263309986418,21.1421661376953,16.7425308227539,4.39963531494141,8.94190295144884,-8.52893316113493,0.825575924318887,2.71581361755714,213.508660828702,202.300145079675,-0.228322534330353,-0.176422389347441,-6.55698962931467,-0.0284368232383684,85.8433566415056,-1.7436209974899,1.0304351369047,B0V-O9I,xkcd:red,xkcd:red,,,,,,,IGR J18214-1318
4.15500084448117E+018,278.365699548264,0.153526201844215,-10.5901247948528,0.147455543279648,0.93733457792267,0.17834846675396,-0.605058544140186,0.14974719285965,1.07742093949552,0.194355592131615,nan,nan,11.7174186706543,21.4706752808136,-0.874250826718959,12.6893873214722,10.7011289596558,1.98825836181641,0.928142347473061,-0.101605009499247,-1.11102132061053,7.64391784970455,222.328519535612,89.6955056325483,-1.97826272076395,-1.7794309623738,-0.859463181405375,0.0312778197849373,12.3593198370945,2.73612089267008,0.637131821978334,B0.5Ve,xkcd:purple,xkcd:green,,,,,,,SS 397
4.15502379679098E+018,278.36791853438,0.0239605382084846,-10.4024329508603,0.0206461064517498,0.0141295980249548,0.0270408280193806,-0.103504037240014,0.0225284174084663,0.473563436452154,0.0280083157122135,nan,nan,10.9616355895996,21.6382468313831,-0.789641789071259,11.9063816070557,9.9917573928833,1.91462421417236,2.11164951308701,-0.0851571918585613,-0.0605060653165717,6.58354459750874,221.033396229704,104.429387276819,-0.865119274815216,-0.779955158466195,-1.10198913159367,0.0325148287577349,20.0524874569062,1.88195121455033,0.686934264391888,B0Ve,xkcd:purple,xkcd:green,,,,,,,NGC 6649 9
4.15674721254511E+018,278.857601759626,2.86179137229919,-7.61400454597743,2.1571056842804,nan,nan,nan,nan,nan,nan,nan,nan,20.3870506286621,24.3360258671413,0.0656992097830732,22.3417282104492,18.3519191741943,3.98980903625488,nan,nan,nan,nan,nan,nan,nan,nan,nan,nan,nan,nan,nan,M5III-V,xkcd:grey,xkcd:grey,,,,,,,Sct X-1
4.2534738962145E+018,280.195356896129,0.0128009179607034,-5.68062809306728,0.0119924545288086,-1.02495386796498,0.0162445139139891,-2.9397122252012,0.0154404155910015,0.232608817454707,0.0145410448312759,2.28282141685486,28.6656799316406,11.2298755645752,26.6635655080926,-0.227489468969163,11.9718084335327,10.3598222732544,1.61198616027832,4.29906316941196,-3.0811369812474,-0.446131484254841,5.04183284652658,218.73842900008,164.521177188925,-0.35859178916461,-0.376026004694236,-2.58805319931364,0.0131938280845666,3.22370612079272,-0.134491992769149,-0.0832993076451714,B5V,xckd:black,xkcd:red,,,,,,,IGR J18406-0539
4.25589192406262E+018,283.87668002005,0.0142357917502522,-2.60467941939779,0.0142561085522175,-2.51920039644111,0.0168392956256866,-6.76600868849997,0.0155632207170129,0.0777743049957114,0.0161192826926708,nan,nan,13.4406642913818,31.076346942398,-2.09206044411059,14.7762622833252,12.3092708587647,2.46699142456055,12.8577169549139,-7.16741516694945,-0.867988499272409,7.08977332713176,221.67490236805,135.985391482638,-0.0996526693857906,-0.134363735461537,-5.93116161224814,0.0135298550755465,82.8972248312377,-1.13660088531552,-0.747154618886419,B0Iaep,xkcd:green,xkcd:red,1.41,1.17,1.65,,,,XTE J1855-026
4.2565005381167E+018,280.251804741005,0.0393262393772602,-5.59626686559195,0.0332355201244354,-2.06804313457078,0.0464301072061062,-5.37648711769789,0.0403143279254437,-0.0698917346894323,0.0401991456747055,nan,nan,12.9651737213135,26.7642849566693,-0.238811015804826,14.4266357421875,11.7253093719482,2.70132637023926,-14.3078434731024,-5.72441193138757,-0.643835517041741,22.2291225678066,231.811631060671,38.9495830377118,0.107337183949654,0.113030750866423,-0.299080037621615,0.0037604805652875,-378.750407853723,-5.53266907771561,-0.760626748473452,B1Ib,xkcd:red,xkcd:red,,,,,,,AX J1841.0-0536
4.25816056014816E+018,281.256619166061,0.0188910271972418,-4.56575904237435,0.0191582217812538,-1.36615954656752,0.0243634264916182,-5.5949807385252,0.0221165549010038,0.163988851927403,0.0236813668161631,nan,nan,12.755313873291,28.138378126061,-0.657909137635806,14.2620782852173,11.5761222839355,2.68595600128174,6.09797549191147,-5.59621697067098,-1.36108669390297,4.2453455895579,217.272128285435,204.13102621464,-0.238694539935374,-0.269249577620419,-4.2059101135205,0.041306640973837,46.6985125175943,-1.15161231721511,-1.13314375725638,O9.5I,xkcd:blue,xkcd:blue,,,,,,,AX J1845.0-0433
4.25842850169317E+018,282.071686121664,0.136531233787537,-3.17136768373851,0.14190861582756,-1.68722523585659,0.159146711230278,-3.65227727220365,0.137222141027451,0.368105383243271,0.176143288612366,nan,nan,17.0244579315186,29.7503178396399,-0.745343587302452,21.0940647125244,15.3608102798462,5.73325443267822,2.71661335454887,-4.01909741482276,-0.180870781862928,6.28782399414771,220.636355020567,146.925480377379,-0.50076902460308,-0.606451131655337,-2.16245184573802,0.0388001018892276,18.1557578148834,-1.35587654448165,0.386780247903181,B0.5-1Iab,xkcd:red,xkcd:red,,,,3.4132354,3.3021882,3.689229,IGR J18483-0311
4.25908899463537E+018,281.553301032385,0.0937614962458611,-2.37390974487592,0.0970407798886299,-1.60149070677697,0.117346428334713,-2.15043263327386,0.101321339607239,0.676435593567255,0.120996609330177,nan,nan,17.6509037017822,30.223728405544,0.0792308408171613,19.0026378631592,16.4829254150391,2.51971244812012,1.47833734580168,-2.6462259339821,0.431996875524203,7.2608546338567,221.881782737148,129.670818634148,-0.901175261132575,-1.08138666862934,-1.76259195715956,-0.00372967412015198,10.6316068872014,0.0175412843100329,1.5171132182737,,xkcd:grey,xkcd:grey,,,,0.94908106,0.90901417,0.9890868,IGR J18462-0223
4.26877469564777E+018,285.914128035329,0.193550139665604,3.20435796814353,0.190415024757385,-1.79013593059749,0.250832051038742,-4.33655644933997,0.240711718797684,0.000469042053975022,0.213888823986053,nan,nan,18.5422344207764,37.1772046829092,-1.25279034477364,20.8004875183105,17.0940093994141,3.70647811889648,2132.00499086432,-4.67263585574412,-0.420455286496164,2124.72902393692,277.127344167098,-0.627157922168041,-0.000426475004706339,-0.00078826792491161,-0.03912477239904,-0.000286468038123472,47012.0039030698,-4.63308460834038,-0.419380550533128,B8-9 IVe,xkcd:dark purple,xkcd:green,,,,,,,4U 1901+03
4.2785360224388E+018,281.403473368695,0.168065920472145,0.863159468020407,0.18489982187748,-1.92230537648786,0.191872254014015,-3.98158267051355,0.170406982302666,0.0861434893608914,0.215895906090736,nan,nan,18.6067752838135,33.0363694252139,1.6893586565524,20.936840057373,17.2300148010254,3.70682525634766,11.6085383517561,-4.41957707634412,-0.124887905185011,6.44388390934304,220.848066914968,157.578424367456,-0.10019843168634,-0.129237101048822,-6.13276105665199,-0.020503877410393,99.7897801603405,1.81338241199421,0.0248530732742032,B0-2IV-Ve,xkcd:purple,xkcd:green,,,,,,,Ginga 1843+009
4.29340661228398E+018,287.956506369912,0.0183963794261217,4.98270852725688,0.0183682143688202,-3.02692589441218,0.023585632443428,-4.77684459167976,0.023861438035965,0.118177112477639,0.0232691373676062,nan,nan,12.6027488708496,39.6940731052939,-2.24459420881977,14.1550960540771,11.3915977478027,2.76349830627441,8.46187539223564,-5.6373650805151,0.447928088326819,5.75667867162889,219.87592293242,205.825376352991,-0.0889295165040881,-0.205933379888114,-6.04972852459426,0.0653845933341542,31.0063139366819,0.501292960583248,0.588476874880778,A3-7 I,xkcd:grey,xkcd:grey,4.2,3.8,4.6,,,,SS 433
4.30641998091625E+018,287.700871856334,0.663286685943604,7.59765630241121,0.815861284732819,-3.78642022689989,0.86472761631012,-9.02783021899585,0.9569331407547,0.521782413240107,0.740131258964539,nan,nan,20.1543197631836,41.8969898647798,-0.811636636605068,21.8376750946045,18.3861351013184,3.45153999328613,1.9165076756618,-9.75075882111767,-0.872581807103025,7.18842231063657,221.794771528273,173.686344196288,-0.320438789270007,-0.863226248731417,-3.16733000581929,0.0417985151264232,56.896442200826,-6.26299002602838,-0.0511540734980303,O7.5-9.5If,xkcd:blue,xkcd:blue,,,,,,,4U 1909+07
4.30922521733673E+018,287.404730386152,0.0596514828503132,9.83201118533313,0.0655124932527542,-2.74856578193022,0.0739301517605782,-2.4554431761787,0.0764160305261612,0.232628284664474,0.0731371194124222,nan,nan,16.7939376831055,43.7438186924689,0.479646763001869,19.099142074585,15.4191513061523,3.67999076843262,4.29870340763732,-3.45491320541685,1.28350683366957,6.15914532599715,220.457956784881,208.874405857031,-0.115708775540512,-0.365908490138925,-4.5710306337288,-0.0237523238653408,42.3351499095339,1.23182620385246,1.67316764767383,O8-9 Ia,xkcd:blue,xkcd:blue,,,,3.1589592,2.932491,3.2609866,4U 1907+09
4.30925339232565E+018,288.51760590601,0.303882926702499,9.8828643736502,0.336664140224457,-1.59727299907614,0.382223159074783,-5.51562439117996,0.431992381811142,0.360906007310292,0.385017484426498,nan,nan,18.248119354248,44.2963470352184,-0.468771834122538,21.4979991912842,16.3609447479248,5.13705444335938,2.77080453011202,-5.6190804006489,-1.18293233500498,6.79809645929568,221.31087513219,191.744449841235,-0.166872162349678,-0.589380460125328,-3.82581645346086,0.0239610288013084,22.8482315441542,-1.62639178483836,-0.617512903680958,B0.5Ia,xkcd:red,xkcd:red,,,,,,,IGR J19140+0951
4.31011857053545E+018,284.756808826085,0.296373099088669,8.24545725431252,0.337338805198669,-1.99033077475536,0.368286281824112,-3.25550433724122,0.362673729658127,-0.0909513141780716,0.377998292446136,nan,nan,19.4701385498047,41.134383384327,2.07644580519034,20.9979305267334,18.0068607330322,2.99106979370117,-10.9948933562645,-3.80653328574558,0.264630737529931,18.2664641324628,230.037404478111,68.9590577948035,0.0602228155116547,0.133858221200145,-0.839876357564553,-0.053796126660194,-158.041235498163,-3.02687974369268,0.18456864298998,B0-2Ve,xkcd:purple,xkcd:green,,,,,,,XTE J1859+083
4.31064915364282E+018,286.197768753988,0.559350609779358,9.04491104040267,0.617903649806976,-0.874052603178461,0.726187646389008,-4.77699272161321,0.812367379665375,0.327519561729448,0.612746953964233,nan,nan,19.7567291259766,42.4971885000162,1.17487219356988,21.7050685882568,18.2563037872314,3.44876480102539,3.05325274227762,-4.63699351285265,-1.44288550385365,6.58074152688398,221.029713850347,191.375140971259,-0.18873412274546,-0.50072831635294,-3.78342441059964,-0.0614098253935713,15.9703736940215,-0.66483497950755,-0.88074736210714,Be?,xkcd:green,xkcd:red,,,,,,,XTE J1906+090
4.3233166227795E+018,292.482926107224,0.648832380771637,18.3106059763334,0.790137648582459,-3.09178608084924,0.822130858898163,-4.18276211202214,1.04115784168243,0.247564035940722,0.800598323345184,nan,nan,20.3141269683838,53.5400742245224,0.115022183035207,21.7170181274414,18.780445098877,2.93657302856445,4.03935893273062,-5.15851832253277,0.666579906383873,6.91079655226067,221.453277278329,217.339630336701,0.0315567726960902,-0.395117529816926,-5.14586411469368,-0.00426624009297281,20.4270854775133,-0.0442109805351842,1.06596367629377,B1Ve,xkcd:light purple,xkcd:green,,,,,,,IGR J19294+1816
4.51278762757974E+018,287.828432130137,0.036209411919117,15.5424152324057,0.0378365404903889,-2.33165519073801,0.049541350454092,-5.02614182194111,0.0454083234071732,-0.118936023652107,0.0480624996125698,nan,nan,13.4966402053833,49.0037913172476,2.74628608592793,14.906008720398,12.3057098388672,2.60029888153076,-8.40788155929141,-5.53332654666477,-0.284631113436089,15.3765564241694,228.492344769394,93.6035826275687,0.019330649184757,0.169621745741759,-1.39710195426319,-0.0892753080573711,-166.250366765301,-4.15555524158634,-0.364977551120476,Be,xkcd:green,xkcd:green,,,,,,,UCAC4 528-094936
5.25550990112177E+018,154.731559268172,0.00934557057917118,-58.946094208563,0.00943858548998833,-6.45430652031359,0.013439311645925,2.25600794946,0.0133515996858478,0.227317840523429,0.010232986882329,nan,nan,12.2692308425903,284.351776705235,-1.69008026604632,12.8824777603149,11.4959859848022,1.3864917755127,4.39912678079894,-6.64880432101625,-1.59406575367045,8.54729240986865,223.302267636986,-212.964057086905,-0.66344435179182,-0.34946803248438,-5.44467583724813,0.00166798853919373,28.3272170162613,-0.540684131976295,-1.24626570972527,O6V((f)),xkcd:blue,xkcd:blue,,,,,,,1FGL J1018.6-5856
5.25841419235342E+018,152.445644537043,0.0116544654592872,-58.2932074753388,0.0111605329439044,-4.70185742761881,0.016455015167594,3.55879066262725,0.0140973320230842,0.242501630682369,0.0131830982863903,nan,nan,13.8771963119507,283.000024808004,-1.82167281031082,15.2431592941284,12.7328062057495,2.51035308837891,4.12368361064677,-5.89136185982202,0.253593546233991,8.57180636819187,223.327289492523,-213.580800951976,-0.694891785228667,-0.371024511576692,-5.43589053777389,0.00292043855719212,13.0218308165339,0.23942046318054,0.621697619253491,B0 IIIVe,xkcd:green,xkcd:green,,,,,,,GRO J1008-57
5.25900954353318E+018,152.549415991497,0.0686446130275726,-56.9255424703239,0.0640405938029289,-5.50326527192181,0.0944296643137932,3.09804159267096,0.0812779515981674,0.132702566365638,0.0749907270073891,nan,nan,17.1935787200928,282.256777069119,-0.67212532523354,19.811674118042,15.7392377853394,4.07243633270264,7.53564928989149,-6.28961537027354,-0.569674343005455,10.0912843091983,224.757767973239,-182.890271629396,-0.37629893272952,-0.209145786877039,-4.80556637543286,0.0111334251072468,41.7353415260205,-1.10775006211115,-0.371661981235663,B0.5Ve or B0Ivpe,xkcd:bright green,xkcd:green,,,,2.3804326,2.3404226,2.4204452,IGR J10101-5654
5.31138433326308E+018,136.278404434914,0.00972645357251167,-53.5054130837487,0.0108986813575029,-1.99553179413582,0.0123931132256985,2.27329174942557,0.0136849973350763,0.0530456833145595,0.0115961916744709,nan,nan,13.1453456878662,273.076123439858,-4.30387823191231,13.3242607116699,12.7984437942505,0.525816917419434,18.851675339349,-3.02426052132923,0.0620549638845383,20.2110096741159,230.949845485214,-94.5778557704337,-0.128856818291025,-0.0738935763967371,-2.3732179090952,0.106906311327448,46.7330356001756,-0.522185793943005,0.0290422289538277,B1.5-2 III-Ve,xkcd:bright:green,xkcd:green,,,,,,,MAXI J0903-531
5.33366012960358E+018,172.778740855405,0.0360070653259754,-62.9469190226404,0.0389475859701633,-6.09783274255389,0.0483379736542702,1.37265911760736,0.0483455955982208,0.573224607805338,0.0467007234692574,-17.9429340362549,4.48315334320068,8.12681102752686,293.944898298184,-1.48519679085559,8.11396312713623,8.07503128051758,0.0389318466186523,1.7445168724152,-6.23084986606538,-0.494233908049626,7.95354620552753,222.674167759605,-215.457869982361,-1.86118753132621,-0.893565044544038,-5.0934403652563,-0.0433002509373616,7.0154018572807,0.72377803051713,0.442631387431773,B0IIIne,xkcd:green,xkcd:green,,,,,,,IGR J11305-6256
5.3348238596085E+018,177.000030015492,0.0140492422506213,-62.2069102259231,0.0142566952854395,-6.22601369243518,0.0170297678560019,1.59821852960473,0.0179169587790966,0.47542377023483,0.0174368191510439,nan,nan,8.65268230438232,295.611078547337,-0.240241076333749,8.82328796386719,8.294997215271,0.528290748596191,2.1033866260117,-6.4270938442638,0.100068395553397,7.82417541169725,222.531346912571,-216.062618805515,-1.56645375868933,-0.759081840935541,-5.10817233627352,-0.00720658730637682,8.9832683691838,0.247532250699058,0.866356823795315,B0.2 III,xkcd:red,xkcd:red,,,,,,,4U 1145-619
5.33485145048164E+018,176.868940426336,0.00754196848720312,-61.9537192258319,0.00899882894009352,-6.22558025199072,0.0104142930358648,2.36153768503736,0.0119207520037889,0.126695599448998,0.0102340122684836,nan,nan,12.2552938461304,295.489728097216,-0.00970401441105653,13.3096160888672,11.2277631759644,2.08185291290283,7.89293396415522,-6.60660974472899,0.829106382004412,8.76380012041922,223.520916759777,-193.752822016882,-0.417013076067761,-0.203106086621822,-5.37222202112823,2.70609208418338E-05,49.2583363505962,-0.817374647533001,1.03218540770539,B2Iae,xkcd:dark green,xkcd:green,,,,,,,1E 1145.1-6141
5.33502166427492E+018,176.001171818024,0.0236317832022905,-61.1267957891054,0.0237989742308855,-6.13031524734607,0.0301841218024492,1.14618851273808,0.0292552150785923,0.0601321822388077,0.0308390930294991,nan,nan,15.65842628479,294.881409958613,0.686527293309455,16.6582145690918,14.6569185256958,2.001296043396,16.6300300898547,-6.22287732253416,-0.412687493469991,15.160101990969,228.365625887876,-114.20020822537,-0.19688385898911,-0.0975922095061205,-3.57746919161965,-0.0133274967762757,194.468515875938,-2.4485242719254,-0.301767787187595,B0.5Ve,xkcd:purple,xkcd:green,,,,4.5829844,4.508091,4.6574917,IGR J11435-6109
5.33695701089812E+018,170.23817252152,0.00877415761351585,-61.9167067105561,0.0095447413623333,-5.42103206154765,0.0124381640926003,1.37000310738789,0.0117679852992296,0.329258225981029,0.0114637278020382,nan,nan,11.5893630981445,292.498527146747,-0.891806711707027,12.2709341049194,10.7599020004272,1.51103210449219,3.03712989104672,-5.5679516749936,-0.512260940845554,7.85602538945456,222.566717516045,-220.472622235497,-1.0546111023836,-0.518744130844093,-5.42859765724025,-0.0180134698877469,13.1807555466625,0.91525708463024,0.0244966598862851,O9.5Ve,xkcd:dark blue,xkcd:blue,,,,,,,1A 1118-61
5.33749859344652E+018,170.312855278901,0.0116338999941945,-60.6237758263932,0.0111722042784095,-3.12091299579838,0.0154751101508737,2.33059879260672,0.0140115572139621,0.138719248696785,0.0136982779949903,nan,nan,12.8788967132568,292.090327913925,0.335524560942848,13.6212911605835,12.0125226974487,1.60876846313477,7.2088049019485,-3.71725684499806,1.16352490637639,8.83905426226335,223.595701556364,-197.242244408377,-0.442547115099014,-0.223878832062571,-5.34383706241072,-0.00134008480802681,85.1498374920713,2.06912733251168,1.38874382324699,O6.5 II-III,xkcd:blue,xkcd:blue,1.57,1.41,1.73,,,,Cen X-3
5.33774773156072E+018,166.80799982117,0.0230837166309357,-59.8730981739242,0.0225291177630424,-6.74777378989815,0.0300554167479277,1.69254609683317,0.0269465129822493,0.310980326984349,0.028121255338192,nan,nan,7.34909629821777,290.197252957618,0.396928103452444,7.41835069656372,7.15771627426147,0.260634422302246,3.215637496099,-6.88324011413662,-1.00904357719681,7.98227572192535,222.705581191436,-220.54759208499,-0.973050028612294,-0.50271274705802,-5.49135091049699,0.00608658249624861,10.0874505731858,-0.418839175027344,-0.51241741263504,O8.5f(n)p,xkcd:black,xkcd:blue,6.2,5.5,7.1,,,,HD 96670
5.33904722116879E+018,170.445053830917,0.00973532907664776,-59.8633129905709,0.0107302265241742,-5.14724176725317,0.0123457089066505,2.72689845617618,0.0126490592956543,0.12325602732129,0.0123276952654123,-0.196225270628929,3.09710240364075,9.77065181732178,291.893196715674,1.07292114123514,10.1257019042969,9.21552658081055,0.910175323486328,8.11319350244275,-5.75860630935494,0.876656360673379,9.30757578664622,224.047982783962,-187.827249300048,-0.392449408257805,-0.201774635636936,-5.17175205763684,-0.00862404603050926,42.4676135506564,-0.194404843460295,1.08705504234082,B0.5Ia,xkcd:red,xkcd:red,,,,,,,IGR J11215-5952
5.35201812117352E+018,159.397092634395,0.0146145084872842,-56.7988392857182,0.014147087931633,-6.30502355986849,0.0206274725496769,3.01038834246507,0.0177810564637184,0.171142914388726,0.0162161719053984,nan,nan,11.2432270050049,285.352682910054,1.43348209882323,11.551794052124,10.7430391311646,0.808754920959473,5.84306983185202,-6.97539845933274,-0.399470144672561,8.94869573271389,223.703571716122,-202.770520803912,-0.506038876694833,-0.283583489688982,-5.2921052455418,-0.00960812040277287,32.7380091707987,-1.17725433709611,-0.106278534580806,B0V-IIIe,xkcd:purple,xkcd:green,,,,,,,LS 1698
5.48943471075524E+018,116.848236363451,0.0192684810608625,-53.3324128086176,0.0199943780899048,-4.57228740850434,0.026735246181488,8.52987858040852,0.0275673922151327,1.5359764009981,0.0210557673126459,nan,nan,7.53799962997437,266.312575030138,-13.7258484421054,7.55022192001343,7.45618391036987,0.0940380096435547,0.651051669381241,-9.67789490675736,-0.0546892698746094,8.56396452061776,223.319292657772,-212.794535626022,-3.20901784591396,-1.29549350379754,-5.38437657776839,0.126080446889823,4.79942630308742,-1.08450048307501,1.11472378703311,B7 IV-Ve,xkcd:dark purple,xkcd:green,,,,,,,CCDM J07474-5320A
5.52230601962657E+018,130.199084389219,0.0141695067286491,-45.0583716599445,0.0142100788652897,-7.46465341318244,0.0196477007120848,6.09961086108992,0.0192536227405071,0.442975990896302,0.0167868807911873,nan,nan,7.45219945907593,264.040512370779,-1.95014456595405,7.564453125,7.1916241645813,0.372828960418701,2.25745868975119,-9.41365063140279,-2.07592991826612,9.01789280339758,223.770999299627,-207.524626876962,-0.871897193923508,-0.663261692375233,-5.02416036343034,0.0399637439305844,40.7226868428236,-3.51759307404894,-1.45263196982147,O8.5Ib-II(f)p,xkcd:blue,xkcd:blue,,,,,,,IGR J08408-4503
5.52344827476213E+018,128.979128827222,0.171102002263069,-43.1881769476387,0.208105653524399,-3.23516805525017,0.21527673304081,3.75522218887544,0.265607744455338,1.10501511253158,0.216922089457512,nan,nan,19.1511402130127,262.021448647877,-1.51265962330972,20.6973361968994,17.9845542907715,2.71278190612793,0.904964998812555,-4.94874744910303,-0.279114167554954,8.67196857188049,223.428817760848,-214.677443287417,-2.05331032201488,-1.67902715600564,-5.21091116813917,0.0265881223988316,11.5478856569145,2.31547404105102,1.37332486605185,B0-2III-Ve,xkcd:green,xkcd:green,,,,,,,Ginga 0834-430
5.54179321395999E+018,126.556879508698,0.00646871188655496,-37.6199504918807,0.00886186771094799,-2.36663018596386,0.00906615611165762,3.17698570859761,0.0125357815995812,0.177712763868037,0.00965082086622715,nan,nan,12.1630668640137,256.43820623625,0.285184102779636,12.600489616394,11.5265531539917,1.07393646240234,5.6270578332942,-3.96129548360722,-0.0481115506078175,11.2403026320786,225.708046374436,-163.834137268533,-0.27405829171817,-0.287876538790656,-3.65766185521949,-0.00972978333602427,6.70117980232168,-0.0295753366695575,0.249494771518863,OBV,xkcd:black,xkcd:blue,,,,,,,IGR J08262-3736
5.54826140035413E+018,123.118148769228,0.00745985517278314,-31.247806699969,0.00995717570185661,-1.45548301423254,0.0113490857183933,2.1457195379781,0.0157471131533384,0.118368855338832,0.0122621273621917,nan,nan,12.4212942123413,249.578199927053,1.54281537615692,12.635214805603,12.0462207794189,0.588994026184082,8.44816820385306,-2.59276249967736,-0.0112143054711046,13.9163348543507,227.60196844672,-128.222001557255,-0.134245836335368,-0.200823948222598,-2.58880745498242,-0.0539523105214644,11.0610867745723,0.130290791640428,0.243561953272958,B0.2IVe,xkcd:purple,xkcd:green,,,,,,,LS 992
5.59725230558939E+018,118.927021813678,0.0087154870852828,-29.5648583556619,0.0115577168762684,-2.65351574662878,0.0113105298951268,2.89248924872299,0.014539279974997,0.285383366518382,0.0139105161651969,nan,nan,9.9385871887207,246.225570610328,-0.615121758135077,10.2711992263794,9.41109275817871,0.860106468200684,3.50405846072879,-3.85576690054398,-0.73532406478673,10.4182573959483,225.038356111507,-166.048477810929,-0.264963790238615,-0.446691482380887,-3.47176941158344,0.0239608539873849,5.55562664375842,-0.119033698721928,-0.312593436393228,B0Ve,xkcd:purple,xkcd:green,,,,,,,SGR 0755-2933
5.61349411955181E+018,112.223240753548,0.00904984399676323,-26.1080190428099,0.013213437050581,-0.88096036497237,0.0120748542249203,1.78525550921149,0.0182784982025623,0.0957591163880829,0.0171039346605539,nan,nan,11.6022062301636,240.281580252283,-4.05042945150006,11.8932847976685,11.1093053817749,0.783979415893555,10.4428699607806,-1.98882151976449,0.0884158376304689,16.3874149465569,229.062321957453,-101.067881933563,-0.0532829632283709,-0.128659912136112,-1.7691336457602,0.131226415844446,9.26848002504033,-0.166404910775919,0.0858493339221348,O5Ve,xkcd:dark blue,xkcd:blue,,,,,,,4U 0728-25
5.62065767832263E+018,135.528558797508,0.0108602056279778,-40.5546529611755,0.0126748671755195,-4.82217807166809,0.0147437760606408,9.28173305517294,0.0162332411855459,0.496239991909344,0.0151609843596816,nan,nan,6.73512840270996,263.058246614323,3.92986441819685,6.99706792831421,6.27661228179932,0.720455646514893,2.01515399061728,-10.1280768266107,2.61266715381782,8.96785486247252,223.72229091669,-207.875272284406,-0.950302866970266,-0.900019810560251,-5.02997362638389,-0.0817481117019782,52.4257222034959,-4.14780033325652,3.59443507608005,B0.5 Ib,xkcd:red,xkcd:red,,1.7,2.1,,,,HD 77581
5.83760015293577E+018,189.810241842796,0.0222426559776068,-75.370630193208,0.0257011782377958,-27.3402778942227,0.0337357893586159,-8.93434081735485,0.0398391075432301,4.77404346153494,0.0273078419268131,nan,nan,6.54322862625122,302.143383413826,-12.5175576552678,6.55559873580933,6.39478063583374,0.160818099975586,0.209466044466734,-26.9734998063102,-9.9871692372243,8.39299090343556,223.143168500883,-185.025658992796,-16.4979566768179,-6.21320895290363,-3.99036416319971,-0.518454609667387,7.20469072334076,-6.48517896629264,-3.25550567465328,B8Vn(e),xkcd:dark purple,xkcd:red,,,,,,,HR 4804
5.85417518768051E+018,215.301400702724,0.0445520356297493,-62.6988794017231,0.0705314502120018,-6.42594798949636,0.0572441779077053,-4.33203870761924,0.0964999124407768,0.0839427552266794,0.105952806770802,nan,nan,17.7568340301514,313.020050736839,-1.5986266459253,nan,nan,nan,11.9128803587587,-7.53151747165376,-1.8263656540238,8.71439146077974,223.471480048932,-157.732851041838,-0.304154350277511,-0.133267279413242,-5.39149537082448,0.0019550223702954,141.09552139997,-1.83586775055178,-1.69505339698085,B1Ve,xkcd:light purple,xkcd:green,,,,,,,2S 1417-624
5.86228570083509E+018,195.4946052393,0.0599462650716305,-63.969121676234,0.0652280524373055,-6.28752790312752,0.0762584656476975,-0.58420412163721,0.0920886024832726,0.0756026505247394,0.0842074975371361,nan,nan,17.3066940307617,304.08825128367,-1.12103961509214,19.5360260009766,15.8893013000488,3.64672470092773,13.2270494891283,-6.30894479339576,-0.267426966160071,11.0061337528337,225.522200282878,-142.438159359227,-0.264237227806359,-0.119570401668467,-4.66496256985318,0.0129462413756559,87.0902958165071,-1.37974499573622,-0.16080280586726,B0-6Ve,xkcd:purple,xkcd:green,,,,3.6603947,3.2546206,3.867464,2RXP J130159.6-635806
5.86229996012797E+018,195.698488515363,0.00893432088196278,-63.835731233767,0.00997483357787132,-7.09282066286365,0.0117595940828323,-0.341950926400878,0.014234627597034,0.443444777649939,0.0133090764284134,nan,nan,9.63283538818359,304.183544816546,-0.991582242881339,10.1539297103882,8.91300010681152,1.24092960357666,2.25507222184362,-7.1009602086679,0.0374099789776786,7.46980615268598,222.128197220579,-207.289125767677,-1.55068301679961,-0.702511495073521,-4.6184263369604,-0.0406359570364417,12.9933033430288,-0.931850854907888,0.780557431087642,O9.5Ve,xkcd:dark blue,xkcd:blue,,,,,,,PSR B1259-63
5.86292853718358E+018,191.015786115705,0.0150052383542061,-63.3755990724057,0.0179296787828207,-6.35705476736453,0.0194447562098503,-0.297800589929299,0.0252505112439394,0.123355440156742,0.0221851021051407,nan,nan,15.0821447372437,302.105767799169,-0.515679555300212,16.7297954559326,13.8481378555298,2.88165760040283,8.10665503466525,-6.35019670686709,-0.419323610983994,8.04487679567833,222.773655991314,-197.553669791737,-0.426188345266123,-0.196423243870272,-5.59716906578143,-0.00246934708534758,15.1483303695133,-0.326839295819537,-0.220431020028374,Be,xkcd:green,xkcd:green,,,,,,,SRGA J124404.1-632232
5.86353319984307E+018,195.321196495064,0.00898662861436605,-61.6018448132282,0.0108672939240932,-4.34069226405524,0.0121049806475639,-0.236113209203886,0.0152098182588816,0.539513589171651,0.0140796927735209,nan,nan,12.6476793289185,304.102701024868,1.24751881419095,13.952112197876,11.5193853378296,2.43272686004639,1.85352143128658,-4.34701019070872,-0.0293458798490951,7.61716562412033,222.298026843241,-203.578317764422,-1.8857920536602,-0.877738543687896,-4.46567211338919,0.0523203739831968,18.94853273015,2.00445397634067,0.796072289855605,B2 Vne,xkcd:dark green,xkcd:green,,,,,,,3U 1258-61
5.86466497528054E+018,206.63566597037,0.0168936047703028,-62.9233869617435,0.0195836946368217,-4.74874383118786,0.021524153649807,-2.26053658828457,0.0232626441866159,0.605483880104695,0.0286420118063688,nan,nan,8.51808452606201,309.155058300638,-0.71935511343149,8.51386260986328,8.4293794631958,0.0844831466674805,1.65157163197654,-5.13044478989705,-1.1572078028756,7.56640071267274,222.239880148513,-191.917710295198,-2.16672292969427,-0.96476497425943,-3.94452462040594,-0.0337579131915266,7.77800864698124,0.980802760203163,-0.158684915424641,B0Ve,xkcd:purple,xkcd:green,,,,,,,HD 119682
5.87837773638136E+018,218.284653301288,0.0637229233980179,-61.2610737601922,0.085314504802227,-7.24688690031459,0.106864608824253,-3.98308051117525,0.134098052978516,0.415303071886233,0.115804724395275,nan,nan,17.9645557403564,314.846282868972,-0.764226702326531,19.5071868896484,16.7832527160645,2.72393417358398,2.40788009454921,-8.22621632260719,-0.843602464509428,7.01302359799767,221.580529793405,-188.872244429569,-1.5112152936448,-0.663459713003205,-3.73572496007883,-0.0386493321866152,34.0418520274529,-2.97927606888356,-0.141493419319608,early BIII or mid BV,xkcd:red,xkcd:grey,,,,,,,IGR J14331-6112
5.88254382460782E+018,236.021354718145,0.232649132609367,-56.7618701707462,0.218595430254936,-4.16784328774499,0.305432289838791,-2.61353365959401,0.288124352693558,-0.0503976808291726,0.305449306964874,nan,nan,nan,324.960589414238,-1.4644638526861,nan,17.3489379882813,nan,-19.8421828851528,-4.89408538623165,0.499403737776991,27.2359267933411,233.661785144123,-40.6221761240276,0.18432163729221,0.0810610607967858,-0.386220204351023,-0.0236109936816324,-443.262546999213,-4.69218681917283,0.441953670661838,Be?,xkcd:green,xkcd:red,,,,,,,XTE J1543-568
5.88321816451706E+018,230.170176407573,0.100152067840099,-57.1667421665391,0.10098147392273,-5.54915294269452,0.132675662636757,-4.07252990135312,0.156644925475121,-0.12459033866594,0.135407775640488,nan,nan,17.775951385498,322.11847865737,0.0377154010228399,20.04833984375,16.0517082214355,3.99663162231445,-8.02630453298044,-6.87243078740587,-0.3850886276514,15.6322370667419,228.63983874857,-75.0196328741579,0.456457173330914,0.19976205596375,-0.886681416342619,0.00106639838543902,-246.103303115187,-6.44220654439417,-0.58591708200059,B5-A0I,xkcd:black,xkcd:red,,,,,,,Cir X-1
5.88454493147126E+018,238.590674500828,0.0126935932785273,-55.3289895305954,0.0104713272303343,-3.1236747705391,0.0198423787951469,-3.22259534846395,0.0157592575997114,0.731577431340802,0.0179469678550959,nan,nan,8.68934059143066,326.976224245109,-1.23872087679667,9.02608871459961,8.12761783599854,0.898470878601074,1.36690930742252,-4.46419441858755,-0.461988143890898,7.39180642777643,222.036996592721,-137.946718871359,-2.66835995807946,-1.17820245051305,-2.00985712349995,-0.0599753540122637,5.21672621037496,0.214022662991867,0.776189660634413,B2 IIIn,xkcd:red,xkcd:red,,,,,,,HD 141926
5.88608555774648E+018,235.597298277769,0.0109045254066587,-52.3860119916207,0.00943202618509531,-6.71064535539054,0.014753925614059,-4.11086429680437,0.0138938967138529,0.127959448290634,0.0152523256838322,nan,nan,13.1637401580811,327.419658737709,2.16370034327776,14.5538511276245,12.0170593261719,2.53679180145264,7.81497586429651,-7.82549035115189,0.832866806034571,4.62259524867232,217.996872442731,-214.542043045754,-0.466362742234869,-0.203209495232795,-5.83986580703231,0.10127777890368,66.0779241611316,-1.51926180188471,0.934798522363686,B0 Iab,xkcd:red,xkcd:red,1.02,0.85,1.19,5.7354794,5.529131,5.946474,4U 1538-52
5.93397698576695E+018,246.652145116935,0.0309186317026615,-51.9418481572985,0.0221620798110962,-2.85633738483771,0.0406885929405689,-3.33214534961472,0.0315179750323296,0.0501203534942492,0.0383633971214294,nan,nan,15.7290315628052,332.780987136911,-2.00270788770754,16.6808605194092,14.752703666687,1.92815685272217,19.9519742037482,-4.38229668234256,-0.239440336848003,12.9771105758236,226.980520394821,-66.9787412792836,-0.18011440564,-0.081562949591703,-4.29069244405052,0.0128284555118165,18.1850949801594,0.0885101673479536,-0.170705842768116,B0-2Ve,xkcd:purple,xkcd:green,,,,,,,Swift J1626.6-5156
5.93477615887722E+018,245.192733715468,0.0375201962888241,-51.5017060201424,0.0263487733900547,-4.88247348444485,0.0538913980126381,-6.02201538874149,0.0403908640146256,0.0357745473155483,0.0463436841964722,38.7906379699707,4.93820095062256,14.7837066650391,332.458905008114,-1.05014860443568,17.4475345611572,13.3401231765747,4.10741138458252,27.9528344881497,-7.71251120419583,-0.787646871192989,20.786313223978,231.203649511987,-42.716114687889,-0.128702291219764,-0.0578051700959441,-3.10325418033908,0.00831706057950364,601.660012062012,-4.48055473263699,-0.738158761676548,B0I / B1Ia,xkcd:red,xkcd:red,,,,,,,IGR J16207-5129
5.93550939565973E+018,244.884095447588,0.0421879179775715,-49.7418261700298,0.0250505786389112,-0.183991092158397,0.0616706945002079,-0.544922972023374,0.0439323149621487,0.358825054888092,0.0505307391285896,nan,nan,16.3732147216797,333.557006731664,0.339016921607912,17.0964584350586,15.5128469467163,1.58361148834229,2.78687339799021,-0.514881954963911,-0.256301267817714,6.13163544060556,220.419353259897,-135.10842032787,-1.28590003437899,-0.573702500110309,-1.80963631091462,0.016949435048155,34.320137886113,2.58065439032971,0.30045179724444,ON9.7Iab,xkcd:blue,xkcd:blue,,,,1.7380337,1.6959721,1.7804166,IGR J16195-4945
5.94028509007584E+018,249.305534603561,0.395097851753235,-50.7261278959559,0.282411128282547,0.627761935573737,0.556670963764191,-4.12242425390357,0.389878541231155,1.69147012457891,0.543047964572907,nan,nan,19.7831745147705,334.802392385223,-2.38383477595447,20.9515190124512,18.5831527709961,2.36836624145508,0.591201692225542,-2.65731763123369,-3.21358519159867,7.96948594436133,222.691610026247,-100.119646861747,-6.03216001135847,-2.76882216268012,-1.09102302150976,-0.0925442557866124,12.5535392435786,4.46586540163453,-0.352218773131939,,xkcd:green,xkcd:grey,,,,,,,IGR J16374-5043
5.94057697171647E+018,248.166384845765,0.0411166623234749,-49.7038289914443,0.0266256965696812,-4.76927921769079,0.053569458425045,-6.12018935660893,0.0370846651494503,-0.0273264225172447,0.0502412542700768,nan,nan,12.8201494216919,335.063473567055,-1.15571227587246,15.3126945495605,11.3788862228394,3.93380832672119,-36.5946182442629,-7.73281804154964,-0.637390895236795,44.4395009126313,238.18234623849,-18.2988286370308,0.0973464979740527,0.0442776074641576,-0.114130549009657,-0.00872253312741995,-1343.49213042272,-7.71603399051404,-0.672945969573532,OB,xkcd:black,xkcd:blue,,,,,,,IGR J16327-4940
5.94077787743514E+018,247.951258172883,0.131328240036964,-48.8168770674089,0.0885177999734879,-4.36613347959379,0.188705205917358,-5.77423937079202,0.130302488803864,-0.0348969091703961,0.178001999855042,nan,nan,17.1397933959961,335.615968897328,-0.447753606392786,21.7607975006104,15.3823537826538,6.37844371795654,-28.6558329597947,-7.20306069280294,-0.72171914802899,36.5655291044832,236.371181005374,-21.7978218680269,0.124021330032058,0.0561940398367929,-0.137006071928076,-0.00401086118324489,-982.25918910737,-7.19007595090692,-0.773902326682539,B0-5sgBe,xkcd:green,xkcd:green,,,,,,,IGR J16318-4848
5.94316618417352E+018,250.461606123381,1.33053433895111,-45.5404033605198,0.654229938983917,-8.55134679390314,1.79822528362274,-5.31891922118864,1.18883383274078,0.956203018165172,1.07595872879028,nan,nan,20.4191722869873,339.188901751413,0.488958964276097,21.689826965332,18.7347888946533,2.95503807067871,1.04580301568057,-9.624728946911,2.96327966442939,7.53163414949785,222.199841531817,-88.3292110030109,-3.33860184906265,-1.524035456324,-0.828398550030955,0.0173009434498383,34.9705589316928,-5.45772854781739,4.47001417730356,BN0.5Ia,xkcd:red,xkcd:red,,,,,,,IGR J16418-4532
5.94324634543093E+018,251.646901612526,0.0155884092673659,-45.1179608103413,0.010345971211791,-1.75939102301725,0.0217384975403547,-3.06414499782934,0.0162076838314533,0.296098642326677,0.0172874107956886,nan,nan,13.4843435287476,340.053529901134,0.135029266604074,14.95676612854,12.3130407333374,2.64372539520264,3.37725290512048,-3.47636605988106,-0.631917998875885,5.44855463708925,219.403269834092,-116.033216893872,-1.02875500995139,-0.473944441407075,-1.28348146251586,0.00618792713623854,18.819972934331,-1.16412958741381,-0.164161484605049,B0.5-1Ib,xkcd:red,xkcd:red,,,,4.4717636,4.4316335,4.512144,IGR J16465-4507
5.9662132191902E+018,255.105188622121,0.0206666979938745,-42.3167509515419,0.0141434269025922,1.18083211102374,0.0295235607773066,-1.46970656179405,0.0233532786369324,0.640546187915295,0.0229262933135033,nan,nan,8.70715713500977,343.803401776455,-0.0299403099027223,9.09772872924805,8.09456634521484,1.0031623840332,1.56116767044477,-0.437301417868141,-1.83389457770499,7.01432512679098,221.582138424895,-74.2990414850185,-2.1720066572661,-1.02750044573037,-0.569898752687693,-0.000917841966987335,18.0655303256571,2.30460399208565,-0.805476290007631,B2e,xkcd:dark green,xkcd:green,,,,,,,AX J1700.2-4220
5.97638291581354E+018,255.986565930179,0.0210494436323643,-37.8441202722809,0.0121382242068648,2.4137032635492,0.0280647594481707,5.02194996973182,0.0213470887392759,0.632735861707566,0.0259488988667727,nan,nan,6.42046976089478,347.754447109881,2.17349242991302,6.57595348358154,6.08858633041382,0.487367153167725,1.58043831639524,5.45935549618426,1.11417346460967,6.9646916981904,221.520589752929,-56.8460984059586,-2.07992113616105,-0.974954593248736,-0.333036617639879,0.0520758327762721,60.9160634716124,7.87231324998519,2.03705222508213,O6Iafcp,xkcd:blue,xkcd:blue,1.96,1.77,2.15,,,,HD 153919
5.98040963230078E+018,260.02463474661,0.142060488462448,-31.283210647628,0.0962577313184738,-4.45037412991606,0.164341643452644,-4.67704028097173,0.114569246768951,0.10569083806813,0.160202279686928,nan,nan,17.912130355835,355.022118228102,3.34741311264075,20.1155223846436,16.5070152282715,3.60850715637207,9.46155805250953,-6.37754919543385,1.00369414956913,1.22451800016206,206.960390212542,-124.258289470622,-0.322999966089932,-0.156701240668024,-8.81783874670639,0.14767035473434,131.988037160746,2.76328951736247,1.01272503550281,,xkcd:grey,xkcd:grey,,,,,,,IGR J17200-3116
6.05307656630043E+018,183.311568792902,0.0123573876917362,-64.8751325230375,0.0151931494474411,-5.95305662663964,0.0158858075737953,0.449629791184431,0.0207529235631227,0.26448691327892,0.0176693592220545,nan,nan,13.9768886566162,298.890071330296,-2.30352164336062,14.3980102539063,13.3519077301025,1.04610252380371,3.78090540512086,-5.9581184202641,-0.37666303137996,7.44941824484689,222.104447428485,-219.830678716853,-0.894261406863225,-0.408726042687839,-5.39339765684581,-0.0609240513098341,6.13647233594129,0.329540643444933,0.0929870626177131,B5V,xkcd:red,xkcd:red,,,,2.8699784,2.779767,2.9214053,1ES 1210-64.6
6.05456956561446E+018,186.656451391543,0.012048251926899,-62.7703594936826,0.0133414817973971,-5.22685665412462,0.0157584641128778,-2.07078489867476,0.0187661051750183,0.250621151419158,0.0159896072000265,nan,nan,9.75105571746826,300.098060166689,-0.03521279949728,11.0234022140503,8.62695789337158,2.39644432067871,3.99008620915448,-5.02804892292803,-2.51533389592486,7.35897866170166,221.998336247672,-219.988729231504,-0.854648072833859,-0.401633391910428,-5.4025895164951,-0.000958996064862203,46.2289856252835,1.22918866640093,-2.11274150794956,B1 Ia+,xkcd:red,xkcd:red,,,,,,,3U 1223-62
6.05477850717245E+018,188.502102279536,0.0459049232304096,-61.7176185919218,0.0463079251348972,-5.11722528816662,0.0560368187725544,0.998133321420867,0.0597276166081429,0.0139847992509161,0.0612688213586807,nan,nan,16.2408466339111,300.868492644533,1.08428138036906,19.3135528564453,14.7325038909912,4.5810489654541,71.5062105689142,-5.16653027631464,0.699449555798573,67.5276162733733,242.115353667972,-24.3120861664591,-0.0479374496001605,-0.0227612431674104,-0.978483890997611,-0.00921575306446931,1424.97681061883,-4.14010893571687,0.731426552030453,,xkcd:grey,xkcd:grey,,,,,,,IGR J12341-6143
6.05510392824631E+018,190.709317033288,0.0528809539973736,-63.0586421707873,0.0544524900615215,-12.8572018698039,0.0695940181612968,-3.6770768880918,0.0740465447306633,2.2825731245487,0.07652348279953,nan,nan,5.13685035705566,301.957903388177,-0.203158859222385,5.31796312332153,4.79364490509033,0.524318218231201,0.438102065272374,-12.7657616216344,-3.98294672088811,8.2764665824405,223.021147938534,-192.507342257535,-7.87899362889719,-3.64985726880965,-4.09339332696574,-0.00860792475446591,1.77999182626027,-0.793374665771475,-0.324481527323989,B0.5IVpe,xkcd:purple,xkcd:green,,,,,,,HD 110432
6.06054733545566E+018,193.6534513,0.0620055794715881,-57.1687114074219,0.0800023749470711,-28.3860211131003,0.0882065668702126,-10.446722229219,0.112088419497013,8.26677346989696,0.116963274776936,nan,nan,5.14720726013184,303.364514685105,5.70037098844303,5.07919406890869,5.19734668731689,-0.118152618408203,0.120966179083224,-28.6074313300867,-9.82420850054641,8.43440111930301,223.186140356695,-185.139258491919,-28.775944317173,-14.1279193202762,-3.85354345973021,0.247554553475388,3.27526512389091,4.02205644681647,4.05615626625443,B5Vne,xkcd:dark purple,xkcd:green,,,,4.2806926,4.2372417,4.324014,mu.02 Cru
