col1,col2,col3,col4,col5,col6,col7,col8,col9,col10,col11,col12
1,M,1,0,+,68.0076875,53.9108417,151.9142569,3.9508249,T,,C
1,M,0,2,+,339.8153292,39.0502806,96.6508907,-16.9833387,T,S,L
1,M,1,2,+,330.5190667,58.0003694,102.0051587,2.1834475,T,,C
1,M,2,0,+,100.2444,9.8957528,202.9363074,2.1984746,T,N,M
1,M,0,1,-,273.8037708,-20.7282667,10.455741,-1.7407522,T,R,S
1,M,0,1,-,273.8040417,-20.3879694,10.7551989,-1.5788802,T,R,S
1,M,1,2,+,331.2866292,62.2798194,104.8706302,5.390644,T,A,C
2,M,2,0,-,109.6682417,-24.5587,237.8243862,-5.3678858,T,N,C
2,M,2,1,-,155.6706708,-59.5084944,285.0612243,-1.9005879,M,,C
2,M,2,1,-,155.6823917,-59.5050611,285.0643911,-1.8944934,M,,C
2,M,2,1,-,164.6349542,-61.1823611,289.7516739,-1.2334398,M,R,
2,M,2,1,-,164.69465,-61.0975611,289.7421477,-1.1443862,M,R,
2,M,0,2,+,307.9983875,41.2473611,80.0300614,0.9378823,M,S,C
6,M,0,1,-,268.725175,-24.8870972,4.5366971,0.3012191,T,S,S
6,M,0,2,+,319.6132792,43.9459444,87.6100716,-3.8410765,T,S,C
9,M,0,1,+,298.0906875,18.671875,56.4824505,-4.331363,T,,
9,M,0,1,-,270.968525,-24.3607333,6.0089133,-1.2049966,T,N,S
A,M,2,1,-,184.404675,-58.1645667,298.4706109,4.4139352,T,,
A,M,1,0,+,79.0756208,34.3123139,172.0813138,-2.2592389,T,N,O
A,M,0,2,+,305.6573958,41.6747639,79.357523,2.6136957,T,S,
A,M,0,2,+,306.8232167,39.742375,78.2869019,0.7780113,T,S,C
A,M,0,2,+,318.0018958,46.6975861,88.810961,-1.1180234,T,S,C
A,M,1,2,+,328.8137125,57.6626833,101.0788581,2.469317,T,,C
A,M,1,2,+,335.0907625,56.1478361,102.9812789,-0.7572622,T,S,C
A,M,1,2,+,335.8225708,55.633975,103.0486704,-1.411412,T,S,C
A,M,1,2,+,338.69155,58.3012889,105.7680874,0.0591905,T,S,C
A,M,1,2,+,341.9608125,58.086775,107.1782217,-0.9537193,T,N,C
A,M,1,2,+,343.9372667,56.4768611,107.4206982,-2.8703928,T,,C
A,M,1,2,+,345.68565,57.0639472,108.5379229,-2.7387828,T,S,C
A,M,0,2,+,308.34775,41.1536167,80.1107303,0.6707139,M,S,C
A,M,0,2,+,308.246625,41.407075,80.2692587,0.8825857,M,S,C
A,M,0,2,+,308.6233375,41.5292833,80.535686,0.7288099,T,S,C
A,M,0,2,+,308.3251917,41.36025,80.2666802,0.807347,T,B,C
A,M,0,2,+,308.5396625,41.5704694,80.5312959,0.8036321,M,S,C
A,M,0,2,+,308.262175,41.2953139,80.1863248,0.8067552,M,B,C
A,M,0,2,+,307.826375,41.3560167,80.0412595,1.1063441,M,S,C
A,M,0,2,+,308.3614542,41.1831972,80.1406397,0.6800404,M,S,C
A,M,0,2,+,308.3052708,41.22465,80.1487863,0.7386815,M,B,C
A,M,2,1,-,160.9218208,-59.5967167,287.4025411,-0.6332396,M,T,C
A,M,2,1,-,160.9529458,-59.5566944,287.3976121,-0.590509,M,T,C
A,M,2,1,-,161.0549958,-59.7195361,287.5196512,-0.7100352,M,T,C
A,M,0,1,-,274.656225,-13.7276083,17.003581,0.8682281,M,N,S
A,M,3,1,-,228.480025,-59.1310028,320.3225287,-1.1573152,M,,
A,M,3,1,-,236.0841917,-53.911475,326.7255682,0.7741489,M,,
A,M,2,1,-,161.8137042,-60.0941778,288.0305311,-0.8653466,M,B,C
A,M,2,1,-,164.5736583,-61.2009667,289.7327238,-1.2627602,M,R,
A,M,2,1,-,164.6573875,-61.1334306,289.7408964,-1.184499,M,R,
A,M,2,1,-,164.7339917,-61.2027583,289.803562,-1.2318889,M,R,
A,M,0,2,+,304.4243583,36.7573389,74.7608169,0.6183883,M,S,C
A,M,3,1,-,259.7751042,-38.7791139,348.7566285,-0.7769714,M,H,
A,M,3,1,-,259.7684833,-38.8180194,348.7218077,-0.7950824,M,H,
A,M,3,1,-,259.7740458,-38.8172611,348.7249171,-0.7981956,M,H,
A,M,3,1,-,259.7543792,-38.8163722,348.7168459,-0.7851394,T,H,
A,M,3,1,-,259.7223833,-38.853675,348.6719906,-0.7861642,M,H,
A,M,3,1,-,259.7533333,-38.8230917,348.7108764,-0.788331,M,H,
A,M,3,1,-,259.7570125,-38.8196222,348.7153632,-0.7886854,M,H,
A,M,1,0,+,96.2494417,26.8220583,186.099495,6.5646387,M,,
A,M,0,1,-,275.1437208,-16.1699583,15.0731681,-0.7004076,M,N,S
A,M,3,1,-,261.3925542,-34.3865778,353.1106956,0.6450468,M,N,
A,M,3,1,-,261.3715292,-34.4210389,353.0724302,0.6401034,M,N,
A,M,2,1,-,164.6894792,-61.1786139,289.7739486,-1.2189846,T,R,
A,M,2,0,-,107.480025,-18.5021889,231.4860864,-4.3997038,T,S,C
A,M,3,1,-,235.5501542,-54.1892417,326.3077923,0.7434739,T,W,
A,M,3,1,-,259.7731833,-38.8138722,348.7273063,-0.7956998,T,H,
A,M,2,0,-,112.5053,-19.14305,234.2806771,-0.4957282,T,S,C
A,M,0,1,-,271.0745208,-13.1038222,15.8777234,4.2241328,T,,
A,M,0,1,-,274.3903,-12.0952222,18.3191521,1.869312,T,N,S
A,M,0,1,-,274.8684792,-15.3128528,15.7038564,-0.0623916,T,R,S
A,M,0,1,-,275.4423583,-21.1012278,10.8496147,-3.2662194,T,,
A,M,1,0,+,12.0522833,62.9902333,122.5653466,0.1207815,T,S,C
A,M,1,0,+,33.1248917,59.9011444,132.9380102,-1.3864304,T,,
A,M,1,0,+,59.781225,57.2365806,146.2522485,3.1233939,T,A,C
A,M,1,0,+,80.0026417,38.9120944,168.7492025,0.9984072,T,S,A
A,M,1,0,+,80.665375,33.3717306,173.6094376,-1.7154356,T,N,A
A,M,2,0,-,101.4533333,-7.3129528,218.8158261,-4.5715399,M,S,
A,M,1,0,+,4.4294125,51.4330889,117.587956,-11.0884389,T,,
B,M,1,0,+,80.6833417,33.4407361,173.5610121,-1.6640184,T,N,A
B,M,0,2,+,306.4192,37.3741861,76.1745728,-0.3383945,T,S,C
B,M,0,2,+,309.0758667,37.4174417,77.4547826,-2.0171246,T,S,
B,M,1,0,+,83.0576792,40.0660806,169.1081371,3.5985577,T,,A
B,M,0,2,+,306.9317375,40.595425,79.028869,1.2072237,T,S,C
B,M,0,2,+,308.4003333,43.9853917,82.4099652,2.3253887,T,S,
B,M,0,2,+,308.4598583,45.661375,83.7838867,3.2885157,T,S,C
B,M,1,0,+,60.8364,51.3145722,150.6028451,-0.942879,T,N,C
B,M,1,0,+,64.6485,52.8650583,151.2636977,1.7866407,T,W,C
B,M,1,2,+,334.7442875,56.1231861,102.8061864,-0.6722352,T,T,C
B,M,1,2,+,334.7451333,56.1231861,102.8065804,-0.6724942,A,T,C
B,M,1,2,+,334.7494833,56.1219222,102.8079123,-0.6748823,T,T,C
B,M,1,2,+,343.7853833,56.3830222,107.3042676,-2.918742,T,,C
B,M,1,0,+,14.0592333,61.7602528,123.4996713,-1.1062068,T,S,C
B,M,1,2,+,350.1855,61.1945917,112.2274613,0.2220228,T,N,C
B,M,1,0,+,23.1363333,61.1294,127.8748553,-1.3472173,T,,C
B,M,1,2,+,358.2716875,60.9123944,115.897392,-1.159899,T,,C
B,M,1,0,+,37.9878625,61.6122083,134.5815408,1.0350786,T,I,C
B,M,1,0,+,38.0452083,61.5522083,134.6295134,0.9898665,T,I,C
B,M,1,0,+,38.0697958,61.5541889,134.6396028,0.9961379,T,I,C
B,M,1,0,+,38.1511333,61.4737778,134.7060332,0.9364793,T,I,C
B,M,1,0,+,38.5105417,61.3863528,134.8983127,0.921509,T,I,C
B,M,1,0,+,43.5444667,60.6509972,137.4202826,1.2792632,T,I,C
B,M,1,0,+,36.6432458,62.0117556,133.8437329,1.1724266,T,N,C
B,M,1,2,+,336.3899125,63.4173944,107.4455494,5.0205518,T,S,C
B,M,1,0,+,39.0759208,62.9481556,134.5331045,2.4628087,T,,C
B,M,1,2,+,359.3858458,67.5542444,117.8067916,5.2203551,T,S,C
B,M,1,0,+,0.54265,67.429225,118.2174412,5.0095447,T,B,C
B,M,1,0,+,0.5428625,67.40895,118.2136429,4.9896257,T,B,C
B,M,0,1,-,278.8855583,-4.7987194,26.8487908,1.3360609,T,,
B,M,0,1,-,277.3097083,-8.5613639,22.7878234,0.9872758,T,,S
B,M,0,1,-,276.0860458,-10.809525,20.2362465,1.0077994,T,R,
B,M,0,1,-,274.5139333,-11.2941194,19.0826497,2.1417253,T,S,S
B,M,0,1,-,274.5129667,-12.2428556,18.2458393,1.6937999,T,N,S
B,M,0,1,-,274.6363833,-13.7533,16.9718239,0.8730506,T,N,S
B,M,0,1,-,274.6670458,-13.7551583,16.9842807,0.8459331,T,N,S
B,M,0,1,-,275.5929583,-14.6190167,16.6455845,-0.3529578,T,S,S
B,M,0,1,-,276.4120667,-14.7515833,16.8993298,-1.1152025,T,S,S
B,M,2,0,-,113.7435958,-16.2397833,232.3067574,1.9384408,T,,C
B,M,0,1,-,275.2592958,-16.0169278,15.2604793,-0.7262815,T,N,S
B,M,2,0,+,114.2738792,16.9042472,202.5134899,17.5242513,T,,
B,M,0,2,+,313.9635625,43.8735194,84.8123058,-0.8824935,M,N,C
C,M,1,0,+,48.5222208,59.5634722,140.1165184,1.5382037,T,S,C
C,M,2,0,-,118.1524708,-26.3783306,243.1424735,0.441518,M,H,P
C,M,2,0,-,118.2541958,-27.1160417,243.8222611,0.1408998,T,,P
C,M,2,0,-,118.970225,-28.6296611,245.4453898,-0.0980487,T,,P
C,M,2,0,-,123.3973375,-34.4788694,252.4034104,-0.0429939,T,,
C,M,2,0,-,123.8215917,-35.7374583,253.6433068,-0.4518738,T,A,
C,M,3,1,-,253.5279542,-41.8520028,343.4369485,1.1749924,T,N,S
C,M,3,1,-,253.5550917,-41.8423667,343.4571785,1.165378,T,N,S
C,M,3,1,-,251.6501208,-47.0865361,338.5563675,-1.1432762,T,H,A
C,M,2,0,-,134.4652542,-47.7622056,267.9953722,-1.3788185,T,R,V
C,M,2,0,-,134.4775833,-47.7376972,267.9821932,-1.3565522,T,R,V
C,M,2,0,-,138.9699458,-50.0121722,271.6530134,-0.7049579,T,B,
C,M,3,1,-,238.9150292,-54.6435194,327.5575709,-0.8304938,T,R,N
C,M,2,1,-,160.9445625,-59.5485611,287.3900366,-0.5853307,T,T,C
C,M,2,1,-,160.9996542,-59.5403778,287.4108356,-0.5649793,T,T,C
C,M,2,1,-,161.0038625,-59.5960556,287.4388746,-0.6131297,T,T,C
C,M,2,1,-,161.0101875,-59.4935472,287.3935545,-0.5211268,T,T,C
C,M,2,1,-,160.9895333,-60.0911528,287.665173,-1.0535535,T,C,C
C,M,2,1,-,161.0018042,-60.0999889,287.6747269,-1.0584786,T,C,C
C,M,2,1,-,161.1528667,-59.7915639,287.5969513,-0.7505793,M,T,C
C,M,2,1,-,161.1741458,-59.7823389,287.6021026,-0.7374176,T,T,C
C,M,2,1,-,161.227975,-59.9338639,287.6967973,-0.8587646,M,C,C
C,M,2,1,-,161.2742833,-59.7187694,287.6170381,-0.6576503,T,T,C
C,M,2,1,-,161.2741417,-59.7554444,287.6340732,-0.6901296,M,T,C
C,M,2,1,-,161.2780042,-59.69905,287.6095058,-0.6393295,T,T,C
C,M,2,1,-,161.2842708,-59.7686,287.644719,-0.699391,M,T,C
C,M,2,1,-,161.3029792,-59.7461583,287.6426002,-0.6751438,T,T,C
C,M,2,1,-,161.303625,-59.7386778,287.6394035,-0.6683727,T,T,C
C,M,2,1,-,161.3188208,-59.7269389,287.640715,-0.6544176,T,T,C
C,M,2,1,-,161.3357208,-59.7142361,287.6423441,-0.6392084,M,T,C
C,M,2,1,-,161.5935917,-59.8890139,287.8383179,-0.733924,T,N,C
C,M,3,1,-,218.7267917,-60.4277139,315.366095,-0.0781574,T,,
C,M,3,1,-,206.3379292,-62.4264917,309.1256193,-0.2048493,T,,
C,M,0,2,+,307.7939292,41.5315194,80.1685733,1.2295946,T,S,C
C,M,0,2,+,308.4421292,41.5502917,80.4715528,0.8501587,T,S,C
C,M,0,2,+,308.5354708,41.6165056,80.5663569,0.8336343,T,S,C
C,M,0,2,+,308.115275,41.4394667,80.2368284,0.9810661,T,S,C
C,M,0,2,+,308.1607292,41.4204889,80.2417787,0.9423738,T,S,C
C,M,0,2,+,308.2083792,41.3957528,80.2431011,0.8989301,T,S,C
C,M,0,2,+,307.9569375,41.4740306,80.1943552,1.0971399,T,S,C
C,M,0,2,+,308.2865,41.2218389,80.1381265,0.7483573,A,B,C
C,M,0,2,+,308.2868125,41.2214889,80.137985,0.7479602,A,B,C
C,M,0,2,+,308.2899917,41.2168167,80.1356516,0.7432586,A,B,C
C,M,0,2,+,308.2921458,41.2194722,80.1387504,0.7435359,A,B,C
C,M,0,2,+,308.3228417,41.2859194,80.2058919,0.7645262,M,B,C
C,M,0,2,+,308.3564125,41.5574278,80.4390615,0.9059262,A,S,C
C,M,0,2,+,308.4980333,41.2931889,80.2901863,0.6631531,M,S,C
C,M,0,2,+,308.5562708,41.5841694,80.549706,0.8018482,T,S,C
C,M,0,2,+,307.9062875,41.2225028,79.969028,0.9790031,T,S,C
C,M,0,2,+,308.0576083,41.4533278,80.2223565,1.0240917,T,S,C
C,M,0,2,+,308.2485125,41.254075,80.1470574,0.7904931,M,S,C
C,M,0,2,+,308.093425,41.3052528,80.1190312,0.9146595,T,S,C
C,M,0,2,+,308.0937042,41.3054028,80.1192764,0.9145796,A,S,C
C,M,0,2,+,308.1893625,41.4270833,80.2598358,0.9290138,T,S,C
C,M,0,2,+,308.3088125,41.3394056,80.242609,0.8048239,T,B,C
C,M,0,2,+,308.4041708,41.2698056,80.2293484,0.70583,M,S,C
C,M,0,2,+,308.591375,41.2837778,80.3245251,0.6012765,M,S,C
C,M,0,2,+,308.312825,41.3140306,80.2240065,0.787303,T,B,C
C,M,0,2,+,308.3114833,41.3116083,80.2214599,0.7866715,T,B,C
C,M,0,2,+,308.3249042,41.3086611,80.2250911,0.7768161,T,B,C
C,M,0,2,+,308.3180333,41.317225,80.2289021,0.7860601,A,B,C
C,M,0,2,+,308.2947208,41.2522806,80.1662761,0.761497,T,S,C
C,M,0,2,+,308.1314292,41.2356139,80.0799103,0.8503524,M,S,C
C,M,0,2,+,308.683775,40.86625,80.0315483,0.2957419,M,S,C
C,M,0,2,+,307.6137583,41.2236972,79.8401524,1.1573553,M,S,C
C,M,0,1,+,299.5903208,35.2016139,71.3350005,3.0668346,T,S,C
D,M,1,2,+,341.7254625,58.0843194,107.066521,-0.8988363,T,N,C
D,M,1,0,+,35.7980667,60.8306056,133.8823057,-0.0753812,T,S,
E,M,2,1,-,168.0187625,-61.0952611,291.2157405,-0.5042094,T,A,
G,M,2,1,-,181.4578292,-69.5730556,298.9454346,-7.0550685,T,,
H,M,1,0,+,25.2198417,64.1730917,128.2855622,1.8164668,T,,
H,M,2,1,-,174.4518167,-63.3231972,294.7783506,-1.6230324,T,I,C
H,M,2,1,-,174.5413,-63.1968361,294.7815561,-1.4904507,T,I,C
H,M,2,1,-,174.5506958,-63.3907722,294.8398871,-1.6754619,T,I,C
H,M,2,1,-,174.5848958,-63.3727639,294.8495715,-1.653889,T,I,C
H,M,2,1,-,174.5948667,-63.2007778,294.8058567,-1.4874866,T,I,C
H,M,2,1,-,174.7636542,-63.4297417,294.9423286,-1.6863825,T,I,C
H,M,2,1,-,174.9409833,-63.4778167,295.0317911,-1.7107866,T,I,C
H,M,2,1,-,174.9581708,-63.4787667,295.0394361,-1.7095988,T,I,C
H,M,2,1,-,175.1541958,-62.568075,294.8770849,-0.809088,T,I,C
H,M,2,1,-,176.7266833,-61.4630528,295.3035582,0.4492521,T,,
H,M,2,1,-,180.6158125,-58.2428778,296.5075698,4.0166766,T,,
H,M,2,1,-,182.4357458,-62.5818361,298.1528739,-0.0976055,T,,
H,M,1,0,+,1.5141083,63.6796528,117.9267574,1.2497845,T,,C
H,M,3,1,-,190.5529167,-60.6524194,301.8008573,2.1990669,T,,C
H,M,3,1,-,193.9880583,-56.8358028,303.5527053,6.0305058,T,,
H,M,3,1,-,196.6347917,-65.0804278,304.522917,-2.2553381,T,,
H,M,3,1,-,198.4397,-63.5865972,305.4113579,-0.8223546,T,,C
H,M,3,1,-,198.6849208,-63.5810472,305.5205283,-0.8264755,T,,C
H,M,3,1,-,199.0200083,-62.5837417,305.7642466,0.1524156,T,S,C
H,M,3,1,-,199.6473333,-62.4912194,306.0613737,0.2154378,T,R,C
H,M,3,1,-,200.9843917,-59.8096667,307.0123789,2.8043504,T,L,C
H,M,3,1,-,202.5979958,-78.8557139,304.8822913,-16.1317534,T,,
H,M,3,1,-,203.0358333,-60.8154083,307.8763343,1.6649697,T,,C
H,M,3,1,-,203.5499292,-62.4171667,307.8593259,0.0447778,T,R,C
H,M,3,1,-,203.6808917,-63.3354222,307.765677,-0.8706389,T,,
H,M,3,1,-,204.2478875,-63.6460278,307.9617846,-1.2200309,T,,C
H,M,1,0,+,30.625525,55.6239944,132.9052798,-5.8656272,T,,m
H,M,1,0,+,32.2603042,57.9322028,133.1077539,-3.398155,T,,m
H,M,3,1,-,207.8915958,-58.539525,310.7254845,3.4194283,T,,
H,M,3,1,-,208.2350583,-62.7206222,309.9124811,-0.6853862,T,,
H,M,3,1,-,210.8041125,-62.2607222,311.1771503,-0.5435607,T,,
H,M,3,1,-,211.8777083,-64.4691167,311.015433,-2.7979238,T,,
H,M,3,1,-,211.8568333,-60.4705861,312.1659445,1.0316284,T,,
H,M,3,1,-,212.6832042,-62.4790056,311.9488264,-1.0036027,T,A,
H,M,3,1,-,213.7566708,-61.7067611,312.6657383,-0.424929,T,,
H,M,3,1,-,213.7572708,-61.7074667,312.665784,-0.4256883,T,,
H,M,3,1,-,214.5497375,-51.5038472,316.4043269,9.0840724,T,,
H,M,3,1,-,215.0376708,-61.0818361,313.449561,-0.0347125,T,,
H,M,3,1,-,215.0949542,-60.8895167,313.540417,0.1370545,T,,
H,M,1,0,+,32.3752833,58.7837722,132.9122744,-2.5670713,T,,m
H,M,1,0,+,32.87375,56.1588056,133.9619667,-4.988906,T,,P
H,M,1,0,+,33.9414083,55.9963139,134.5810199,-4.9563724,T,,m
H,M,3,1,-,222.390675,-56.4273444,318.7680993,2.7685546,T,,
H,M,3,1,-,229.7047583,-60.4963333,320.1273916,-2.6422834,T,A,
H,M,1,0,+,35.4683875,56.9050083,135.0766494,-3.8190372,T,N,m
H,M,1,0,+,35.5445875,59.5497,134.2060907,-1.3210834,T,A,m
H,M,1,0,+,35.7262208,41.4799222,140.7778603,-18.2005125,T,,
H,M,1,0,+,36.6958,58.8758639,134.9949014,-1.7446982,T,,m
H,M,3,1,-,242.3174875,-49.6060417,332.4469843,1.5820574,T,,
H,M,3,1,-,243.0012417,-50.3056889,332.2938357,0.7699179,T,,
H,M,3,1,-,247.5971333,-37.9725417,343.3763823,7.1506765,T,,
H,M,3,1,-,248.4682792,-48.1112417,336.366127,-0.2181242,T,R,A
H,M,3,1,-,249.0940167,-42.8588611,340.5375473,3.0057796,T,R,A
H,M,3,1,-,249.2938083,-47.1305139,337.4653791,0.0329892,T,R,A
H,M,1,0,+,36.9992125,52.5493333,137.4610531,-7.5771562,T,,
H,M,1,0,+,38.1772333,61.4559889,134.7243338,0.9247717,T,I,C
H,M,1,0,+,38.205925,61.3783528,134.7665984,0.8582139,T,I,C
H,M,1,0,+,38.335775,61.5217167,134.769193,1.0144116,T,I,C
H,M,1,0,+,38.2349292,55.3275222,137.0917181,-4.729009,T,,m
H,M,3,1,-,250.331025,-48.7632056,336.7097377,-1.5724213,T,N,A
H,M,3,1,-,250.3351875,-48.7629833,336.711718,-1.5743342,T,N,A
H,M,3,1,-,251.0300375,-46.141625,338.9958903,-0.2045993,T,,A
H,M,3,1,-,251.6619417,-47.0901806,338.5588109,-1.1517669,T,H,A
H,M,3,1,-,251.642475,-41.6107,342.7226479,2.411244,T,R,S
H,M,3,1,-,251.7338208,-45.8873167,339.5071329,-0.4100154,T,W,A
H,M,3,1,-,252.4510542,-42.0017222,342.8119035,1.69836,T,R,S
H,M,3,1,-,252.8905083,-41.2305333,343.6156202,1.9378517,T,C,S
H,M,3,1,-,253.1973875,-41.7858333,343.3324517,1.4077067,T,R,S
H,M,3,1,-,253.3692458,-42.1214028,343.1535021,1.0963642,T,R,S
H,M,3,1,-,253.4652292,-41.8424194,343.4148971,1.2172897,T,N,S
H,M,3,1,-,253.4999542,-41.714675,343.5303613,1.277817,T,N,S
H,M,3,1,-,253.4816917,-41.8809639,343.3927338,1.1834518,T,N,S
H,M,3,1,-,253.5149625,-41.7916389,343.4776941,1.2205781,T,N,S
H,M,3,1,-,253.5220833,-41.079475,344.0339261,1.6655609,T,C,S
H,M,3,1,-,253.5479875,-41.6419333,343.6094583,1.2958509,T,C,S
H,M,3,1,-,253.5419292,-41.8250333,343.4644512,1.1839186,T,N,S
H,M,3,1,-,253.5485042,-41.8492417,343.4487464,1.1648529,T,N,S
H,M,3,1,-,253.6333458,-41.8052389,343.522765,1.1434858,T,N,S
H,M,3,1,-,253.7768792,-44.9892694,341.1133544,-0.9408166,T,R,S
H,M,3,1,-,253.7307125,-40.5248278,344.564562,1.8919913,T,C,S
H,M,3,1,-,253.7437708,-41.1508556,344.0836241,1.4908559,T,C,S
H,M,3,1,-,253.7638792,-42.0908333,343.3618219,0.8883486,T,R,S
H,M,3,1,-,254.0217333,-40.3493333,344.8403102,1.8295083,T,C,S
H,M,3,1,-,254.0626083,-40.6599333,344.6173468,1.6109438,T,B,S
H,M,3,1,-,254.2278167,-40.5123306,344.8110583,1.6051853,T,C,S
H,M,3,1,-,255.3041958,-38.2033,347.141347,2.3800314,T,S,
H,M,3,1,-,255.98655,-37.8441417,347.7544225,2.1734894,T,S,
H,M,3,1,-,256.6182125,-35.4510417,349.9702269,3.2150589,T,A,
H,M,3,1,-,257.0582625,-35.0043556,350.5441146,3.194523,T,,
H,M,3,1,-,257.4711917,-47.0314389,341.0616109,-4.219081,T,R,
H,M,3,1,-,258.9589583,-45.9107667,342.5741014,-4.3949397,T,R,
H,M,3,1,-,258.8430208,-38.2129722,348.7967139,0.1455561,T,S,
H,M,3,1,-,258.8301958,-33.5484167,352.585825,2.8683235,T,,
H,M,3,1,-,258.9614667,-33.7370028,352.4956129,2.6698582,T,,
H,M,3,1,-,259.1097333,-42.6678139,345.2869786,-2.6070003,T,R,
H,M,3,1,-,259.3625375,-35.5366667,351.2182294,1.3591179,T,B,
H,M,3,1,-,259.6908917,-42.8916444,345.3497938,-3.0846089,T,N,
H,M,3,1,-,260.2194,-36.0723722,351.1783355,0.4825873,T,N,
H,M,0,1,-,261.5722167,-10.9929972,12.9705765,13.3103199,T,,
H,M,3,1,-,262.3038542,-31.5342889,355.9067473,1.5964617,T,S,
H,M,3,1,-,263.6770458,-32.5816583,355.6666059,0.0493191,T,N,
H,M,1,0,+,40.1872958,61.2822333,135.6779803,1.1452882,T,S,C
H,M,1,0,+,40.7167792,56.9045694,137.7313696,-2.7307376,T,,m
H,M,1,0,+,41.0529875,56.6575639,138.0023766,-2.877937,T,,m
H,M,3,1,-,267.3531375,-38.9837861,351.7784927,-5.8490439,T,,
H,M,3,1,-,267.3189958,-31.2550194,358.4247876,-1.8766468,T,S,
H,M,3,1,-,269.8681958,-36.0209944,355.3604733,-6.1042182,T,,
H,M,0,1,-,269.7385792,-22.5175472,7.0519808,0.6878046,T,R,S
H,M,0,1,-,269.8596333,-22.4669083,7.1516216,0.6160637,T,R,S
H,M,0,1,-,270.08315,-28.6207361,1.9099011,-2.6166196,T,,
H,M,0,1,-,270.4678292,-19.1061306,10.3528661,1.788631,T,,S
H,M,0,1,-,270.5981375,-23.03085,6.9995011,-0.2549813,T,N,S
H,M,0,1,-,270.6609125,-24.2553861,5.962661,-0.9091071,T,N,S
H,M,0,1,-,270.9868458,-24.3125306,6.0591119,-1.1958662,T,N,S
H,M,0,1,-,271.2939625,-24.3985694,6.1212493,-1.4819135,T,N,S
H,M,0,1,+,271.1556583,1.9189917,29.2694699,11.2858779,T,,
H,M,0,1,-,271.5194958,-24.1955222,6.3989314,-1.5620923,T,N,S
H,M,0,1,-,271.4951583,-14.1980583,15.1186972,3.3348514,T,S,
H,M,0,1,-,272.32375,-23.9884028,6.9367,-2.1034275,T,C,S
H,M,0,1,-,272.9879125,-20.4233778,10.3579935,-0.9241647,T,W,S
H,M,0,1,-,273.1027333,-10.7314,18.9197698,3.6279906,T,,
H,M,0,1,-,273.9822792,-18.24085,12.7236681,-0.7041501,T,S,S
H,M,0,1,-,274.2069,-16.5178611,14.3412526,-0.073114,T,I,S
H,M,0,1,-,274.2440083,-18.9681111,12.2016872,-1.2681149,T,S,S
H,M,0,1,-,274.3689833,-18.4634528,12.7021982,-1.1328766,T,S,S
H,M,0,1,-,274.6501792,-13.7934611,16.9427812,0.8422421,T,N,S
H,M,0,1,-,274.6517542,-13.8006611,16.9371614,0.8374877,T,N,S
H,M,0,1,-,274.6702833,-12.1064972,18.4387908,1.6227908,T,N,S
H,M,0,1,-,274.7341208,-13.8086333,16.9679765,0.7632438,T,N,S
H,M,0,1,-,275.0715792,-12.1719972,18.5662393,1.2459959,T,N,S
H,M,0,1,-,275.1420667,-13.954375,17.0264747,0.3453208,T,S,S
H,M,0,1,-,275.8565083,-26.9530083,5.8210262,-6.3128506,T,,
H,M,0,1,-,276.4297792,-9.7530611,21.328577,1.2021191,T,,S
H,M,1,0,+,42.7832125,60.4177444,137.1904467,0.9026735,A,I,C
H,M,1,0,+,42.784425,60.4177167,137.1909955,0.9029144,A,I,C
H,M,1,0,+,42.8101417,60.3861028,137.2164216,0.8802331,T,I,C
H,M,1,0,+,42.8099833,60.3861444,137.216333,0.8802356,A,I,C
H,M,1,0,+,42.9491583,57.0484611,138.7676838,-2.0760198,T,,m
H,M,0,1,-,277.1046208,-16.7012333,15.4820592,-2.611551,T,,
H,M,0,1,-,279.0526708,-14.1155056,18.6456638,-3.0897266,T,,
H,M,0,1,-,279.7657333,-7.8598417,24.5309235,-0.8465551,T,,S
H,M,0,1,-,280.8737917,-9.3201694,23.7321865,-2.4883505,T,,S
H,M,0,1,-,281.8507625,-9.3081944,24.1814524,-3.3417546,T,,
H,M,0,1,+,283.84635,9.3466861,41.7069694,3.3784178,T,,
H,M,0,1,-,284.3987875,-19.153125,16.3921514,-9.9151536,T,,
H,M,0,1,-,284.5448542,-20.4237583,15.2844712,-10.5824614,T,,
H,M,1,0,+,44.8465458,60.5665278,138.0259673,1.5002439,T,C,C
H,M,1,0,+,45.1238292,62.7219583,137.1199221,3.4608309,T,,C
H,M,0,1,+,296.5662583,32.1161556,67.3909253,3.6581837,T,,
H,M,0,1,+,297.9961167,47.0273444,80.9928539,10.0915611,T,S,
H,M,0,2,+,300.2500208,42.0085639,77.4349079,6.171887,T,S,
H,M,0,2,+,300.8724708,36.0251472,72.5852415,2.6136608,A,S,C
H,M,0,2,+,300.8725417,36.0246056,72.5848126,2.6133245,A,S,C
H,M,0,2,+,301.4158333,35.6077722,72.4672563,2.018313,T,N,C
H,M,0,2,+,301.5414542,35.3860028,72.3349088,1.8130197,T,S,C
H,M,0,2,+,301.8486833,35.7183083,72.7497167,1.7812562,T,N,C
H,M,0,2,+,301.849025,35.7183361,72.7498898,1.7810376,T,B,C
H,M,0,2,+,302.0296375,42.6061056,78.6431844,5.3694365,T,S,C
H,M,0,2,+,302.3692,35.7336972,72.9916579,1.4344012,T,S,C
H,M,0,2,+,302.4607542,45.4029,81.1842334,6.6070788,T,S,
H,M,0,2,+,302.7428375,41.3527528,77.8716207,4.2465663,T,S,C
H,M,0,2,+,302.7571083,42.126775,78.5291315,4.6582831,T,S,C
H,M,0,2,+,303.1380042,40.2681806,77.1246559,3.4037845,T,S,C
H,M,0,2,+,303.6267875,37.3538417,74.9010592,1.4793631,T,S,C
H,M,0,2,+,304.529125,40.7320722,78.0986175,2.7806528,T,C,C
H,M,0,2,+,304.7154458,38.2795833,76.149677,1.283328,T,S,C
H,M,0,2,+,304.7854083,39.2733972,77.0017286,1.7982828,T,S,C
H,M,0,2,+,304.8805292,39.0572806,76.8648221,1.6154751,T,S,C
H,M,0,2,+,304.91145,38.3358833,76.2829664,1.1881059,T,S,C
H,M,0,2,+,305.0372375,37.8309167,75.9224994,0.8208214,T,S,C
H,M,0,2,+,306.3421833,40.2169639,78.4600586,1.3534478,T,S,C
H,M,0,2,+,307.6457083,44.3152417,82.3556803,2.9570757,T,S,
H,M,0,2,+,314.1449125,44.924725,85.6966969,-0.299602,T,N,C
H,M,0,2,+,316.9809,33.3970139,78.4363032,-9.5443643,T,S,
H,M,0,2,+,318.1182875,44.5317056,87.2899008,-2.6629175,T,S,C
H,M,0,2,+,317.9509792,59.9866083,98.5202215,7.9851701,T,S,C
H,M,0,2,+,322.2406792,58.739775,99.1666681,5.5525293,T,,C
H,M,0,2,+,324.6095167,56.9737361,98.8943497,3.4002428,T,T,C
H,M,0,2,+,324.740075,57.4890417,99.2903888,3.7383174,T,T,C
H,M,1,2,+,326.2219917,62.4605667,103.1362507,6.9948916,T,,C
H,M,1,2,+,326.9157917,59.700375,101.5989538,4.672726,T,,C
H,M,1,2,+,330.1636083,62.4878,104.5775245,5.869348,T,,C
H,M,0,2,+,332.9108375,52.4299861,99.8471223,-3.1294406,T,,C
H,M,1,2,+,336.718175,63.7180194,107.7297229,5.198351,T,S,C
H,M,1,2,+,343.1273125,62.4405333,109.6519574,2.6756599,T,A,C
H,M,1,2,+,343.9269167,62.3063417,109.9272736,2.3931117,T,A,C
H,M,1,2,+,344.1966417,62.7271111,110.220569,2.7197451,T,A,C
H,M,1,2,+,346.3038667,58.2414833,109.3152797,-1.7939832,T,,C
H,M,1,2,+,347.77895,53.0582333,108.0626304,-6.892631,T,,L
H,M,1,0,+,0.9896,61.1036306,117.2262541,-1.241044,T,,C
H,M,1,0,+,1.0158167,62.2219417,117.4430221,-0.1438683,T,,C
H,M,1,0,+,58.9100833,52.6413194,148.8383609,-0.7084965,T,S,C
H,M,1,0,+,80.1795,37.438675,170.037951,0.27064,T,,A
H,M,1,0,+,81.9006125,34.7552667,173.0383156,-0.0921401,T,S,A
H,M,1,0,+,83.421475,36.4597139,172.2939931,1.8776126,T,,A
H,M,1,0,+,83.9188625,21.4032556,185.2194566,-5.8863127,T,,
H,M,1,0,+,84.8533292,30.8907639,177.6301833,-0.1136511,T,,A
H,M,1,0,+,85.6298333,36.2001417,173.4642532,3.2435175,T,S,A
H,M,1,0,+,88.6863792,13.8547389,194.0743657,-5.8765329,T,,
H,M,1,0,+,91.4685667,48.2492806,164.9726808,12.8935102,T,,
H,M,1,0,+,92.2325875,15.7050528,194.1450236,-1.9811,T,S,
H,M,1,0,+,92.4148917,20.4876278,190.0428324,0.4847721,T,N,G
H,M,1,0,+,96.1598042,19.7044,192.4013123,3.2097957,T,,
H,M,2,0,+,97.836925,4.8344028,206.3357052,-2.2471911,T,N,M
H,M,2,0,+,97.9099833,5.0267722,206.1985008,-2.0938742,T,N,M
H,M,2,0,+,97.9688875,5.0331083,206.219956,-2.0388883,T,N,M
H,M,2,0,+,97.9813292,4.9428528,206.305813,-2.0695109,T,N,M
H,M,2,0,+,98.0436292,4.9666083,206.3133549,-2.0034817,T,N,M
H,M,2,0,+,98.038775,4.8235361,206.4381673,-2.0737287,T,N,M
H,M,2,0,+,98.4623208,4.52545,206.8974455,-1.8363178,T,S,M
H,M,2,0,+,98.5982,2.53415,208.7297145,-2.6310577,T,S,M
H,M,2,0,+,99.1078625,6.0831861,205.809639,-0.5491045,T,C,M
H,M,2,0,+,99.350175,6.1353833,205.8739652,-0.3111187,T,C,M
H,M,2,0,+,99.6591125,1.6135167,210.034922,-2.1105164,T,S,M
H,M,2,0,+,100.4967958,6.3454278,206.2095971,0.7982406,T,,M
H,M,2,0,+,100.66895,1.716175,210.4052765,-1.1658459,T,,M
H,M,1,0,+,13.205025,56.6276361,123.1231301,-6.2436007,A,I,
H,M,1,0,+,13.2057917,56.6276972,123.123554,-6.2435373,A,I,
H,M,1,0,+,13.2064583,56.6268972,123.1239272,-6.2443353,A,I,
H,M,1,0,+,13.203975,56.6252306,123.1225621,-6.2460094,T,I,
H,M,2,0,-,105.0878208,-5.8266528,219.1317483,-0.6798446,T,,
H,M,2,0,-,105.3627,-3.1175778,216.8479666,0.802994,T,,
H,M,2,0,-,106.64985,-12.3939528,225.6786159,-2.3157363,T,S,C
H,M,2,0,-,107.3343708,-10.3465667,224.1684538,-0.7784326,T,I,C
H,M,2,0,-,107.5339542,-11.8027389,225.5510693,-1.2762277,T,S,C
H,M,2,0,-,108.6177208,-10.31625,224.7259416,0.3547722,T,N,C
H,M,1,0,+,14.9482875,63.6078528,123.8603356,0.7511654,T,,C
H,M,2,0,-,109.8754292,-22.0048028,235.6410034,-4.0174872,T,S,C
H,M,2,0,-,110.5085542,-8.9793806,224.4143698,2.6274081,T,R,
H,M,2,0,-,118.0845167,-26.4296361,243.1553275,0.3629584,T,N,P
H,M,2,0,-,118.4091917,-26.2340583,243.1369019,0.7130787,T,N,P
H,M,2,0,-,122.7570125,-37.292375,254.4688654,-2.0230237,T,N,
H,M,2,0,-,123.5158333,-36.9522083,254.517531,-1.3306207,T,,
H,M,2,0,-,123.9523542,-35.6313556,253.6142856,-0.304577,T,A,
H,M,2,0,-,126.2324583,-44.3008361,261.755401,-3.771846,T,,V
H,M,2,0,-,131.2930833,-46.0386806,265.285378,-1.9518256,T,B,V
H,M,2,0,-,131.7566333,-44.0746806,263.9554149,-0.4697436,T,,V
H,M,2,0,-,131.8547375,-36.7507444,258.2891764,4.176824,T,,
H,M,2,0,-,132.5875708,-42.0897972,262.7976475,1.2529535,T,A,V
H,M,2,0,-,133.5025625,-42.4857639,263.5348331,1.5209692,T,R,V
H,M,2,0,-,133.7797667,-47.6075417,267.5781546,-1.6296736,T,,V
H,M,2,0,-,134.3702083,-50.7495028,270.2245484,-3.3707014,T,,
H,M,2,1,-,153.917025,-51.2566889,279.6940725,4.4483993,T,,
H,M,2,1,-,154.7427125,-59.7678611,284.8086032,-2.3733866,T,,
H,M,2,1,-,155.5869917,-59.7554694,285.1587161,-2.1314415,T,,C
H,M,2,1,-,155.935225,-57.6420972,284.1762644,-0.2514593,T,R,C
H,M,2,1,-,158.3011083,-58.1704556,285.5246427,-0.0493134,T,N,C
H,M,2,1,-,158.3762542,-60.1277889,286.5454269,-1.7199298,T,R,C
H,M,2,1,-,158.6943042,-58.1561167,285.6967837,0.0672724,T,L,C
H,M,2,1,-,158.706275,-60.1872389,286.7173792,-1.6889082,T,B,C
H,M,2,1,-,159.3428167,-58.6230028,286.223406,-0.1697632,T,N,C
H,M,2,1,-,159.3456542,-58.6230667,286.2247241,-0.1690928,M,N,C
H,M,2,1,-,159.3276125,-58.6282583,286.2190958,-0.1782309,T,N,C
H,M,2,1,-,159.9036375,-57.4612917,285.9158169,0.9891401,T,,C
H,M,2,1,-,160.0517875,-59.8028056,287.1148226,-1.0236093,T,N,C
H,M,2,1,-,160.8248042,-60.1342472,287.613059,-1.1302347,T,C,C
H,M,2,1,-,160.8139167,-60.2011694,287.6398942,-1.1917821,T,C,C
H,M,2,1,-,160.97655,-59.5492694,287.404677,-0.5783314,O,T,C
H,M,2,1,-,160.989425,-59.547575,287.4096403,-0.5737688,T,T,C
H,M,2,1,-,160.9901583,-59.5481944,287.4102595,-0.574141,O,T,C
H,M,2,1,-,161.0015458,-59.8743056,287.5685689,-0.8593138,T,C,C
H,M,2,1,-,161.0006583,-60.0860722,287.6676829,-1.046462,T,C,C
H,M,2,1,-,160.997725,-60.0870361,287.6668444,-1.0480002,M,C,C
H,M,2,1,-,161.0302792,-59.5751694,287.4408745,-0.5884097,T,T,C
H,M,2,1,-,161.0368333,-59.5762472,287.4443113,-0.5878036,T,T,C
H,M,2,1,-,161.0378333,-59.5764722,287.4448641,-0.5877646,A,T,C
H,M,2,1,-,161.0432875,-59.7197472,287.5145362,-0.7129914,T,T,C
H,M,2,1,-,161.0817292,-59.2830028,287.3269421,-0.3181018,T,T,C
H,M,2,1,-,161.1347333,-59.7419444,287.565662,-0.710999,T,T,C
H,M,2,1,-,161.1405833,-59.7376278,287.5662471,-0.7058046,T,T,C
H,M,2,1,-,161.1510417,-60.0913556,287.7364083,-1.0159701,T,C,C
H,M,2,1,-,161.1828125,-59.3569861,287.4071492,-0.3593421,T,T,C
H,M,2,1,-,161.1876125,-59.5651861,287.5066084,-0.5422675,T,T,C
H,M,2,1,-,161.3009042,-59.7501167,287.643519,-0.6791334,T,T,C
H,M,2,1,-,161.4338417,-59.4078194,287.5439652,-0.3447861,T,T,C
H,M,1,1,+,162.0979667,37.5703028,183.1402898,62.1520242,T,,
H,M,2,1,-,161.7243292,-60.0783111,287.983649,-0.8717416,T,B,C
H,M,2,1,-,161.8026292,-60.0974417,288.0271241,-0.8707812,T,m,C
H,M,2,1,-,162.1573708,-60.2237583,288.2418688,-0.9025126,T,A,C
H,M,2,1,-,162.5062708,-57.8739611,287.3395088,1.2745398,T,,
H,M,2,1,-,163.0970167,-58.7465333,288.0064025,0.6318497,T,R,
H,M,2,1,-,164.1491083,-61.7089639,289.7648724,-1.8088205,T,R,
H,M,2,1,-,165.2102,-62.4095139,290.5110158,-2.2353014,T,R,
H,M,2,1,-,166.2312542,-61.0516083,290.401419,-0.7980697,T,L,C
H,M,2,1,-,166.7490875,-59.6678833,290.0896554,0.574175,T,F,C
H,M,2,1,-,166.8080542,-59.8731028,290.1972799,0.3969345,T,F,C
H,M,2,1,-,166.8867375,-59.9635194,290.2688833,0.3290837,T,R,C
H,M,2,1,-,167.1775833,-57.0658139,289.2842267,3.0587741,T,,
H,M,2,1,-,167.2156833,-60.7594167,290.7272335,-0.3416084,T,R,C
H,M,2,1,-,167.5249625,-60.2491389,290.6724621,0.1880802,T,N,C
H,M,2,1,-,167.6751917,-60.3844861,290.7926842,0.0911263,T,C,C
H,M,2,1,-,167.77565,-61.1179333,291.1153859,-0.5693435,T,A,
H,M,2,1,-,167.9565583,-60.6995111,291.0395428,-0.1485568,T,T,C
H,M,2,1,-,168.632925,-59.0246778,290.7352622,1.533032,T,,C
H,M,2,1,-,168.7990792,-59.4161889,290.957076,1.1993599,T,,C
H,M,2,1,-,171.6537708,-59.4371139,292.3287181,1.6771158,T,,
H,M,2,1,-,172.22575,-62.6527306,293.6133499,-1.2837555,T,R,C
H,M,0,1,+,299.9545958,35.3093139,71.5825864,2.8694811,T,S,C
H,M,0,2,+,300.5904708,35.6749556,72.1666973,2.6218338,T,F,C
H,M,0,2,+,301.1134375,33.7051111,70.7260861,1.2103764,T,S,
H,M,0,2,+,304.2814125,41.9573639,79.0119656,3.6198967,T,S,C
H,M,0,2,+,304.3737625,37.3086472,75.1946423,0.961031,T,S,C
H,M,0,2,+,304.4757875,34.8172306,73.1786589,-0.505275,T,S,
H,M,0,2,+,304.6237167,38.8777111,76.6038573,1.6792546,T,S,C
H,M,0,2,+,304.6967458,36.3405778,74.5392207,0.203093,T,S,C
H,M,0,2,+,305.0891417,38.6999194,76.661881,1.2794367,T,B,C
H,M,0,2,+,305.7949458,40.8749611,78.7596549,2.0719169,T,N,C
H,M,0,2,+,305.845175,40.1562556,78.1919466,1.629152,T,S,C
H,M,0,2,+,305.9965958,39.1042417,77.3969688,0.9301057,T,S,C
H,M,0,2,+,306.0054083,38.5137639,76.9175954,0.5852098,T,N,C
H,M,1,0,+,60.8152167,56.5402361,147.1366916,2.9688884,T,,C
H,M,1,0,+,80.6220917,33.5140083,173.471652,-1.6646511,T,N,A
H,M,1,0,+,80.6670792,33.3192722,173.6535115,-1.7439516,T,N,A
H,M,1,0,+,80.693925,33.4198639,173.5832288,-1.6685456,A,N,A
H,M,1,0,+,96.2554167,19.8489083,192.3150292,3.3566204,T,B,
H,M,1,0,+,96.2579167,19.8484778,192.3165052,3.3585029,M,B,
H,M,2,0,-,142.6552208,-51.6596333,274.4667418,-0.2452733,T,,
H,M,2,1,-,161.2746625,-59.6683111,287.5936837,-0.6129209,T,T,C
H,M,2,1,-,161.1560917,-59.5487333,287.4847973,-0.5351903,T,T,C
H,M,2,1,-,160.8785083,-59.4899444,287.3328703,-0.5494016,T,T,C
H,M,2,1,-,160.796575,-59.7391722,287.4139599,-0.7886868,T,N,C
H,M,2,1,-,162.9698042,-58.976475,288.0492063,0.3965446,T,R,C
H,M,2,1,-,160.6823792,-59.904575,287.4416716,-0.9615614,T,C,C
H,M,2,1,-,160.9333583,-59.8049889,287.5057315,-0.8142497,T,C,C
H,M,2,1,-,161.1228292,-59.9550306,287.6601366,-0.9020952,T,m,C
H,M,2,1,-,161.1884917,-59.9115417,287.6688714,-0.8482691,T,C,C
H,M,2,1,-,161.5237667,-59.8470694,287.7878392,-0.7129417,T,N,C
H,M,2,1,-,161.3919417,-59.9574056,287.7804391,-0.8413529,T,m,C
H,M,2,1,-,161.0461583,-60.0559944,287.6736044,-1.0092469,T,C,C
H,M,2,1,-,161.6377875,-60.0701722,287.941577,-0.884413,T,B,C
H,M,2,1,-,161.8184167,-60.0944361,288.0327373,-0.8644977,M,B,C
H,M,2,1,-,162.0646792,-60.2657667,288.2200204,-0.9608538,T,N,C
H,M,2,1,-,174.4935542,-63.3165167,294.7944672,-1.6113576,T,B,C
H,M,0,1,-,271.3572417,-23.0056528,7.3647582,-0.8511078,T,R,S
H,M,3,1,-,259.8767375,-35.7100389,351.3169055,0.9174996,T,N,
H,M,3,1,-,260.210875,-35.8627694,351.3465797,0.6077967,T,N,
H,M,3,1,-,259.9423167,-36.0978722,351.029435,0.6517692,T,N,
H,M,3,1,-,259.9377083,-36.0963889,351.0285185,0.6556712,A,N,
H,M,3,1,-,259.9539375,-36.1008222,351.0323933,0.6423821,M,N,
H,M,3,1,-,254.7308,-40.2425944,345.2606973,1.4727252,T,C,S
H,M,3,1,-,260.3158083,-37.9859944,349.6497273,-0.6712387,T,S,
H,M,3,1,-,253.558775,-41.8356889,343.4640936,1.1674574,M,N,S
H,M,3,1,-,253.6081583,-41.8321944,343.4899984,1.1410895,T,N,S
H,M,3,1,-,256.3804833,-41.5222556,345.0118924,-0.2967428,T,R,
H,M,3,1,-,247.3298542,-44.4706306,338.4854355,2.845195,T,,A
H,M,3,1,-,251.6389708,-47.0808194,338.5557965,-1.1337895,T,H,A
H,M,3,1,-,253.6762667,-45.2541111,340.8627534,-1.0521681,T,R,A
H,M,0,1,+,296.425475,25.3545694,61.4721192,0.3786909,T,S,V
H,M,0,1,+,296.7614125,24.8487694,61.1877122,-0.1385036,T,,V
H,M,0,1,+,295.4696708,24.3475194,60.1667317,0.6285345,T,,V
H,M,0,1,+,295.5477917,23.4334778,59.408369,0.1132793,T,N,V
H,M,0,1,+,295.7869583,23.3022889,59.4035976,-0.1424348,M,N,V
H,M,0,1,+,295.7782833,23.2701111,59.3717204,-0.151532,T,N,V
H,M,0,1,+,295.7957083,23.2959389,59.4020882,-0.1525654,T,N,V
H,M,0,1,-,270.9180542,-24.3785389,5.97081,-1.173701,M,N,S
I,M,1,0,+,81.968325,34.7828417,173.0463099,-0.030574,T,S,A
L,M,2,0,-,130.1991333,-45.0583944,264.0405516,-1.9501312,T,,V
L,M,0,2,+,304.2729792,41.963025,79.0131717,3.6282589,T,S,C
L,M,0,2,+,308.802675,46.8533667,84.8844338,3.8085766,T,B,C
L,M,0,2,+,308.8273583,46.8341389,84.879087,3.7835509,T,B,C
L,M,1,0,+,82.4276958,35.3750194,172.7612925,0.6103343,T,S,A
M,M,1,0,+,59.8262083,57.2371444,146.2703811,3.1396762,T,A,C
M,M,0,1,-,274.5245625,-12.2425806,18.2514463,1.6839469,T,N,S
M,M,3,1,-,238.4524875,-54.5862889,327.3879205,-0.6154622,M,,N
N,M,1,0,+,70.1552,50.4613778,155.3596117,2.6099185,T,N,
N,M,2,1,-,168.7889708,-61.2672417,291.624272,-0.52729,O,N,
N,M,2,1,-,168.7863,-61.2666528,291.6228618,-0.5272074,O,N,
N,M,2,1,-,168.7812417,-61.262875,291.6192241,-0.5245703,O,N,
N,M,2,1,-,168.7971542,-61.2654528,291.6272886,-0.5241952,O,N,
N,M,2,0,-,129.7896833,-40.4192444,260.1815959,0.6431126,T,R,
P,M,1,0,+,96.8157375,14.8892278,196.9592756,1.5246446,T,,M
P,M,3,1,-,261.1812583,-34.1991556,353.1678786,0.8947086,T,P,
P,M,3,1,-,261.1501458,-34.2334722,353.1250295,0.8966965,M,P,
P,M,3,1,-,261.1907708,-34.1610944,353.2037883,0.9095876,M,N,
P,M,3,1,-,261.1206333,-34.2474111,353.09978,0.9090314,M,N,
P,M,3,1,-,261.1863875,-34.2007556,353.1689393,0.8903004,M,P,
P,M,3,1,-,261.1804708,-34.2122639,353.1566688,0.8878804,T,P,
P,M,3,1,-,261.17625,-34.2225917,353.1461636,0.8849629,M,N,
Q,M,0,1,-,274.7445417,-13.9912361,16.8118502,0.6679837,T,N,S
Q,M,2,1,-,161.0954583,-59.9933194,287.6659707,-0.9423394,T,C,C
S,M,2,1,-,155.8478875,-58.0057778,284.331633,-0.5835565,M,R,C
S,M,1,2,+,348.3934792,61.5040917,111.5346329,0.8170099,T,N,C
S,M,1,2,+,348.3760125,61.5028722,111.5264362,0.8189494,M,S,C
T,M,2,1,-,164.7533542,-61.1472889,289.7887632,-1.1776201,M,R,
T,M,2,1,-,156.4854375,-57.8120833,284.5154722,-0.2393989,M,R,C
T,M,2,1,-,172.7955292,-65.74225,294.8078781,-4.1443553,T,,C
T,M,2,1,-,160.9806417,-59.5468361,287.4053635,-0.5752089,A,T,C
T,M,2,0,+,99.1208458,10.822425,201.605786,1.6399414,T,S,M
T,M,1,0,+,0.5792792,67.427375,118.2309434,5.0050529,T,B,C
T,M,3,1,-,259.56415,-34.00165,352.5687159,2.108506,T,S,
T,M,2,1,-,161.1259083,-59.4369361,287.4189407,-0.4435572,T,T,C
V,M,3,1,-,253.5826875,-41.8359333,343.4751352,1.1534713,M,N,S
V,M,2,0,-,112.223275,-26.108025,240.2816001,-4.0504052,T,S,C
V,M,2,0,-,130.9575375,-46.1191056,265.2040328,-2.1842811,T,,V
V,M,0,1,-,276.5626875,-14.848425,16.8815399,-1.2891801,T,S,S
V,M,2,1,-,161.1971125,-59.7314528,287.5885463,-0.6870245,T,T,C
V,M,2,1,-,161.284275,-59.6804111,287.6036182,-0.6213639,M,T,C
V,M,2,1,-,161.401325,-59.8064917,287.7144928,-0.7055257,M,T,C
V,M,1,0,+,0.4452917,67.5069806,118.1956152,5.0930018,T,B,C
X,M,1,0,+,58.8461583,31.0458444,163.0813526,-17.1361925,T,,P
Y,M,0,2,+,313.0149042,34.6576417,77.2507242,-6.2259633,T,S,
[,M,2,1,-,161.3428167,-59.8464083,287.7070125,-0.7545379,M,N,C
a,M,1,0,+,73.5125458,66.3426611,144.0655901,14.0423732,T,,
d,M,3,1,-,229.2370583,-60.9572556,319.6882133,-2.9112113,T,A,
d,M,2,0,-,83.0016583,-0.2990806,203.8558988,-17.739737,T,C,O
d,M,2,0,-,83.001725,-0.2991417,203.8559886,-17.7397075,A,C,O
i,M,2,0,-,83.8582542,-5.9099,209.5221055,-19.5834699,T,N,O
l,M,1,2,+,332.8774333,59.4145139,103.8279776,2.610799,T,S,C
l,M,1,0,+,83.7844875,9.9341556,195.0518916,-11.9950651,T,C,O
m,M,2,0,-,86.4995625,-32.3064389,237.2861651,-27.1020781,T,N,O
m,M,3,1,-,248.5209292,-44.0453167,339.3796933,2.5126005,T,N,A
s,M,2,0,-,84.6865208,-2.6000694,206.8163271,-17.3360107,T,C,O
t,M,2,0,-,109.6770292,-24.9543833,238.1809329,-5.5429645,T,N,C
t,M,3,1,-,197.0293667,-65.3074944,304.6742617,-2.4921867,T,,C
t,M,2,0,-,83.8185958,-5.3897722,209.0108097,-19.3840945,T,N,O
t,M,2,0,-,83.8454167,-5.4160556,209.0484604,-19.3721664,T,N,O
u,M,2,0,-,82.98275,-7.3015417,210.4356255,-20.9830462,T,S,O
x,M,1,0,+,59.74125,35.7910333,160.3722821,-13.1065358,T,N,P
z,M,0,1,-,249.2897083,-10.5671528,6.2811518,23.5877316,T,S,U
z,M,2,0,-,85.1896958,-1.9425722,206.4521784,-16.5851649,T,C,O
z,M,2,0,-,85.1898792,-1.9432194,206.452865,-16.5853043,T,C,O
z,M,2,0,-,120.8960292,-40.0031472,255.9758756,-4.705686,T,,V
