source_id,ra,ra_error,dec,dec_error,pmra,pmra_error,pmdec,pmdec_error,parallax,parallax_error,radial_velocity,radial_velocity_error,phot_g_mean_mag,l,b,ruwe,distance_bj,distance_bj_low,distance_bj_high,Name,Mx,Mx_err,Mo,Mo_err,RV,RV_err,Period,Period_err,Spin_period,Spin_period_err,distance_para,pm_l_poleski,pm_b_poleski,galactic distance,circular velocity,LSR velocity,mu_l_sol,mu_b_sol,RV_r_sol,mu_l_rot,mu_b_rot,RV_rot,Peculiar Velocity,Peculiar Radial Velocity,peculiar_mu_l,peculiar_mu_b,Peculiar Velocity 3D,dist_err,SpType,Mod_SpType,SpColor
168450545792009600,58.84615062234396,0.02955361269414425,31.045836091857545,0.02079164795577526,-1.282117252826291,0.05307381600141525,-1.8690907560201113,0.030308086425065994,1.627402622661778,0.03745640814304352,,,6.261696815490723,163.0813533466715,-17.136203125538678,1.5027114152908325,0.6001466000000001,0.586646,0.6135245,X Per,,,15.5,,1.0,0.9,250.3,0.6,837.6712,0.0003,0.6144760897364175,0.3095889769659371,-2.245323934218814,8.700283372674695,240.10342425051675,61.95124561277016,5.678754520826265,-1.8927588919495255,8.331080353841104,-0.46936479892475763,-0.44992532117984846,-4.431322519296764,13.941189475632727,-2.8997578345443404,-4.89980074493557,0.09736027891056015,14.239570200483369,0.014142822981115537,B0Ve,xkcd:purple,xkcd:green
184497471323752064,80.64680481184236,0.025397874414920807,37.6759929364201,0.01957647316157818,1.3049449567151956,0.04082612693309784,-3.9994793622028038,0.02804887294769287,0.7213697567669315,0.030094077810645103,,,7.2317328453063965,170.05338802722687,0.7103172589013076,1.0481436252593994,1.3198279,1.2776985,1.3696732,EXO 051910+3737.7,,,17.5,,-20.5,4.4,,,,,1.3862516284046154,4.038422032220199,-1.1789249333274139,9.452638909302912,240.8838107733035,35.50056774678729,2.439435356227649,-1.2311682821565653,8.193677748526671,-0.1463444758629011,0.011132043075021853,-6.514993682543146,10.921792847284518,-22.178684065983525,1.7453311518554506,0.04111130575412953,24.72204655560916,0.05783159604211228,B0 IVpe,xkcd:purple,xkcd:green
252878401557369088,70.24720739300419,0.011905986815690994,44.53034418647852,0.008385959081351757,0.10064623612212906,0.016362275928258896,-1.186127754569379,0.013658520765602589,0.378823380551682,0.015042701736092567,,,10.40385627746582,159.8470955000755,-1.2700235829277626,0.8796510100364685,2.4436519,2.3526979999999997,2.519473,RX J0440.9+4431,,,17.5,,,,150.0,,202.5,0.5,2.639752590095405,0.9593255549561471,-0.7047859211231655,10.477343032770246,241.85577277691382,64.06117023428585,1.4234979660475775,-0.64554297906578,5.620332737130843,-0.5022273305322419,-0.03456049782896494,-23.21298212009085,0.5253842437964262,,0.03805491944081152,-0.02468244422842062,,0.10482196429390027,B0e,xkcd:green,xkcd:green
276644757710014976,64.92556123476727,0.012604312971234322,55.999360679043434,0.008108320645987988,-0.4735607216045463,0.01827656850218773,-0.5096656032780096,0.013492867350578308,0.2100882458297216,0.014864281751215458,,,10.766115188598633,149.17651611413766,4.133059262254314,1.1442627906799316,4.128381999999999,3.857449,4.402587400000001,XTE J0421+560,,,,,-51.0,2.0,19.41,0.02,,,4.759904563202022,0.02670675915560328,-0.6952017931699837,11.874963606736411,243.04361964900133,84.15072114876706,0.8796196505446521,-0.3958616206504662,1.7521777685708044,-0.9355976382373346,0.13970778538641704,-55.12521551866847,8.74255457081801,2.3730377500976645,0.08268474684828575,-0.4390479579059345,9.05889444618489,0.3367754452749184,B1/2I[e],xkcd:green,xkcd:green
414196617287885312,18.996040698840275,0.010982572101056576,59.15394486765568,0.012779636308550835,-2.4625832668630094,0.014893881045281887,-0.546486466252775,0.01677328534424305,0.3391933399322079,0.018039019778370857,,,11.412055969238281,126.08000772759438,-3.5676859152271287,1.0861941576004028,2.607235,2.499728,2.700093,EM* AS   14,,,,,,,,,,,2.9481710938070385,-2.3920245855272095,-0.800738525527853,9.908228429852588,241.32785437376185,158.3873947042304,1.3543735403539963,-0.6370991545909823,-4.149277022000289,-3.025490641480909,-0.17042466777322507,-41.0680036965889,8.909581185094764,,-0.7209074844002972,0.006785296836354426,,0.15678997907752415,B1-2 III/Ve,xkcd:green,xkcd:green
426558460884582016,14.177450998208093,1.8335996866226196,60.71672280471204,2.3911945819854736,,,,,,,,,2.0645833015441895,123.57698659515256,-2.1484240190698634,,,,,gam Cas,,,13.0,0.0,-0.018,0.075,203.371,0.089,,,1.0,,,0.0,1.6803199999999998,inf,,,-5.069058694788397,,,nan,,nan,,,,,B0.5IVpe,xkcd:purple,xkcd:green
427234969757165952,9.290132580203235,0.008413794450461864,61.36013319063004,0.009818237274885178,-1.7956235405295953,0.010947090573608875,-0.5251300483100196,0.013608978129923344,0.27189066538368456,0.012059882283210754,,,9.454655647277832,121.22141620023214,-1.4641898756122689,0.9751836657524109,3.40784,3.2624436,3.5502334,IGR J00370+6122,,,22.0,,-80.0,3.0,15.6649,0.0014,674.0,,3.677948996847052,-1.8178140519374264,-0.4422414945716403,10.33498447483242,241.7263509582219,161.12538913612698,1.0081838839954012,-0.47988460641303254,-5.836009540939745,-3.2159193819642735,-0.0674952538869339,-54.089587838333074,6.523414064590358,-20.07440262072718,0.3899214460314462,0.10513836572832615,21.107737245786286,0.16313775201894146,BN0.5II-III / BN0.7Ib,xkcd:red,xkcd:red
444752973131169664,53.749629724978455,0.013929484412074089,53.17313997828423,0.012730369344353676,-0.26805266659388,0.019742585718631744,0.4401283844933388,0.01982794515788555,0.13434727271763658,0.020151322707533836,,,14.200214385986328,146.05208942276994,-2.1940257086354467,1.0700557231903076,5.883423,5.4845513,6.3010405,V 0332+53,,,18.8,,,,36.5,0.29,4.4,,7.4433963546230135,-0.4757472370713855,0.19806512394601175,13.4343354203113,244.21979884912392,81.47805821038516,0.6208160537405135,-0.27045155073291544,1.65427792924791,-0.9427488161555174,-0.07116499591209231,-85.389013145311,15.649671507668813,,-0.15381447465638154,0.5396816705910196,,1.11646689171978,O8-9Ve,xkcd:dark blue,xkcd:blue
465628193526364416,40.91843191991435,0.006756731308996677,61.434377668355616,0.008564884774386883,-0.7289798897496916,0.010312550701200962,0.13432816094165279,0.011728739365935326,0.18150880543038156,0.011328215710818768,,,12.386541366577148,135.93415668064728,1.4287879422071408,1.0006848573684692,5.1687217,4.8863296,5.4875684,Swift J0243.6+6124,,,,,,,28.3,0.2,9.8661,0.0003,5.509374587248629,-0.7167206082424593,-0.18912245821688806,12.39515842179176,243.45168046193712,109.80117279517823,0.7054520081533407,-0.30838243279444794,-1.8873208171996785,-1.6455538750891912,0.05721105543966357,-85.46744939113101,5.679991890185767,,0.2233812586933912,0.062048919137896306,,0.3438476916206344,O9.5Ve,xkcd:dark blue,xkcd:blue
465645515129855872,40.131931264833995,0.007332205772399902,61.22933050838676,0.00920911505818367,-0.42343174759612834,0.01132231391966343,-0.2555250178055092,0.011918910779058933,0.37764990611808313,0.012974979355931282,,,10.40222454071045,135.6752737697255,1.0861251738760371,0.9269739985466003,2.4739568,2.4065700000000003,2.5448572,LS I+61 303,,,12.5,,-41.41,0.6,26.496,0.0028,,,2.647955113451878,-0.279058609498088,-0.4083059784791434,10.06896654973379,241.47984983478042,135.04700333459118,1.473198301271711,-0.6451137369363004,-1.9201631580140313,-2.2004110313025027,0.05079968313561308,-38.81945854694601,5.689991410537797,-0.6703782950399559,0.44815412053270376,0.18600807532154387,5.7293463248833705,0.09097622527073537,B0Ve,xkcd:purple,xkcd:green
511220031584305536,26.750875487648646,0.011500537395477295,61.356572911514526,0.013774354942142963,-1.029427556881088,0.01621834933757782,-0.08166309914192828,0.016919506713747978,0.32796283875254345,0.02165328525006771,,,11.215371131896973,129.54110404226162,-0.8001119868579849,1.351809024810791,2.7401304,2.5974229,2.877874,RX J0146.9+6121,,,9.6,,,,330.0,,1407.4,3.0,3.0491259430600497,-0.9855121261320304,-0.30847334710531277,10.117369848940804,241.52516398767023,148.36807050331797,1.3078626323705722,-0.5889723333446671,-3.5057845056108183,-2.6715121500591055,-0.03804905537456457,-43.92857274633573,6.421760953624458,,0.37813739155650294,0.3185480416139189,,0.2013142527354372,B1III-Ve,xkcd:green,xkcd:green
518990967445248256,29.577032913394262,0.008842416107654572,67.22318460660581,0.010229337960481644,-1.1979575137021086,0.010899312794208527,0.3002206665717444,0.013282542116940022,0.1332721013963377,0.013151251710951328,,,13.687518119812012,129.3522357669255,5.1887233924182254,1.092895269393921,5.6482246,5.216058,6.2012065000000005,IGR J01583+6713,,,12.5,,,,,,469.2,,7.503445878939821,-1.2346680901134437,-0.02879862024023381,12.498104217451575,243.53048134902082,120.64227873191246,0.6340368597467319,-0.2703180870907844,-4.340525578154056,-2.0311456028284396,0.2144610994896091,-96.96119424112405,4.408878228188892,,0.16244065296826404,0.027058367360941527,,0.7404378292195948,B2IVe,xkcd:dark purple,xkcd:green
519352324516039680,23.95771733364349,0.0074431453831493855,66.21202346679833,0.008329693228006363,-1.6256635994947488,0.008630420081317425,-0.02743521083805346,0.011114322580397129,0.1668629279602417,0.01096498966217041,,,12.461552619934082,127.39442158128841,3.7256576059257593,1.0535520315170288,5.563626500000001,5.248088399999999,5.9916035,IGR J01363+6610,,,12.5,,,,159.0,2.0,,,5.9929429036404605,-1.5939762607956323,-0.32058463708656854,12.337078133540114,243.40694447131082,125.77717053988418,0.6385499035475829,-0.27711774582794346,-4.730887622433924,-2.1873251476018836,0.15679355650174195,-96.12275557895667,5.41404167184289,,-0.04520101674133148,-0.20026044776036703,,0.39381160205970045,B1Ve,xkcd:light purple,xkcd:green
524677469790488960,19.63319348306226,0.01089562103152275,63.74252240557648,0.012050527147948742,-1.6837604152272512,0.013374864123761654,0.5035569322350394,0.016997672617435455,0.13630637395963652,0.01634519174695015,,,14.304468154907227,125.92351442320867,1.0282648921450845,1.0173410177230835,5.6585684,5.234406699999999,6.1456973,4U 0115+634,,,17.5,,,,24.3174,0.0004,3.614316,5e-06,7.33641407184761,-1.730226018688214,0.3081179062348416,12.350602674028679,243.41737970903503,128.3175283020498,0.6235655487940277,-0.280178754985223,-4.812514980918908,-2.2752406365679985,0.043489846521853566,-98.48596015220566,14.763702010139248,,-0.07855093091424337,0.544806814698211,,0.8797467884728718,B0.2Ve,xkcd:purple,xkcd:green
524924310153249920,19.511227046863358,0.007461200468242168,65.29162260285469,0.008893749676644802,-1.2433985583085483,0.009154735133051872,0.7606173957665759,0.011805354617536068,0.1964171573898191,0.011268352158367634,,,10.520528793334961,125.70997540875491,2.563488419804798,0.944641649723053,4.5270576,4.3225546999999995,4.8506323,2S 0114+650,,,16.0,2.0,-31.0,5.0,11.5983,0.0006,10008.0,36.0,5.091204929798221,-1.3209841517227512,0.6161003720529863,11.397508308296436,242.65367986781396,139.00787288065314,0.7786042931208563,-0.34394356243495516,-5.0743600444446795,-2.5374927243580867,0.1138067905909506,-76.28096804664884,20.445982245459895,50.35532809109352,0.4379042795144792,0.8462371438969909,54.347927809101726,0.29207983061034437,B1Iae,xkcd:bright green,xkcd:green
1978365123143522176,323.5848682806499,0.011234178207814693,47.63337917570627,0.011219699867069721,-2.2116582562207454,0.014625879004597664,-2.55791755533225,0.01455289963632822,0.08351192645368731,0.014160461723804474,,,14.003633499145508,92.17160730696891,-3.1176825605720886,1.0569863319396973,8.518012,7.761804,9.59976,IGR J21347+4737,,,12.5,,,,,,322.7,0.6,11.97433758823135,-3.3543140337077446,-0.4277286820609328,12.000740460416198,243.143835438971,162.62015047222937,0.28006136847556323,-0.20571017463872476,-12.748142588691795,-4.077654449991409,-0.10193293494925323,-111.26110432625148,18.54266860874744,,0.44327904780810146,-0.12008557247295479,,2.030394415342535,B1--1.5III--V,xkcd:black,xkcd:red
1979911002134040960,330.4091919702234,0.0112070357427001,50.16795238313883,0.011057302355766296,2.364625293266044,0.014718983322381973,-0.2937024864956449,0.013353955931961536,0.8781947661310571,0.013396814465522766,,,9.304606437683105,97.24776932144769,-4.041208697923339,0.9346024990081787,1.1175298,1.0990605,1.1369066,1H 2202+501,,,,,-16.8,2.5,,,,,1.1386995670739004,1.7284177853776819,-1.6402090986570457,8.364063595591775,239.7334877327552,229.03096908572496,2.346474064359324,-1.5925472121470545,-11.563043701438762,-5.808519172183838,-0.07971582138101052,-6.133834230407068,27.49487986135238,0.8968779318458289,5.190462893202197,0.032053934871019374,27.509503968898326,0.017370801353402254,B3e,xkcd:green,xkcd:green
1982359580155628160,340.73874140526055,0.013241217471659184,44.72172459979292,0.014299740083515644,-3.4776109132211244,0.015737077221274376,-3.1589986974648205,0.016737615689635277,0.485993229298655,0.018474221229553223,,,8.70506763458252,100.17544003164187,-12.398496666587082,1.138658881187439,1.9588258,1.9000535,2.0270062,MWC 656,5.4,1.6,7.8,2.0,-14.1,2.1,60.37,0.04,,,2.05764183472909,-4.560814871598569,-1.127837816950831,8.694348952362466,240.0970146378794,214.29458223587818,1.4036595262701708,-1.0648783005453872,-9.578644899290467,-5.438742804287912,-0.33631382060475334,-15.152979266511425,5.501734683381816,10.631624165801892,-0.5257315935808275,0.2733543041993096,11.970819392555766,0.07821781904415968,B1.5-B2III,xkcd:red,xkcd:red
2005653524280214400,331.98428755192987,0.01205048244446516,54.518432170802825,0.011263555847108364,-4.172517978480273,0.015193975530564785,-3.316562372366748,0.013615788891911507,0.3050532500378427,0.013605252839624882,,,9.743356704711914,100.60324189142595,-1.1059224650682717,0.9785323143005371,3.1674092000000003,3.0472979000000002,3.3326724,4U 2206+543,,,18.0,,-54.5,1.0,9.558,0.04,392.0,,3.2781161973391435,-5.3203649202928,-0.3212621444519147,9.27089679752768,240.70091275872343,205.83747960495762,0.8737514207648808,-0.5207464477558823,-11.231698001733578,-5.020690478432538,-0.03605527428408416,-31.89770741260445,17.96866265304317,-11.370594585661971,-1.1734258626251428,0.23553957758805177,21.264130802136112,0.14620267017950472,O9.5IIIe,xkcd:bright blue,xkcd:blue
2021785421455305344,295.5465223645784,0.03207533434033394,25.934890350462474,0.04769733175635338,-1.953244017446547,0.0427125059068203,-3.987108346450195,0.05859220772981644,0.019283663596520964,0.060263168066740036,,,17.05453872680664,61.58010557440001,1.3548851543347347,1.0167852640151978,8.438992,6.744408999999999,10.507007999999999,1RXS J194211.9+255552,,,,,,,166.5,0.5,,,51.85736595096036,-4.428399138706507,-0.3185533335675472,8.494162928397346,239.87829956529336,200.47692261738592,0.07564288681034087,-0.17983434537961984,-17.27593458522321,-5.975360327869705,0.004971112547385687,-8.762432339545676,59.13393912122021,,1.4713183023528567,-0.14369010073531308,,162.0588921891883,,xkcd:black,xkcd:grey
2026914849346539008,297.48094936995193,0.0128928292542696,25.566594846422447,0.019209254533052444,-2.3838963550775913,0.01785130985081196,-5.145184250598648,0.027028784155845642,0.11141137992886387,0.026741143316030502,,,13.963172912597656,62.13626690776949,-0.3368577763444705,0.9918761253356934,5.6107773,4.7615747,6.645741,IGR J19498+2534,,,,,,,,,,,8.975743776250683,-5.637517262640846,-0.6117858430750652,7.4269311962337765,238.62153583702874,229.5925163154751,0.1200082454428776,-0.28953592116532184,-17.025860471573704,-6.3000652198197304,0.004490398092636957,18.510112593604376,16.84350021706526,,0.5425397117360067,-0.32674032000238035,,2.1543728373344093,early BIa,xkcd:red,xkcd:grey
2028089540103670144,296.4139748795565,0.01702195405960083,27.365399152475934,0.022254357114434242,-2.4130254444730657,0.023112494498491287,-4.043007630284439,0.028101064264774323,0.02069077540146113,0.029170023277401924,,,15.688565254211426,63.207143530473964,1.3955652936534102,1.0054941177368164,12.164791,10.002854,14.738491,XTE J1946+274,,,15.0,0.0,,,172.7,0.6,15.78801,4e-05,48.330716495495984,-4.708307340567436,0.021082717363817907,11.178671516200723,242.46968196233783,155.83572976095996,0.06087487571364859,-0.12458161585932383,-17.18825854449588,-4.953932216260752,0.024107540351863795,-78.26274146350757,12.751923008786106,,0.184749999979668,0.12155679287127794,,68.13703681146595,B01-IVVe,xkcd:purple,xkcd:green
2031939548802102656,297.39783883472126,0.008815532550215721,30.20880848740128,0.011791565455496311,-2.26403288923693,0.011820588260889053,-4.08907537104113,0.014689060859382153,0.027654384165323034,0.01372900977730751,,,13.834043502807617,66.09896538287826,2.083585457599563,1.0205581188201904,13.692617,11.93849,16.453439999999997,KS 1947+300,,,17.5,,,,40.415,0.007,18.7,,36.16063167495666,-4.671153313150496,-0.16342900184735476,12.778697774193052,243.74213997722492,140.06787756453457,0.06723438504633676,-0.10760405914301759,-17.07466449539618,-4.430239822651437,0.04378000014029257,-122.45862063713479,21.01858103923414,,-0.30814787554539613,-0.09960494284462974,,17.951933510839638,B0Ve,xkcd:purple,xkcd:green
2033989790047905024,300.09104899633587,0.014430977404117584,32.18973933161206,0.017375720664858818,-2.850743997098801,0.02021029405295849,-4.300169718523636,0.023098601028323174,0.06746486507910339,0.021092984825372696,,,15.064558029174805,68.98602751827119,1.1341894069944143,1.0242297649383545,8.466655000000001,7.374865,10.096501,IGR J20006+3210,,,,,,,,,889.7,4.7,14.82253019890409,-5.158080851424149,0.11136819686971562,9.41274881781569,240.84395809675686,192.62331271690525,0.12969279796998442,-0.18116631544864928,-16.715526090908323,-5.572483038915577,0.014576993409376385,-34.12693905882778,15.968269261659273,,0.284709389521443,0.2779575189089885,,4.634284885807226,early BV or mid BIII,xkcd:black,xkcd:grey
2034031438383765760,298.92639832142635,0.01613403484225273,32.096930318736355,0.021289147436618805,-2.158047594075068,0.020837534219026566,-6.0711257533713265,0.02580876834690571,0.2575299882811361,0.024460982531309128,4.735715389251709,0.5058494210243225,8.358266830444336,68.39194055158187,1.9268933031575586,0.9647663235664368,3.3417725000000003,3.1170286000000003,3.59347,4U 1954+319,,,9.0,4.0,,,1296.6375,,18612.0,,3.883042928997987,-6.299409845170768,-1.3539471681374267,7.584817975233764,238.81799726539035,236.45023771423962,0.3177243449250364,-0.4442435931714961,-16.86755941286106,-6.155233981153934,-0.0347062340468712,15.207277037067806,15.672576232404714,,-0.46190020894187,-0.8749973409190593,,0.36882324225034974,M4 I,xkcd:grey,xkcd:grey
2059383668236814720,299.59029482904185,0.010937962681055069,35.201578765113695,0.013002580031752586,-3.812385175624448,0.014573606662452221,-6.309893239635542,0.017452912405133247,0.44390196847449304,0.014949423260986805,,,8.536617279052734,71.33495940203416,3.0668344499402203,0.9672424793243408,2.1648872,2.0902837,2.2395312,Cyg X-1,21.2,2.2,40.6,7.7,-7.0,5.0,5.5998,0.0001,,,2.252749640729428,-7.3714385326728324,-0.1045341185716774,7.734255594267884,239.0003595099426,236.2291037628645,0.5729638570842474,-0.6543693260618467,-16.724298188528177,-6.041258179416216,-0.06266175982767824,11.38923027039962,20.5157164141105,-1.664932081871445,-1.903144210340864,0.6124969673178475,20.583163479442312,0.07586654322808055,O9.7Iabpvar,xkcd:blue,xkcd:blue
2063791369815322752,308.0636268551211,0.06144415959715843,37.63743239546562,0.07595060020685196,-3.370917952976648,0.08323334902524948,-5.400072973224192,0.09149152785539627,0.3418462523155139,0.08463052660226822,,,16.891359329223633,77.15184001171907,-1.241801183457772,0.9876781702041626,2.2464055,1.8421162,2.8250574,EXO 2030+375,,,17.5,,,,46.0214,0.0005,41.306,0.003,2.9252916866177308,-6.342133523384574,-0.5488336117697298,7.9577672197563265,239.26689494386665,236.76286102148612,0.7048665411339958,-0.7454589819242398,-15.492685150941254,-6.1375734414050624,0.011312672088441786,5.425851082762715,9.882534037467314,,-0.9094266231135082,0.1853126980660682,,0.724211467075547,B0Ve,xkcd:purple,xkcd:green
2065653598916388352,314.6980582988151,0.011033155024051666,41.776979685270454,0.012759363278746605,-2.2095525666212845,0.01521301455795765,-3.351196585258945,0.0173322930932045,0.07752894522296322,0.015234453603625298,,,14.130870819091797,83.56987683360249,-2.655492481981887,1.0024276971817017,8.942419,8.174374,9.664132,GRO J2058+42,,,18.0,,,,55.0,,195.25,0.02,12.898408421836894,-3.9749598405749427,-0.5588697196398714,11.397859969457976,242.65397280419216,170.10125595745563,0.21725910952095592,-0.1952012164057227,-14.356028956859152,-4.5461492287936816,-0.07304304637406986,-93.35646115726068,19.41169354094189,,0.35393027869778315,-0.2906254568600789,,2.5345398947189954,O9.5-B0IV-Ve,xkcd:dark blue,xkcd:blue
2067835682818358400,308.0546693559062,0.011941006407141685,41.4567587500388,0.014621440321207047,-2.8762382942769733,0.017133817076683044,-0.9478946506888151,0.019980531185865402,0.5677534793686149,0.01559421420097351,,,11.277183532714844,80.2238146279451,1.0278993456654848,1.0710746049880981,1.6711115,1.6312898,1.7172421999999998,PSR J2032+4127,,,15.0,2.8,,,17000.0,1000.0,0.14324743146,2e-11,1.7613278233223268,-2.4858584516354987,1.7296701282909832,8.036775450898931,239.35939386901504,237.05301623366304,1.0521168596706625,-0.9248055491033474,-15.370233959859341,-6.12386563905507,-0.0074205968857626835,3.230518863397071,29.39615199576737,,2.5858903277489085,2.6618962742800933,,0.048377551795134144,B0:e/B0:Vn,xkcd:black,xkcd:red
2070085317968809216,310.8277570377428,0.05323758348822594,44.638891277204316,0.05205783620476723,-2.6133344012162185,0.06613888591527939,-4.23233099180295,0.07114925980567932,0.04162604925642393,0.0633568987250328,,,16.563579559326172,83.98370959231536,1.3407233597302817,1.0781673192977905,7.6816357,5.974811,9.595829,,,,,,,,,,,,24.023418457029653,-4.936419930705,-0.6114741077873269,10.59612348358333,241.96247288868176,182.89518668144083,0.25583187504971755,-0.19925254372238396,-14.830865662463326,-4.855665973135637,0.03481685853350189,-70.42311188359717,20.374958246332785,,-0.3365858326190807,-0.44703842259844484,,36.564827010966496,B0-2e,xkcd:green,xkcd:green
2083644392294059520,307.62850374937096,0.014208544977009296,47.86406792934166,0.015089851804077625,-2.7141040155086364,0.019856886938214302,-4.536134376478879,0.01818365603685379,0.41938547226134665,0.015947412699460983,,,9.025330543518066,85.23069069394988,5.047488517939756,1.245266318321228,2.2961274,2.2178083,2.3662458,RX J2030.5+4751,,,14.6,,,,46.02,,,,2.3844412030010287,-5.261899380047558,-0.5052629045642008,8.279742467009521,239.63847080693097,232.024044269599,0.8849835920010147,-0.5787694699921602,-15.06348614911604,-6.041715857578436,0.029791164787085433,-3.7294328528786473,1.239549005277531,,-0.10516711447013716,0.04371540064087398,,0.09066996936450945,B0.5III-Ve,xckd:green,xkcd:green
2162805896614571904,315.8987696922526,0.010842504911124706,45.751532832107685,0.010506173595786095,-3.5054837830048067,0.013726338744163513,-3.159757095149621,0.012575196102261543,0.1308623368949642,0.012947313487529755,,,13.774435997009277,87.13025161063592,-0.6848018984801163,1.090248465538025,6.208102,5.750445,6.6226055,SAX J2103.5+4545,,,17.5,,,,12.66536,0.00088,358.61,0.03,7.641618082998498,-4.696634531165461,0.4627153919227837,9.994580718427247,241.4098018577712,194.45084704362523,0.3434182379215443,-0.263989438525982,-14.031811159588555,-5.055712914354583,-0.017668305839679897,-53.342831038266624,21.909071103064477,,0.015660145267577086,0.7443731362884457,,0.7560496566095254,B0Ve,xkcd:purple,xkcd:green
2178178409188167296,324.87785209104953,0.011529864743351936,56.98621852916199,0.011889285407960415,-2.9640416014718474,0.014118380844593048,-2.2040186769337904,0.014115204103291035,0.1048329214464288,0.012664482928812504,,,13.816205024719238,99.01220859043599,3.3125256362962086,1.0365294218063354,7.2495780000000005,6.6315503,8.022301,Cep X-4,,,10.8,,,,20.85,0.05,65.3508,0.00014,9.53898819380909,-3.6835875154702458,0.2728075501163939,11.716779208172948,242.91612473677606,164.4870285157622,0.37240767194764113,-0.20105690165884715,-12.159872318358461,-3.9213349818125174,0.11931329079583486,-101.83795233246248,13.032590513665356,,-0.1346602056053694,0.3545511609794062,,1.152370376326611,B1-B2Ve,xkcd:light purple,xkcd:green
2201091578667140352,339.8368297959251,0.012457490898668766,61.27405311885465,0.012111427262425423,-2.344283875542537,0.015320876613259315,-1.01527492097991,0.014133349061012268,0.10398616408830161,0.013974317349493504,,,14.104571342468262,107.73443066473111,2.362332253415067,1.104581594467163,7.315116,6.784973,7.9965244,SAX J2239.3+6116,,,17.5,,,,262.0,5.0,1247.2,0.7,9.616663993402364,-2.5448550857789543,0.22397019150880831,12.495267093915905,243.52831801259123,149.12070167678553,0.4161489676516056,-0.20751215803349982,-9.969019657201866,-3.263041342625665,0.09292528470763385,-119.74485336741293,15.731577088907585,,0.3020372891951051,0.3385570648346743,,1.292348031735604,B0Ve,xkcd:purple,xkcd:green
2207277877757956352,343.4796708776849,0.015130958519876003,62.726882349922974,0.016191678121685982,-2.0222920919832523,0.019414423033595085,-0.9491735730230428,0.021341368556022644,0.05969510170980296,0.018092364072799683,,,14.571744918823242,109.92386340874582,2.861557411334844,1.0353317260742188,8.907021,8.0147446,10.286896,2MASS J22535512+6243368,,,,,,,,,46.753,0.003,16.75179321850092,-2.2339517633210306,0.007436140005756668,13.963265196522803,244.58909819129545,132.03254353656695,0.3502681135496508,-0.16902095502844222,-9.473720536951324,-2.771681532365085,0.10922675560358806,-158.06222531146034,8.40808276022216,,0.18746165549440352,0.06723033943061084,,5.077125812679612,B0-1III-Ve,xkcd:green,xkcd:green
2935943990338336000,107.40407113202392,0.015638072043657303,-16.09632779315406,0.01612277701497078,-1.83557676140376,0.01811414211988449,1.3651331368295974,0.01712365448474884,0.3150511705299787,0.02421368472278118,,,9.192802429199219,229.3086037556084,-3.3634337760631268,0.934795081615448,3.0255652,2.7517034,3.337043,MAXI J0709-159,,,,,,,,,,,3.1740875563731477,-2.0619706007996625,-0.9905593216529799,10.3751330119845,241.7630235518973,-142.12489417819387,0.04728213867181301,-0.45803749562581,17.769386641973117,-2.493856914785219,0.15700102508462235,48.7712508928966,11.322832080970244,,0.38460417531374347,-0.6895228511117922,,0.24394880121611565,,xkcd:red,xkcd:grey
3052677318793446016,104.5720297066811,0.011529473587870598,-7.209773385395211,0.011108976788818836,-0.6378130521867398,0.015482977963984013,1.255994695309955,0.013844120316207409,0.15384849037023873,0.01513866987079382,,,11.985233306884766,220.12853955777865,-1.7672780916635629,1.0928692817687988,5.729046,5.274151,6.211357,,,,,,,,,,,,6.499901283356663,-1.4085988917415255,0.01331639482210863,13.060639993432778,243.95036609883778,-96.6820560789503,0.12660030014532053,-0.2604022052422585,17.249233338837787,-1.312568163539073,0.06494779054053883,91.60345636978153,8.288036867691586,,-0.22263102834777304,0.20877080952382826,,0.6395893744857999,O9.7Ve,xkcd:dark blue,xkcd:blue
3131755947406031104,98.82616381073139,0.01171821728348732,5.551744844144263,0.01200556755065918,-0.4194122332666873,0.013308585621416569,0.40481488843078406,0.0130388755351305,0.14244424425253302,0.014909006655216217,,,12.496829986572266,206.1527475102726,-1.0423267344157698,1.0142080783843994,6.2935537,5.7987285,6.8912183,,,,,,,,,,,,7.020290677573078,-0.5530376525233651,-0.1842038821535089,14.074284293717522,244.66490305855032,-61.49049220335129,0.24964905130126158,-0.24515568449936162,15.824389182212544,-0.5479911411122967,0.026700069646552062,75.60077200949067,7.666333641596362,,-0.25469556271232996,0.034251732699300645,,0.7347826581741871,B1IIIe-B2Ve,xkcd:light green,xkcd:green
3131822364779745536,98.24690241608782,0.017513766884803772,5.800320528353365,0.016286488622426987,-0.02593417315151327,0.02014586515724659,-0.42836049364061723,0.016182685270905495,0.5403983439245413,0.022634414955973625,,,8.879788398742676,205.6665423995996,-1.4395259578170154,1.0950647592544556,1.7459602,1.6990325,1.8145215000000001,,,,,,,,,,,,1.8504867959766274,0.3673831376644901,-0.22179928766540308,9.752535428779757,241.17835427996079,-86.33994922914908,0.9159486411834474,-0.8706141908558768,15.810966171414497,-0.8803983811151251,0.05098726367435337,20.09305864080047,5.658594493993785,,0.33183287759616775,0.5978276395161204,,0.07750705841639971,B0Vpe,xkcd:purple,xkcd:green
3423526544838563328,91.86088634197857,0.015897393226623535,22.096597258920347,0.013606945052742958,0.5732377211072881,0.01989789865911007,-0.6083328898340276,0.013670166954398155,0.13811993413445758,0.0180746391415596,,,12.166335105895996,188.38532157936345,0.81375073815519,1.2191224098205566,5.9759614,5.365549,6.8845845,,,,,,,,,,,,7.240084541500836,0.8104328282649151,0.2046192088358929,14.08845424557231,244.6745370681396,-20.325791767248717,0.4193895650319559,-0.2746285478339569,12.558613411683893,-0.05937297381249624,-0.007273371151148632,25.074347848336892,18.78035940805756,,0.45041623704545547,0.48652112782099843,,0.9474513310628977,B0.5Ve,xkcd:purple,xkcd:green
3431561565357225088,88.9793400429246,0.02533307857811451,28.78510745617743,0.019279194995760918,0.6335009708782582,0.03444184735417366,-2.188869529714144,0.021136434748768806,0.5974982986364249,0.03006207011640072,,,10.010053634643555,181.2839667823892,1.8595308169574565,1.5339045524597168,1.5332568000000002,1.4626346000000001,1.6055363,,,,,,,,,,,,1.6736449330184546,2.2111430331762474,-0.5507447549009045,9.682125486831643,241.10999065259332,-4.497280317673884,1.8375412928854178,-1.094750594570469,10.849570599193415,-0.0023776960740316613,-0.003736299662956117,0.9936072940052465,4.8283700151532996,,0.37597943636486125,0.5477421393325206,,0.08420648467314708,B5ne,xkcd:green,xkcd:green
3441207615229815040,84.72739245821431,0.020250700414180756,26.31577524440175,0.015788812190294266,-0.5898287895613142,0.030902111902832985,-2.879557993302878,0.01621093973517418,0.5245380785708109,0.023250581696629524,,,8.601999282836914,181.44504956690048,-2.643537066457817,1.2853295803070068,1.7654119000000001,1.7061410000000001,1.8312757999999998,,,,,,,,,,,,1.9064392860183996,2.12603198111763,-2.0297143279424583,9.91307207455401,241.332469074107,-4.9441562552609035,1.5921647719559437,-0.8458520153597366,11.47820586929517,-0.002910107792659552,0.005834077041763114,1.2861040698120199,10.921854887118766,,0.5367773169543458,-1.1896963896244848,,0.08450448914978252,O9.7IIIe,xkcd:bright blue,xkcd:blue
4040960662373474176,265.75551465281137,0.08151785284280777,-36.37284591519637,0.05715549737215042,-4.482602975761192,0.10855074971914291,-1.6461457547450966,0.0531751848757267,0.015284659682691548,0.09846801310777664,,,15.22121810913086,353.370063329925,-3.4202891724245283,0.8607932329177856,7.460871,5.869371,9.613221,,,,,,,,,,,,65.42507460158939,-3.7415792978069162,2.967171994069623,1.1424602984374563,221.7750593509839,-182.08843091206185,-0.4172536219797212,-0.2299706061379254,-8.687845243651008,-2.849185530911877,-0.28194729733137247,-23.386370215120216,124.17847532057675,,-0.4751401449153181,3.479089897538921,,421.48646009710285,OI,xkcd:blue,xkcd:blue
4054559284753424000,263.86499688214946,0.32869571447372437,-32.931823120905946,0.262505441904068,-5.229906836623692,0.44514283537864685,-8.582699679934175,0.336903840303421,0.03533694862391942,0.41484180092811584,,,18.914875030517578,355.45760136708867,-0.27304137285712365,1.1805843114852905,4.114153,3.4940325,5.7991777,IGR J17354-3255,,,29.6,0.0,,,8.447,0.002,,,28.298991252547044,-10.048295080691561,-0.2154652803938758,4.061905124162813,233.05438429106036,-36.86288834935322,-0.7390669583213499,-0.3920851631846769,-9.652673428693388,-0.1157558576446662,-0.004596805930844285,-9.375145173919023,179.31751208771985,,-9.193472264725544,0.18121668872164537,,332.2189649309201,O8.5Iab(f) or O9Iab,xkcd:blue,xkcd:blue
4056922105185686784,264.79812927251425,0.040432728826999664,-30.34381326584938,0.032697077840566635,-0.42745718004650846,0.04873871058225632,3.760039450836629,0.033256132155656815,0.5159549421559745,0.0480206273496151,,,12.643312454223633,358.067753895708,0.4452361176333438,0.8886273503303528,2.0123938,1.8478392,2.1725132,XTE J1739-302,,,33.7,,,,51.47,,,,1.9381537384279914,2.957305428865046,2.3611355134821164,6.1391861384934066,236.85051963943886,-10.52907473964488,-1.463129104319514,-0.7883066543613741,-10.394044570939,-0.010730446324113116,0.0021232573055431454,-1.9632275291932542,51.84450450085234,,4.431164979508673,3.1473189105379475,,0.18038660126096484,O8Iab(f),xkcd:blue,xkcd:blue
4060784345959549184,266.19068598153774,0.019861849024891853,-27.2290321367955,0.01568031683564186,-0.8569741814419296,0.02389109507203102,-2.295820285732529,0.01557347271591425,0.787333882479544,0.023699261248111725,,,8.234563827514648,1.3578175114162994,1.0519589547965902,0.8026602268218994,1.215508,1.1780566,1.2605671,RX J1744.7-2713,,,14.6,,,,,,3245.0,350.0,1.2701091903357549,-2.4057735164992513,-0.46631461412858083,6.935097906675215,237.98275374875502,6.575199490446763,-2.3154116556117668,-1.2834452105688585,-11.256890528307533,-0.004384344992003306,-0.0031217233093451505,0.8334903816071189,4.751780739450817,,-0.08597751589548124,0.8202523197496229,,0.038231111584578314,B0.5 III-Ve,xkcd:green,xkcd:green
4063908810076415872,268.6052987030251,0.022245995700359344,-26.331274336947732,0.017260586842894554,-0.5057220749359188,0.02862905152142048,-0.667794468304362,0.018198028206825256,0.3963276780006648,0.026676177978515625,,,11.663725852966309,3.235979885614684,-0.33555745740311615,1.087967872619629,2.3734287,2.2324102,2.5326438,IGR J17544-2619,1.4,,23.0,2.0,-46.8,4.0,4.92693,0.00036,71.49,0.02,2.5231646829326984,-0.8318238551198182,0.0988602196487565,5.7819487124757405,236.29568305842508,18.679952326802262,-1.152765456344392,-0.6815537902937753,-11.505771041838011,-0.03306205975903763,0.002840327313674349,3.8707071953044316,9.611649858031948,-39.16493615346642,0.3540036609836116,0.7775736826288574,40.32711292540673,0.1698301528941027,O9Ib,xkcd:blue,xkcd:blue
4070770243676311936,269.64397104543735,0.2703890800476074,-21.389332109203,0.19027167558670044,-2.36538712986673,0.3511601388454437,-3.810504961475337,0.23855186998844147,0.133383862286102,0.22734680771827698,,,18.813751220703125,7.98621486794217,1.3265957398942791,1.2601463794708252,5.991798,4.5084336,9.078527,,,,,,,,,,,,7.497158823119456,-4.48255485892972,0.14733048650189942,2.368909222729778,228.1906068050351,108.74580398969928,-0.421377867269656,-0.25726476071271764,-12.757347834417118,-0.9303947849272874,-0.06522681955796161,23.251926248196135,89.91335183175985,,-3.1307822067327766,0.46982206677257865,,12.77857078195223,,xkcd:grey,xkcd:grey
4070968778561141760,270.6747368583342,0.10467880219221115,-20.28816679699591,0.08847612142562866,-3.4065403956576787,0.12249838560819626,-5.488820512486482,0.09348345547914505,-0.020746656979534317,0.13062472641468048,,,16.801586151123047,9.420451483310611,1.0361026058400398,1.020175576210022,7.4393853,5.0848633,10.331755999999999,IGR J18027-2016,1.5,0.4,20.0,3.0,51.7,2.4,4.5696,0.0009,139.612,0.006,-48.20053664484148,-6.454986779143893,0.2545854799816391,1.4634887557384586,223.93302952560393,203.73126647752275,-0.3303453414768317,-0.20888508310048284,-13.015691684413042,-3.8503867482596945,-0.09050109814274752,31.68644722068659,82.54119651516633,33.02924446372646,-2.2742546894073667,0.5539716612248695,88.90433123307272,303.4793469851124,B1Ib,xkcd:red,xkcd:red
4097365235226829312,274.65790272639975,0.15139789879322052,-17.0466781588456,0.13582104444503784,-1.5716344381062806,0.175187885761261,-4.595354065094506,0.1301264762878418,0.4049875876480283,0.16542820632457733,,,15.919184684753418,14.080442512446384,-0.704044807799442,1.4699534177780151,2.3352253000000003,1.7089199000000002,3.2485417,SAX J1818.6-1703,,,,,,,30.0,,,,2.469211478325831,-4.790834949389272,-0.7970033113686185,5.912461624413876,236.50211021727256,78.78356731660585,-0.9543729005666274,-0.7018541036534344,-13.689750481863394,-0.594102024005278,0.024120550139996214,15.76179000968727,35.91385245709321,,-3.242360024817367,-0.1192697578551803,,1.0086166548158626,B0.5Iab,xkcd:red,xkcd:red
4104196427943626624,276.5627681201673,0.012748370878398418,-14.848438248314068,0.011323812417685986,7.425312749534734,0.01417446881532669,-8.151225884328909,0.011673848144710064,0.4900256100180399,0.015014423057436943,,,10.798686027526855,16.881564472210624,-1.2892552605096488,0.7499160170555115,1.9012328,1.8470352,1.9708965,LS 5039,,,23.0,,17.3,0.5,3.90607,8e-05,8.891,0.001,2.040709668139969,-3.7327492501273345,-10.375178836117982,6.355172911642472,237.17111763687163,87.67868081014093,-1.0960773575712812,-0.8787839022581286,-14.109344132673334,-0.7553868136164593,0.04832382968446789,15.088815925447,87.6704119522854,16.320528207226335,-1.881285078939594,-9.544718763544322,89.17657076186715,0.0625275040088767,ON6V((f))z,xkcd:blue,xkcd:blue
4146789141900648576,271.1624089614886,0.23183205723762512,-14.9464336382636,0.19731421768665314,2.8163949695952675,0.3242073357105255,0.5248669367618788,0.2142820507287979,0.35637339844069704,0.2563777565956116,,,19.09976577758789,14.30687793079159,3.2517753399711236,0.9389222860336304,3.9536619,2.7067759999999996,5.2580103,,,,,,,,,,,,2.806045581335406,1.8355272451174276,-2.1996376198135343,4.4337551025813475,233.8542898690123,105.52535322839846,-0.560787863938382,-0.36304064607054637,-14.234657675005737,-0.9851968784915958,-0.14795552345015076,26.549637763503615,70.83293181171622,,3.3815119875474053,-1.688641450292837,,2.018690716522475,,xkcd:grey,xkcd:grey
4152643113595580416,275.3323425004492,0.2298687994480133,-13.310890956750724,0.2109176516532898,-4.75717570226309,0.2571612000465393,-7.1269597874352915,0.22176195681095123,0.11183301870190533,0.210150808095932,,,18.370080947875977,17.68122944365532,0.48526330998641776,1.0482540130615234,4.2838755,2.5541039999999997,5.7608906,IGR J18214-1318,,,,,,,5.4246,0.0004,,,8.941902951448835,-8.528933161134926,0.8255759243188876,4.271598264345688,233.51370910716855,134.66076991400436,-0.4765866663517317,-0.3682534387396508,-14.484273815655245,-1.6013709161554113,-0.027144608733296553,34.1087931142356,133.31633203115507,,-6.450975578627783,1.2209739717918349,,16.803160220250376,B0V-O9I,xkcd:red,xkcd:red
4155000844481174656,278.36569954826433,0.1535262018442154,-10.5901247948528,0.14745554327964783,0.9373345779226703,0.17834846675395966,-0.605058544140186,0.14974719285964966,1.077420939495517,0.19435559213161469,,,11.717418670654297,21.470675280813587,-0.874250826718959,8.23302936553955,0.8948812,0.7905605,1.1043906,ATO J278.3657-10.5901,,,14.6,,,,,,,,0.928142347473061,-0.10160500949924658,-1.1110213206105315,7.324641748649029,238.49210205390727,96.33359066778361,-2.0517912383993537,-1.8455692561022277,-14.910764018952339,-0.9624765926374704,0.035013189762720005,8.746958320779779,12.706075638998554,,2.9126628215375776,0.6995347457289761,,0.1674272783393442,B0.5Ve,xkcd:purple,xkcd:green
4155023796790984064,278.3679185343803,0.02396053820848465,-10.40243295086028,0.0206461064517498,0.014129598024954813,0.02704082801938057,-0.10350403724001421,0.02252841740846634,0.47356343645215393,0.028008315712213516,,,10.96163558959961,21.63824683138313,-0.7896417890712586,0.8154472708702087,1.9425329999999998,1.8258368,2.054208,SNR 021.5-00.9,,,17.5,,,,,,,,2.1116495130870057,-0.08515719185856126,-0.0605060653165717,6.384827301700764,237.21431530789803,110.85221366024189,-0.9404363763322083,-0.8478578899842828,-14.94769522358963,-1.2107112092083196,0.036010017779761254,18.846323423937164,20.241726061995866,,2.065990393681967,0.7513418068879499,,0.12489086294156568,B0Ve,xkcd:purple,xkcd:green
4156747212545110400,278.8576017596259,2.8617913722991943,-7.614004545977431,2.1571056842803955,,,,,,,,,20.38705062866211,24.33602586714134,0.06569920978307321,,,,,,,,,,,,,,,,1.0,,,0.0,1.6803199999999998,inf,,,-15.453451310017302,,,nan,,,,,,,M5III-V,xkcd:grey,xkcd:grey
4253473896214500096,280.1953568961291,0.012800917960703373,-5.680628093067283,0.011992454528808594,-1.024953867964975,0.016244513913989067,-2.9397122252012013,0.01544041559100151,0.23260881745470705,0.01454104483127594,2.2828214168548584,28.665679931640625,11.229875564575195,26.66356550809258,-0.22748946896916325,0.8388378620147705,3.8791658,3.6804189999999997,4.0827747,,,,,,,,,,,,4.299063169411956,-3.0811369812473988,-0.44613148425484056,4.996433531133402,234.94980512111817,171.01524873534385,-0.3974072862910663,-0.41672865530061043,-15.724206436025602,-2.725365934528782,0.014433776102392652,40.97870284646479,1.1116644186707911,,0.04163623957244944,-0.043836605056622784,,0.26874677823027415,B5V,xckd:black,xkcd:red
4255891924062617088,283.8766800200503,0.014235791750252247,-2.604679419397789,0.014256108552217484,-2.519200396441113,0.016839295625686646,-6.766008688499971,0.015563220717012882,0.07777430499571139,0.016119282692670822,,,13.440664291381836,31.07634694239799,-2.092060444110593,1.099928379058838,7.386871,6.600535,8.207930000000001,XTE J1855-026,,,,,,,6.067,0.004,361.1,0.4,12.85771695491386,-7.167415166949448,-0.8679884992724095,4.225994014415901,233.415687014504,231.0968981478612,-0.17345718055237533,-0.23387586971119015,-15.981747589863017,-6.417711609900653,0.11793155427289131,58.61320749849757,33.173219196699904,,-0.5762463764964192,-0.7520441838341108,,2.664854085035304,B0Iaep,xkcd:green,xkcd:red
4256500538116700160,280.251804741005,0.03932623937726021,-5.596266865591954,0.033235520124435425,-2.0680431345707846,0.046430107206106186,-5.376487117697893,0.04031432792544365,-0.0698917346894323,0.040199145674705505,,,12.965173721313477,26.764284956669265,-0.23881101580482592,1.644775152206421,13.7243,10.89538,17.75184,,,,,,,,,,,,-14.307843473102421,-5.724411931387568,-0.6438355170417409,7.418736787311682,238.61123018870128,117.07540335749637,-0.11190105337213894,-0.11783670504463015,-15.735512843263681,-6.3919700094687135,0.0006711814574009612,9.535568929327383,61.19626581708626,,0.7794591314532848,-0.5266699934545117,,8.229343378325018,B1Ib,xkcd:red,xkcd:red
4258160560148155648,281.2566191660608,0.018891027197241783,-4.565759042374355,0.019158221781253815,-1.366159546567521,0.024363426491618156,-5.594980738525201,0.022116554901003838,0.16398885192740253,0.023681366816163063,,,12.755313873291016,28.13837812606104,-0.6579091376358055,0.9904429912567139,4.9657944,4.4244520000000005,5.6392383,IGR J18450-0435,,,29.6,,61.0,1.4,4.73983,0.00028,,,6.0979754919114715,-5.596216970670979,-1.3610866939029658,4.439269383378275,233.86566005666097,201.4574106750484,-0.29311593218176657,-0.33063739520444696,-15.849039520111806,-3.8246950781625833,0.04538400619772633,50.671227232530356,43.0369867262063,26.17781228758145,-1.4784059603266293,-1.0758333048962452,50.37320798435918,0.8805988502429251,O9.5I,xkcd:blue,xkcd:blue
4258428501693172736,282.0716861216644,0.13653123378753662,-3.1713676837385054,0.14190861582756042,-1.6872252358565853,0.15914671123027802,-3.6522772722036527,0.13722214102745056,0.36810538324327063,0.17614328861236572,,,17.024457931518555,29.75031783963986,-0.7453435873024522,1.5427119731903076,2.5518967,1.9922505000000001,3.4020479,IGR J18483-0311,,,,,,,18.545,0.003,21.0526,0.0005,2.716613354548873,-4.019097414822756,-0.18087078186292796,6.068213887458148,236.74280386140308,156.70037863160974,-0.533092040826394,-0.6455955850940852,-16.024899710271026,-2.393228220161969,0.043205880027532756,29.910878781631265,14.167498664891731,,-1.0927771538343931,0.4215189232036245,,1.2999353770446576,B0.5-1Iab,xkcd:red,xkcd:red
4259088994635370752,281.5533010323846,0.09376149624586105,-2.3739097448759168,0.09704077988862991,-1.6014907067769724,0.11734642833471298,-2.1504326332738555,0.10132133960723877,0.6764355935672552,0.12099660933017731,,,17.650903701782227,30.22372840554395,0.07923084081716135,0.984644889831543,1.6504329,1.3391590000000002,2.0476625,,,,,,,,,,,,1.47833734580168,-2.6462259339821044,0.43199687552420307,6.7750485349620115,237.76547048550734,142.89456011921058,-0.807207032557862,-0.9686272598460833,-16.188349840951997,-2.058849799586094,-0.00426163575272795,20.041740477180422,11.124230374645697,,0.21983089816185175,1.4048857711230143,,0.26443582802150756,,xkcd:grey,xkcd:grey
4268774695647764352,285.9141280353291,0.19355013966560364,3.2043579681435252,0.19041502475738525,-1.7901359305974884,0.25083205103874207,-4.336556449339966,0.24071171879768372,0.00046904205397502174,0.21388882398605347,,,18.542234420776367,37.17720468290918,-1.2527903447736417,1.016188144683838,4.513077,3.8434993,5.611925,4U 1901+03,,,,,,,22.5827,0.0002,2.761,0.001,2132.004990864324,-4.672635855744124,-0.42045528649616354,5.308643348689798,235.50754419803786,217.13434663618702,-0.20146938297591674,-0.3723825563024554,-16.653173168059592,-4.672989019452725,0.07801247475330175,49.70683333417153,5.09065508651106,,0.20182254668451804,-0.12608520494700987,,972219.9456611013,B8-9 IVe,xkcd:dark purple,xkcd:green
4278536022438800640,281.403473368695,0.16806592047214508,0.8631594680204066,0.18489982187747955,-1.9223053764878588,0.1918722540140152,-3.981582670513548,0.1704069823026657,0.08614348936089142,0.2158959060907364,,,18.606775283813477,33.03636942521391,1.6893586565524012,0.9489673972129822,4.8330103,3.970275,6.900942,GS 1843+009,,,13.5,0.0,,,,,29.4764,0.0008,11.608538351756081,-4.419577076344119,-0.12488790518501135,4.873119555698705,234.7202390122679,212.74713419999682,-0.24066932715137956,-0.3104180936661817,-16.685130702520002,-4.407150281211857,-0.11133680254820029,51.70816877671037,8.578438973390034,,0.22824253201911748,0.29686699102937064,,29.093735631508533,B0-2IV-Ve,xkcd:purple,xkcd:green
4293406612283985024,287.9565063699124,0.01839637942612171,4.982708527256882,0.01836821436882019,-3.0269258944121806,0.02358563244342804,-4.776844591679762,0.023861438035964966,0.11817711247763943,0.023269137367606163,,,12.60274887084961,39.69407310529392,-2.244594208819768,1.2414010763168335,6.3208223,5.5387407,7.907363999999999,SS 433,4.2,0.4,11.3,0.6,69.0,4.7,13.08,0.0,,,8.461875392235635,-5.637365080515104,0.4479280883268187,5.205502052025225,235.32685758381035,233.7675252681659,-0.11905262505945725,-0.27568922475721885,-16.68568981131006,-6.133609612657452,0.11145555949659502,54.41532318418594,26.004308206426003,31.270366627124123,0.6152971572018053,0.6121617535874425,40.67013491850688,1.6661478416707238,A3-7 I,xkcd:grey,xkcd:grey
4306419980916246656,287.70087185633383,0.6632866859436035,7.597656302411205,0.8158612847328186,-3.786420226899895,0.8647276163101196,-9.027830218995849,0.9569331407546997,0.5217824132401065,0.7401312589645386,,,20.154319763183594,41.896989864779755,-0.8116366366050681,1.451072096824646,8.045845,3.9519343,10.916799000000001,4U 1909+07,,,32.0,0.0,,,4.4007,0.0009,603.6,0.1,1.9165076756617974,-9.750758821117673,-0.8725818071030246,5.791018513131259,236.3101724177387,220.63336395436775,-0.07632801765578909,-0.20561914025518782,-17.011560803116243,-6.7211213094031566,0.02384504901266956,45.61183098759547,115.67147344597582,,-2.9533094940587263,-0.6908077158605064,,2.7185033508402996,O7.5-9.5If,xkcd:blue,xkcd:blue
4309225217336733824,287.4047303861521,0.05965148285031319,9.832011185333132,0.06551249325275421,-2.7485657819302163,0.07393015176057816,-2.455443176178704,0.0764160305261612,0.2326282846644742,0.07313711941242218,,,16.79393768310547,43.743818692468906,0.47964676300186876,0.8838530778884888,3.1702651,2.4662412,3.9960024,4U 1907+097,,,27.8,,,,8.3753,0.0003,437.5,0.0,4.298703407637321,-3.454913205416851,1.2835068336695683,6.256312008712719,237.02569457915087,212.0024250550146,-0.15689467347999975,-0.4961515910589379,-17.26887321242488,-4.523860000310281,-0.027515243159148984,37.91395028691153,32.814646342307924,,1.2258414683734293,1.807173667887655,,1.35148993122834,O8-9 Ia,xkcd:blue,xkcd:blue
4309253392325650176,288.5176059060096,0.3038829267024994,9.882864373650197,0.3366641402244568,-1.5972729990761414,0.3822231590747833,-5.515624391179957,0.43199238181114197,0.3609060073102918,0.3850174844264984,,,18.248119354248047,44.29634703521837,-0.4687718341225378,1.8877474069595337,3.4628544999999997,2.5719436,5.005523,IGR J19140+0951,,,,,,,13.558,0.004,5937.0,0.0,2.7708045301120245,-5.619080400648904,-1.1829323350049783,6.165627191085732,236.890344077271,217.17551713064864,-0.13352283308122775,-0.4715930308001013,-17.165033553026802,-4.763080503467078,0.026440204828199046,40.1280897244614,16.949254564575725,,-0.7224770641005973,-0.7377795090330761,,2.955916965671565,B0.5Ia,xkcd:red,xkcd:red
4310118570535453696,284.75680882608543,0.2963730990886688,8.245457254312521,0.33733880519866943,-1.990330774755356,0.36828628182411194,-3.255504337241219,0.36267372965812683,-0.09095131417807156,0.3779982924461365,,,19.470138549804688,41.134383384326995,2.0764458051903394,0.983248233795166,8.6742705,3.5905085,12.280615,XTE J1859+083,,,12.5,,,,37.97,0.09,9.79156,1e-05,-10.994893356264454,-3.8065332857455756,0.26463073752993077,5.928374365840669,236.52697876988904,212.35015569285082,-0.07633419250237032,-0.16966923811689386,-17.34482880594559,-6.777314854441313,-0.05126851944776291,42.291387189524336,126.86608644820556,,3.0471157611981075,0.48556849509458755,,45.69533658588257,B0-2Ve,xkcd:purple,xkcd:green
4310649153642824320,286.1977687539877,0.5593506097793579,9.044911040402665,0.6179036498069763,-0.8740526031784608,0.7261876463890076,-4.776992721613207,0.8123673796653748,0.32751956172944796,0.6127469539642334,,,19.756729125976562,42.49718850001616,1.1748721935698823,1.1862144470214844,9.385817999999999,7.611936,12.286726,XTE J1906+090,,,,,,,81.4,0.1,89.17,0.02,3.0532527422776163,-4.636993512852653,-1.4428855038536512,6.4577462356570035,237.31972241484803,200.84230513992077,-0.06139613807064406,-0.16288938322058524,-17.30271256410988,-6.68481913629571,-0.01925500751837419,33.09700235058987,109.3219222132091,,2.1092217615137008,-1.2607411131146917,,5.712242980646789,Be?,xkcd:green,xkcd:red
4323316622779495680,292.48292610722393,0.648832380771637,18.310605976333413,0.7901376485824585,-3.0917860808492414,0.8221308588981628,-4.182762112022142,1.041157841682434,0.24756403594072215,0.8005983233451843,,,20.31412696838379,53.54007422452243,0.11502218303520666,1.2353993654251099,4.8145503,3.3749272,6.354769500000001,IGR J19294+1816,,,12.5,0.0,,,117.2,0.2,12.44,,4.039358932730619,-5.15851832253277,0.6665799063838725,6.554885248616636,237.4583783602528,235.7290537246548,0.026475812637807863,-0.33149960517484983,-17.371343186439717,-6.10022707312999,-0.004063186714505182,37.149141116970775,30.972193585817127,,0.915232937959412,1.0021426982732276,,13.06289896529182,B1Ve,xkcd:light purple,xkcd:green
4512787627579740032,287.8284321301368,0.036209411919116974,15.5424152324057,0.03783654049038887,-2.3316551907380143,0.049541350454092026,-5.026141821941105,0.04540832340717316,-0.11893602365210737,0.04806249961256981,,,13.4966402053833,49.00379131724761,2.746286085927929,3.0965657234191895,9.401531,7.9131543,10.764702,,,,,,,,,,,,-8.407881559291406,-5.533326546664774,-0.28463111343608866,7.361640288957059,238.53911811875176,197.47110749007686,-0.017287589522350072,-0.15169439403826343,-17.69375448704674,-6.390834309804705,-0.02050909924595267,17.21014708874095,39.30436009269336,,0.8747953526622814,-0.11242762015187255,,3.397656923254773,Be,xkcd:green,xkcd:green
5255509901121774976,154.7315592681715,0.00934557057917118,-58.94609420856299,0.009438585489988327,-6.454306520313594,0.013439311645925045,2.256007949459996,0.01335159968584776,0.2273178405234294,0.010232986882328987,,,12.269230842590332,284.351776705235,-1.6900802660463154,1.016937255859375,4.3240635,4.137192,4.603395000000001,1FGL J1018.6-5856,2.0,,22.9,,55.3,13.1,16.5507,0.0004,,,4.3991267807989365,-6.6488043210162475,-1.5940657536704546,8.224390944762524,239.5755914794418,-227.8206661909276,-0.67496136805974,-0.35553459858652636,10.718108599517032,-6.079653025900756,0.002975844574338331,2.0860086403756894,25.53825156735269,42.49588276010728,0.10581007294424793,-1.2415069996582666,49.5792531678138,0.19803200020711922,O6V((f)),xkcd:blue,xkcd:blue
5258414192353423360,152.4456445370427,0.011654465459287167,-58.2932074753388,0.0111605329439044,-4.701857427618813,0.016455015167593956,3.558790662627249,0.014097332023084164,0.24250163068236905,0.013183098286390305,,,13.877196311950684,283.0000248080038,-1.8216728103108153,1.1141966581344604,3.5176284,3.3657556,3.6814539,GRO J1008-57,,,17.5,,,,247.8,0.4,93.587,0.005,4.123683610646765,-5.89136185982202,0.2535935462339908,8.117395163452638,239.4528833500555,-232.04378245271005,-0.8146152862310657,-0.43494864253911175,11.058081400276368,-6.120825999517268,-0.0017609519379931011,-0.9194767800752683,20.869410028067538,,1.0440794259263138,0.6903031407110956,,0.2241755083797281,B0 IIIVe,xkcd:green,xkcd:green
5259009543533179648,152.54941599149674,0.06864461302757263,-56.925542470323926,0.06404059380292892,-5.503265271921807,0.09442966431379318,3.098041592670957,0.08127795159816742,0.13270256636563818,0.07499072700738907,,,17.193578720092773,282.2567770691186,-0.6721253252335401,1.0070009231567383,3.7407244,3.1766985,4.526841999999999,IGR J10101-5654,,,,,,,,,,,7.535649289891492,-6.289615370273535,-0.5696743430054549,8.214021899231817,239.5637670501209,-230.16484014903068,-0.7580501747763444,-0.4213219504659998,11.085629802700494,-6.083492876154641,0.0011891987349540198,1.8115035570380202,10.13909516637676,,0.5519276806574505,-0.14954159127440916,,4.258424190264985,B0.5Ve or B0Ivpe,xkcd:bright green,xkcd:green
5311384333263075840,136.27840443491405,0.009726453572511673,-53.505413083748714,0.010898681357502937,-1.995531794135815,0.012393113225698471,2.273291749425569,0.013684997335076332,0.053045683314559514,0.011596191674470901,,,13.145345687866211,273.07612343985846,-4.303878231912306,0.9879712462425232,11.254567,10.003888000000002,12.576547,MAXI J0903-531,,,,,,,3.84,,14.055,0.001,18.851675339349033,-3.0242605213292317,0.06205496388453835,13.51139434301715,244.2744616348086,-144.58020488696408,-0.2158383262264908,-0.12377355005258518,13.534536579989897,-3.7794333207365223,0.13154825167785755,154.58932903785265,51.88106026661111,,0.9710111256337814,0.054280262259265966,,4.121120267669097,B1.5-2 III-Ve,xkcd:bright:green,xkcd:green
5333660129603575808,172.77874085540492,0.03600706532597542,-62.946919022640415,0.038947585970163345,-6.09783274255389,0.04833797365427017,1.3726591176073617,0.048345595598220825,0.5732246078053379,0.046700723469257355,-17.942934036254883,4.483153343200684,8.126811027526855,293.9448982981836,-1.4851967908555856,1.5046188831329346,1.536598,1.4570286000000001,1.7567722000000001,IGR J11305-6256,,,17.5,,-22.0,7.4,120.83,0.34,,,1.744516872415204,-6.230849866065377,-0.49423390804962586,7.656377949312945,238.90575015822046,-230.38230897225418,-2.113026992829206,-1.0144743757362156,8.240545822648073,-5.654814180498375,-0.04948495691870804,-13.059269978888295,11.938966344077286,-17.181275843759778,1.5369913072622046,0.5697254246052977,20.922121235294796,0.14212613857949155,B0IIIne,xkcd:green,xkcd:green
5334823859608495104,177.0000300154924,0.014049242250621319,-62.20691022592309,0.014256695285439491,-6.226013692435175,0.017029767856001854,1.598218529604734,0.017916958779096603,0.47542377023483023,0.017436819151043892,,,8.652682304382324,295.61107854733706,-0.2402410763337492,0.852226197719574,2.04901,1.9857327,2.1112824999999997,2E 1145.5-6155,,,12.5,,-17.0,7.4,187.5,,292.274,0.001,2.1033866260116976,-6.427093844263796,0.10006839555339678,7.495598619609555,238.7074682354822,-232.10905303072406,-1.608024307491373,-0.7792263543233834,7.627176556498378,-5.725420364562601,-0.008021147062637207,-17.087575035707108,12.318948144824178,-7.53960152079127,0.9063508277901784,0.8873158969394174,14.44306319612239,0.0771445907813454,B0.2 III,xkcd:red,xkcd:red
5334851450481641088,176.86894042633617,0.007541968487203121,-61.953719225831875,0.008998828940093517,-6.225580251990721,0.01041429303586483,2.361537685037365,0.011920752003788948,0.12669559944899778,0.010234012268483639,,,12.255293846130371,295.48972809721556,-0.00970401441105653,0.9006639122962952,8.292111,7.3091157,9.416815,1E 1145.1-6141,1.7,0.3,14.0,4.0,-13.0,3.0,14.365,0.002,298.0,4.0,7.892933964155221,-6.606609744728988,0.8291063820044122,8.775818429006799,240.18464279683707,-199.4070828944065,-0.3969383274768119,-0.19332868667870368,7.629724238725618,-5.8577025125023265,6.546112257653406e-05,16.35792125362798,42.4984718402562,-36.98764549235359,-0.35196890474984954,1.0223696075605393,56.3400925436325,0.6375626570677606,B2Iae,xkcd:dark green,xkcd:green
5335021664274920576,176.00117181802423,0.023631783202290535,-61.126795789105415,0.023798974230885506,-6.130315247346068,0.030184121802449226,1.1461885127380793,0.0292552150785923,0.060132182238807716,0.030839093029499054,,,15.658426284790039,294.8814099586126,0.6865272933094553,1.044242024421692,7.6653247,5.7160893999999995,9.451875,IGR J11435-6109,,,14.6,0.0,,,52.46,0.06,161.76,0.01,16.63003008985472,-6.222877322534156,-0.4126874934699907,8.520890930838489,239.90778616550955,-206.2041290238455,-0.4271423099918547,-0.21172767549197088,7.702025962323835,-5.962134498796586,-0.003073143485643328,9.742337560872167,9.394049909411095,,0.16639948625428413,-0.19788667449237646,,8.528794830489542,B0.5Ve,xkcd:purple,xkcd:green
5336957010898124160,170.23817252151974,0.008774157613515854,-61.91670671055608,0.009544741362333298,-5.421032061547652,0.012438164092600346,1.3700031073878873,0.011767985299229622,0.32925822598102933,0.011463727802038193,,,11.589363098144531,292.49852714674694,-0.8918067117070271,0.8824551105499268,2.8835776,2.8084328999999997,2.9900737,1A 1118-615,,,18.0,,,,24.0,0.4,405.3,0.6,3.03712989104672,-5.567951674993604,-0.5122609408455543,7.533378606431951,238.75442526486174,-236.625757292191,-1.1107697959919494,-0.5463675767184639,8.549438393728972,-6.068249463889946,-0.02032269737645505,-16.494545100289063,22.032889450035125,,1.611067584888291,0.05442933324936468,,0.10574323622942539,O9.5Ve,xkcd:dark blue,xkcd:blue
5337498593446516480,170.3128552789008,0.011633899994194508,-60.62377582639316,0.011172204278409481,-3.1209129957983794,0.015475110150873661,2.330598792606723,0.014011557213962078,0.13871924869678548,0.013698277994990349,,,12.878896713256836,292.0903279139249,0.335524560942848,1.020703673362732,6.7524946,6.2973564,7.4311533,Cen X-3,1.34,0.16,20.2,1.8,32.0,13.0,2.033,0.029,4.80188,8.5e-05,7.208804901948498,-3.7172568449980616,1.1635249063763917,8.403908168546266,239.7780667308167,-213.471001300143,-0.472452923200996,-0.23900779158196847,8.495468312154907,-6.0082886261640756,-0.0012087948440398161,6.812589592856109,99.20741184714193,16.69194209498898,2.76348470436701,1.4037414928024,100.60184638619165,0.711856605959458,O6.5 II-III,xkcd:blue,xkcd:blue
5337747731560719616,166.80799982116994,0.02308371663093567,-59.873098173924156,0.02252911776304245,-6.7477737898981545,0.030055416747927666,1.6925460968331725,0.02694651298224926,0.3109803269843485,0.028121255338191986,,,7.349096298217773,290.1972529576185,0.39692810345244367,1.2239705324172974,3.2817163000000003,2.9929343,3.5933735,HD 96670,6.2,0.9,22.7,5.2,-27.5,0.02,5.28388,0.00046,,,3.215637496099004,-6.883240114136624,-1.0090435771968114,7.663146368463396,238.91400933979176,-236.4479622952493,-0.9534572374784199,-0.4925904043584464,8.982128734683112,-6.164413189269512,0.006266836607981973,-13.230647388103641,8.912645030406363,-23.25148134657947,0.23463031261130762,-0.522720009446347,24.90113704729887,0.2907829057219289,O8.5f(n)p,xkcd:black,xkcd:blue
5339047221168787712,170.44505383091672,0.009735329076647758,-59.863312990570876,0.010730226524174213,-5.147241767253173,0.012345708906650543,2.7268984561761798,0.012649059295654297,0.12325602732129044,0.01232769526541233,-0.19622527062892914,3.097102403640747,9.770651817321777,291.89319671567364,1.0729211412351414,0.9135584235191345,7.0618657,6.4985159999999995,7.6124453,IGR J11215-5952,,,,,,,164.6,0.1,186.78,0.03,8.113193502442753,-5.75860630935494,0.8766563606733787,8.565111667124173,239.95637637895965,-209.83125822250628,-0.4508748996904211,-0.23181362154867174,8.448281355822768,-5.940439090598219,-0.005936875896039834,11.151550325543527,42.89569246402664,,0.6327076809337004,1.1144068581180904,,0.8114570889642921,B0.5Ia,xkcd:red,xkcd:red
5352018121173519488,159.39709263439522,0.014614508487284184,-56.79883928571816,0.014147087931632996,-6.305023559868493,0.020627472549676895,3.010388342465066,0.017781056463718414,0.17114291438872625,0.01621617190539837,,,11.243227005004883,285.35268291005445,1.4334820988232282,0.9131252765655518,5.0687266,4.688899999999999,5.552981399999999,,,,,,,,,,,,5.8430698318520236,-6.975398459332744,-0.3994701446725611,8.380377927380637,239.75176518319418,-222.70059371598433,-0.5833458238129997,-0.3269061964030593,10.061935427225565,-6.012659188589119,-0.006514109189567739,6.430991974725979,9.252320464058897,,-0.37939344693062527,-0.06604983907993406,,0.5536438665134781,B0V-IIIe,xkcd:purple,xkcd:green
5489434710755238400,116.84823636345111,0.01926848106086254,-53.33241280861758,0.019994378089904785,-4.572287408504343,0.026735246181488037,8.529878580408521,0.027567392215132713,1.535976400998095,0.021055767312645912,,,7.537999629974365,266.31257503013796,-13.725848442105406,0.9104182720184326,0.6460797,0.63763336,0.6547211,,,,,,,,,,,,0.6510516693812409,-9.67789490675736,-0.05468926987460943,8.214278175436906,239.56405946964423,-228.34238197341577,-3.2337131559101433,-1.3054631004811679,15.662310886745933,-6.021355512859915,0.1427894982081897,1.8044084901344704,3.6317890270787627,,-0.4228262379873007,1.1079843323983687,,0.00892487179496587,B7 IV-Ve,xkcd:dark purple,xkcd:green
5522306019626566528,130.19908438921945,0.01416950672864914,-45.05837165994448,0.014210078865289688,-7.464653413182444,0.01964770071208477,6.099610861089923,0.019253622740507126,0.4429759908963025,0.016786880791187286,,,7.452199459075928,264.04051237077897,-1.9501445659540533,0.880820631980896,2.2026177,2.1141313,2.2805964,,,,,,,,,,,,2.2574586897511852,-9.413650631402787,-2.07592991826612,8.659898994058072,240.05972292033672,-222.4398320632935,-0.8936057750704077,-0.6797756465098538,14.89795536902868,-5.611110034803275,0.04504770782098836,14.676870242403956,33.89350218636397,,-2.9089348215291047,-1.4412019795772544,,0.08554795450472642,O8.5Ib-II(f)p,xkcd:blue,xkcd:blue
5523448274762133632,128.97912882722233,0.17110200226306915,-43.18817694763869,0.2081056535243988,-3.2351680552501723,0.21527673304080963,3.755222188875436,0.2656077444553375,1.1050151125315832,0.2169220894575119,,,19.151140213012695,262.0214486478775,-1.5126596233097207,1.1324434280395508,0.9735514500000001,0.7854933,1.7068677,,,,,,,,,,,,0.9049649988125554,-4.948747449103025,-0.27911416755495366,8.34095401968308,239.7075386610628,-229.74649325253333,-1.9086551338647832,-1.5607401213781649,15.162826666651101,-5.806656394072739,0.030607760498944363,5.474033131628086,14.011265125730942,,2.7665640788344974,1.2510181933242668,,0.17765087210309397,B0-2III-Ve,xkcd:green,xkcd:green
5541793213959987968,126.55687950869762,0.0064687118865549564,-37.61995049188073,0.00886186771094799,-2.366630185963856,0.00906615611165762,3.176985708597615,0.012535781599581242,0.17771276386803697,0.00965082086622715,,,12.163066864013672,256.43820623625,0.2851841027796363,0.8947582840919495,5.1737285,4.890465,5.4962837,IGR J08262-3736,,,,,,,,,,,5.6270578332942005,-3.9612954836072154,-0.0481115506078175,10.628468751671921,241.99132951428788,-178.29800807642656,-0.29807166286208364,-0.3131006840856808,15.715310373281719,-4.158261914646525,-0.010858315584990784,69.76719470925072,13.897574223384403,,0.4950380939013934,0.2758474490628541,,0.3055814673691534,OBV,xkcd:black,xkcd:blue
5548261400354128768,123.11814876922769,0.007459855172783136,-31.247806699969043,0.009957175701856613,-1.4554830142325375,0.011349085718393326,2.1457195379781027,0.015747113153338432,0.1183688553388317,0.012262127362191677,,,12.421294212341309,249.5781999270527,1.5428153761569166,1.0489202737808228,6.6563506,6.13159,7.207318,RX J0812.4-3114,,,17.5,,,,80.39,3.0,31.908,0.009,8.448168203853056,-2.5927624996773613,-0.011214305471104578,12.18777668080407,243.29101082574047,-150.39785949899354,-0.1703833638252338,-0.2548835834978987,16.303051250859905,-3.220174388794372,-0.06252632526134674,109.53376250795893,26.961575216217543,,0.7977952529422443,0.3061956032881409,,0.8751669870958029,B0.2IVe,xkcd:purple,xkcd:green
5597252305589385984,118.9270218136784,0.008715487085282803,-29.56485835566189,0.011557716876268387,-2.6535157466287824,0.01131052989512682,2.8924892487229927,0.014539279974997044,0.2853833665183818,0.013910516165196896,,,9.938587188720703,246.22557061032848,-0.6151217581350775,1.0933274030685425,3.2893774,3.1521055000000002,3.4082234,SGR 0755-2933,1.4,,18.5,1.0,2.16,0.15,59.69,0.15,307.8,0.04,3.5040584607287864,-3.85576690054398,-0.7353240647867298,9.942582323551003,241.3605377525773,-179.0807403125067,-0.2822566395003466,-0.4758447808914325,16.88040141116681,-3.907440979901349,0.026811268967054706,47.500246070337624,6.858057354488615,-62.22064748150444,0.3339307188577161,-0.28629055286235205,62.59745940287913,0.1707992391302285,B0Ve,xkcd:purple,xkcd:green
5613494119551805184,112.2232407535484,0.00904984399676323,-26.108019042809907,0.013213437050580978,-0.8809603649723696,0.012074854224920273,1.7852555092114903,0.018278498202562332,0.09575911638808286,0.017103934660553932,,,11.602206230163574,240.28158025228282,-4.050429451500062,1.1873399019241333,7.607088399999999,6.812276,8.625445,3A 0726-260,,,38.1,,,,34.548,0.01,103.144,0.001,10.44286996078056,-1.988821519764489,0.08841583763046885,13.61313090103669,244.34617294199143,-124.86894680132355,-0.07314586433870418,-0.17662194271370213,17.6591388599241,-2.3520466107871205,0.16112812147813085,137.0458241368456,16.174428851826494,,0.43637095536133574,0.10390965886604012,,1.86524450323855,O5Ve,xkcd:dark blue,xkcd:blue
5620657678322625920,135.5285587975077,0.010860205627977848,-40.55465296117549,0.012674867175519466,-4.822178071668092,0.014743776060640812,9.281733055172943,0.01623324118554592,0.49623999190934365,0.015160984359681606,,,6.735128402709961,263.0582466143229,3.9298644181968547,0.8801971077919006,1.9694784,1.9014369999999998,2.0295931,Vela X-1,2.12,0.16,26.0,1.0,-3.2,0.9,8.96302,0.00045,283.0,,2.0151539906172786,-10.128076826610675,2.6126671538178194,8.611267000263922,240.00683599384539,-222.8294294336975,-0.9723420245026158,-0.9208928175526562,14.249915599125709,-5.617798116657315,-0.09212697739569686,13.227845349231066,47.29115344412097,-30.677760948356777,-3.5379366854507435,3.6256869487661723,56.3700116274595,0.061566416718142954,B0.5 Ib,xkcd:red,xkcd:red
5837600152935767680,189.81024184279624,0.022242655977606773,-75.37063019320797,0.02570117823779583,-27.34027789422274,0.033735789358615875,-8.934340817354846,0.03983910754323006,4.77404346153494,0.027307841926813126,,,6.543228626251221,302.1433834138259,-12.517557655267781,1.0418176651000977,0.20860675,0.20760204,0.20987208999999998,,,,,,,,,,,,0.20946604446673434,-26.973499806310233,-9.987169237224295,8.043499577989337,239.36722576273618,-198.70442419579,-16.565915181922882,-6.238802449153843,7.2794273429212675,-4.467691014800479,-0.5799461600164918,-2.549160474295177,6.656677554102506,,-5.939893609586871,-3.1684206280539606,,0.0011981595218853091,B8Vn(e),xkcd:dark purple,xkcd:red
5854175187680510336,215.3014007027238,0.0445520356297493,-62.698879401723076,0.0705314502120018,-6.425947989496359,0.05724417790770531,-4.332038707619241,0.09649991244077682,0.08394275522667936,0.10595280677080154,,,17.756834030151367,313.0200507368387,-1.5986266459253018,1.062129020690918,,,,,,,,,,,,,,,11.912880358758727,-7.531517471653763,-1.8263656540237998,0.0,1.6803199999999998,-inf,,,2.7858380977347226,,,nan,,,,,,15.03647464664201,B1Ve,xkcd:light purple,xkcd:green
5862285700835092352,195.49460523930014,0.05994626507163048,-63.96912167623403,0.06522805243730545,-6.287527903127519,0.07625846564769745,-0.5842041216372096,0.09208860248327255,0.07560265052473944,0.08420749753713608,,,17.30669403076172,304.08825128367016,-1.1210396150921411,1.0869733095169067,5.4276670000000005,3.947475,7.929663,IGR J13020-6359,,,17.5,,,,,,700.0,,13.227049489128298,-6.308944793395759,-0.26742696616007106,6.804045111962199,237.80519952250097,-234.08060688142623,-0.6439376050639756,-0.2913892138747207,5.357810175236631,-6.300334283310866,-0.0294019859687375,-32.2718622110247,16.40270746473522,,0.6353270949790826,0.05336423368338716,,14.732509105813348,B0-6Ve,xkcd:purple,xkcd:green
5862299960127967488,195.69848851536304,0.008934320881962776,-63.83573123376698,0.009974833577871323,-7.092820662863646,0.011759594082832336,-0.34195092640087815,0.014234627597033978,0.44344477764993895,0.013309076428413391,,,9.632835388183594,304.18354481654586,-0.9915822428813386,0.9812279939651489,2.1670405,2.112464,2.2226743,PSR B1259-63,,,22.5,7.5,0.0,1.0,1236.724526,6e-06,0.04776,,2.255072221843625,-7.100960208667895,0.037409978977678573,7.160599485069996,238.2808580758982,-222.54278065017724,-1.6136764384742552,-0.7310496310826367,5.313301714392077,-5.169288502255675,-0.045447120414217716,-23.697036895666987,8.975701905409741,18.383735181274908,-0.31799526793796495,0.813906730474533,20.45788219513498,0.06768132147403795,O9.5Ve,xkcd:dark blue,xkcd:blue
5862928537183584768,191.0157861157054,0.015005238354206085,-63.375599072405734,0.0179296787828207,-6.357054767364532,0.01944475620985031,-0.2978005899292986,0.0252505112439394,0.12335544015674202,0.022185102105140686,,,15.082144737243652,302.1057677991692,-0.5156795553002121,1.0605111122131348,5.848924299999999,5.135433600000001,6.638319999999999,SRGA J124404.1-632232,,,,,,,138.0,1.0,,,8.106655034665245,-6.350196706867094,-0.4193236109839943,7.068335921880367,238.15999465073585,-230.78185615332512,-0.5907003950909853,-0.27224415929715884,5.848272219272198,-6.351579812962194,-0.009931224441994008,-26.530638573202307,16.849484819876356,,0.5920835011860843,-0.13714822724484144,,1.457957342186758,Be,xkcd:green,xkcd:green
5863533199843070208,195.3211964950643,0.008986628614366055,-61.601844813228226,0.010867293924093246,-4.340692264055244,0.012104980647563934,-0.236113209203886,0.015209818258881569,0.5395135891716509,0.014079692773520947,,,12.647679328918457,304.10270102486777,1.247518814190948,1.0172128677368164,1.8507748,1.8018158000000002,1.9069960000000001,GX 304-1,,,9.6,,,,132.5,,272.0,,1.853521431286583,-4.347010190708723,-0.029345879849095056,7.275707936708182,238.4295675667315,-219.32226877397014,-1.8885906520929086,-0.8790411463306022,5.039240324285312,-5.030270221926231,0.058277328941676046,-20.958302142801372,23.606083787592564,,2.5718506833104167,0.791417937539831,,0.0483713715936614,B2 Vne,xkcd:dark green,xkcd:green
5864664975280537728,206.63566597037007,0.016893604770302773,-62.923386961743525,0.019583694636821747,-4.748743831187859,0.021524153649806976,-2.2605365882845696,0.023262644186615944,0.6054838801046949,0.028642011806368828,,,8.518084526062012,309.15505830063836,-0.7193551134314897,0.9463874101638794,1.5823639,1.5147637,1.645346,HD 119682,,,17.5,,,,90.0,,1500.0,100.0,1.6515716319765423,-5.130444789897053,-1.1572078028755977,7.255433254542807,238.40353928106683,-205.98018798923624,-2.26148872900612,-1.006960828044329,3.821757106753819,-4.412512504489845,-0.037768887009537414,-20.085429115651863,11.607995060665866,,1.5435564435989115,-0.11247808782173128,,0.07812649640475401,B0Ve,xkcd:purple,xkcd:green
5878377736381364608,218.28465330128793,0.06372292339801788,-61.26107376019224,0.08531450480222702,-7.246886900314591,0.10686460882425308,-3.983080511175255,0.13409805297851562,0.41530307188623306,0.11580472439527512,,,17.964555740356445,314.8462828689717,-0.7642267023265309,0.9715883135795593,2.2242244,1.8138514000000001,2.861979,IGR J14331-6112,,,,,,,,,,,2.4078800945492094,-8.226216322607192,-0.8436024645094281,6.7678566041082275,237.75559133710118,-201.45451023019476,-1.63599734997316,-0.7182420247146593,2.127368078308014,-4.1325623081378735,-0.04323054897842305,-28.373695320676212,25.925104774577584,,-2.4576566644961586,-0.08212989081634581,,0.6714226539661279,early BIII or mid BV,xkcd:red,xkcd:grey
5882543824607819776,236.02135471814512,0.23264913260936737,-56.76187017074616,0.21859543025493622,-4.167843287744988,0.3054322898387909,-2.6135336595940055,0.28812435269355774,-0.05039768082917262,0.30544930696487427,,,,324.9605894142377,-1.4644638526861036,1.0827516317367554,,,,,,,,,,,,,,,-19.842182885152752,-4.894085386231645,0.499403737776991,0.0,1.6803199999999998,-inf,,,-0.8397079295686324,,,nan,,,,,,120.2591252459364,Be?,xkcd:green,xkcd:red
5883218164517055488,230.1701764075732,0.10015206784009933,-57.166742166539116,0.10098147392272949,-5.549152942694518,0.1326756626367569,-4.07252990135312,0.15664492547512054,-0.12459033866593971,0.13540777564048767,,,17.775951385498047,322.1184786573702,0.03771540102283994,1.0146980285644531,6.4390854,4.6012830000000005,9.206895000000001,Cir X-1,,,,,26.0,3.0,16.68,0.15,,,-8.02630453298044,-6.87243078740587,-0.38508862765140023,5.004354161894938,234.96436384641686,-233.64594559108932,-0.5689727735894532,-0.24900292443696165,-0.17843281941658537,-6.112920649129655,0.001964524273569298,-55.93120739067709,7.181411212670992,82.10964021009367,-0.19053736468676163,-0.13805022748800788,82.42308949824987,8.723180746286538,B5-A0I,xkcd:black,xkcd:red
5884544931471259136,238.59067450082784,0.01269359327852726,-55.32898953059539,0.010471327230334282,-3.1236747705391017,0.019842378795146942,-3.2225953484639502,0.015759257599711418,0.7315774313408016,0.017946967855095863,,,8.689340591430664,326.97622424510917,-1.2387208767966702,0.9297120571136475,1.317673,1.2825757000000002,1.3448452,1H 1555-552,,,19.4,5.0,,,,,,,1.3669093074225183,-4.464194418587551,-0.4619881438908983,7.08194816602537,238.17792138588234,-148.17543043307973,-2.7680661759422702,-1.2222272867656117,-1.4786957751282688,-2.2513659705161397,-0.06713805271432885,-16.851220730235898,6.2233761325955275,,0.5552377278708587,0.8273771955890421,,0.0335328515481709,B2 IIIn,xkcd:red,xkcd:red
5886085557746480000,235.59729827776863,0.01090452540665865,-52.38601199162066,0.00943202618509531,-6.710645355390543,0.014753925614058971,-4.110864296804368,0.013893896713852882,0.12795944829063383,0.015252325683832169,,,13.163740158081055,327.4196587377088,2.1637003432777564,0.9857908487319946,5.5353643,5.0910376,5.887952599999999,4U 1538-522,1.18,0.29,20.0,,-158.0,11.0,3.72831,2e-05,526.42,0.07,7.814975864296505,-7.825490351151889,0.832866806034571,4.58749762261539,234.16632293305477,-222.7001428694471,-0.6584234346730594,-0.28689661864534727,-2.0627995384039925,-4.9631750396528815,0.1420067421666817,-55.509940123552454,63.260150788836135,-100.42726033804355,-2.2038918768259483,0.9777566825132364,118.6906959151873,0.9315182167932405,B0 Iab,xkcd:red,xkcd:red
5933976985766949376,246.65214511693458,0.030918631702661514,-51.94184815729851,0.02216207981109619,-2.8563373848377083,0.040688592940568924,-3.332145349614718,0.03151797503232956,0.050120353494249176,0.03836339712142944,,,15.729031562805176,332.7809871369111,-2.0027078877075377,0.9894203543663025,6.6929224000000005,5.8697295,8.261849,,,,,,,,,,,,19.95197420374819,-4.382296682342562,-0.23944033684800287,3.7693845369830634,232.37404296462404,-228.68588847986084,-0.5369310684153045,-0.24314369254232987,-3.115850876439452,-5.5160929235435505,-0.1381906473235536,-57.98474112489324,53.193720601761555,,1.670727309616293,0.1418940030178806,,15.27175002512169,B0-2Ve,xkcd:purple,xkcd:green
5934776158877214848,245.19273371546788,0.03752019628882408,-51.501706020142436,0.026348773390054703,-4.882473484444853,0.05389139801263809,-6.022015388741489,0.04039086401462555,0.035774547315548286,0.04634368419647217,38.7906379699707,4.938200950622559,14.783706665039062,332.45890500811436,-1.0501486044356771,0.9744912981987,7.154235,5.8845979999999996,8.667592,IGR J16207-5129,,,,,,,9.726,,,,27.952834488149662,-7.712511204195834,-0.7876468711929886,3.7691501132876195,232.3734776684634,-231.29792432035484,-0.5028621291740776,-0.22585480519598036,-3.1478644517410665,-6.03621821275462,-0.06854766416605938,-58.64665771073051,43.16481478338444,,-1.1734308622671366,-0.49324440183094886,,36.211145384697645,B0I / B1Ia,xkcd:red,xkcd:red
5935509395659726592,244.8840954475876,0.04218791797757149,-49.741826170029775,0.025050578638911247,-0.18399109215839704,0.0616706945002079,-0.5449229720233741,0.043932314962148666,0.35882505488809213,0.05053073912858963,,,16.373214721679688,333.5570067316641,0.3390169216079117,1.0523931980133057,2.4766138,2.2264104000000002,2.755401,IGR J16195-4945,,,27.8,,,,16.0,,,,2.7868733979902074,-0.5148819549639111,-0.2563012678177144,6.034169330664149,236.6907036681415,-141.3992738639872,-1.4469920979546795,-0.6455734987497426,-3.6588087785652785,-1.9393890768942996,0.01857354009742857,-27.282702693245277,33.98869014088954,,2.871499219885068,0.3706986908345996,,0.3924552389524978,ON9.7Iab,xkcd:blue,xkcd:blue
5940285090075838848,249.3055346035613,0.39509785175323486,-50.72612789595593,0.282411128282547,0.6277619355737372,0.5566709637641907,-4.122424253903569,0.3898785412311554,1.6914701245789092,0.5430479645729065,,,19.783174514770508,334.8023923852234,-2.383834775954468,1.0749093294143677,3.6997966,1.7862366,5.046274,,,,,,,,,,,,0.5912016922255423,-2.6573176312336866,-3.2135851915986717,5.056317286472824,235.0593306429133,-160.25184690161,-0.9638970981513879,-0.44243847027916966,-3.6626808166727893,-2.390183759783064,-0.14580468385487452,-38.10659656861079,47.634604884717895,,0.6967632267007653,-2.6253420374646277,,0.18980582095416207,,xkcd:green,xkcd:grey
5940576971716473344,248.16638484576487,0.041116662323474884,-49.70382899144433,0.026625696569681168,-4.769279217690786,0.05356945842504501,-6.12018935660893,0.0370846651494503,-0.02732642251724471,0.05024125427007675,,,12.820149421691895,335.06347356705464,-1.1557122758724598,0.9996997714042664,12.7397705,10.017572,15.872169,IGR J16327-4940,,,,,,,,,,,-36.59461824426291,-7.732818041549645,-0.6373908952367946,6.355873394148818,237.1721402634938,-127.29055382317075,-0.27962496897227257,-0.1271861327423578,-3.9051096091350437,-6.832998296470934,-0.009381289670138236,-21.899496070381282,48.137774371763925,,-0.6201947761064384,-0.5008234728242986,,67.28138375838091,OB,xkcd:black,xkcd:blue
5940777877435137024,247.95125817288326,0.13132824003696442,-48.81687706740887,0.08851779997348785,-4.366133479593785,0.1887052059173584,-5.774239370792024,0.13030248880386353,-0.034896909170396145,0.1780019998550415,,,17.139793395996094,335.6159688973277,-0.44775360639278583,1.370215892791748,7.0294146,5.098358,9.806712,IGR J16318-4848,,,,,,,80.09,0.012,,,-28.655832959794708,-7.203060692802936,-0.7217191480289905,3.3876998370960365,231.40569876476678,-228.94356557857344,-0.5055804386399735,-0.22907839564608812,-4.162337905008091,-5.627946458036129,-0.032124124541510535,-56.93126253927523,38.79929544763394,,-1.0695337961268336,-0.46051662784139186,,146.1675459407905,B0-5sgBe,xkcd:green,xkcd:green
5943166184173519744,250.46160612338068,1.3305343389511108,-45.540403360519775,0.6542299389839172,-8.551346793903136,1.7982252836227417,-5.318919221188635,1.1888338327407837,0.9562030181651716,1.0759587287902832,,,20.419172286987305,339.18890175141337,0.4889589642760968,1.236974835395813,6.3262095,4.941406,8.815772,,,,,,,,,,,,1.0458030156805707,-9.624728946911002,2.963279664429394,3.1708826112182487,230.80782220947444,-209.99951558991555,-0.5519134138549242,-0.2519424745936336,-5.3281225248164805,-4.149425418234894,0.03747031809347128,-51.223768240218746,175.71491675191163,,-4.923390114821184,3.177751820929556,,1.176780309139686,BN0.5Ia,xkcd:red,xkcd:red
5943246345430928512,251.64690161252628,0.015588409267365932,-45.11796081034128,0.010345971211791039,-1.7593910230172454,0.02173849754035473,-3.0641449978293434,0.016207683831453323,0.29609864232667726,0.01728741079568863,,,13.484343528747559,340.0535299011336,0.13502926660407388,1.090044379234314,2.8861062,2.7490387999999997,3.0289373,IGR J16465-4507,,,27.8,,,,30.24,,228.0,,3.3772529051204776,-3.4763660598810584,-0.6319179988758852,5.525460482390141,235.87662581386036,-117.95600726647044,-1.203824670767686,-0.5545985250327055,-5.5304904636574905,-1.308182426415322,0.006587886991282329,-25.926361851102197,13.242411686567337,,-0.9643589626980502,-0.08390736083446206,,0.19717739288833738,B0.5-1Ib,xkcd:red,xkcd:red
5966213219190201856,255.105188622121,0.02066669799387455,-42.31675095154189,0.014143426902592182,1.1808321110237392,0.029523560777306557,-1.4697065617940481,0.023353278636932373,0.6405461879152953,0.022926293313503265,,,8.707157135009766,343.8034017764549,-0.029940309902722347,1.0234806537628174,1.4964989,1.4457438,1.5446216,,,,,,,,,,,,1.561167670444771,-0.43730141786814125,-1.833894577704993,6.725862687530461,237.69770453261955,-79.7419941042184,-2.2658663987756023,-1.071902209378071,-6.573874715759044,-0.6375464487995754,-0.001026824832595802,-11.502911970179213,18.30699645349875,,2.466111429707037,-0.7609655434943263,,0.05587698217463822,B2e,xkcd:dark green,xkcd:green
5976382915813535232,255.9865659301791,0.021049443632364273,-37.8441202722809,0.012138224206864834,2.4137032635492046,0.028064759448170662,5.021949969731823,0.021347088739275932,0.6327358617075665,0.02594889886677265,,,6.420469760894775,347.75444710988126,2.173492429913019,0.8081918954849243,1.5139931999999998,1.4613417,1.5923752,4U 1700-377,1.96,0.19,46.0,5.0,-60.0,10.0,3.41166,4e-06,,,1.5804383163952436,5.459355496184255,1.114173464609666,6.679230942389423,237.63301645326374,-61.001772677836,-2.171203317603579,-1.0177427454204167,-7.952405001432037,-0.3724851740513693,0.05825101462333499,-9.02673557992658,59.32909375406844,-43.02085941864138,8.003043987839204,2.0736651954067478,73.2853035116697,0.06481477741223182,O6Iafcp,xkcd:blue,xkcd:blue
5980409632300781056,260.0246347466105,0.14206048846244812,-31.283210647628042,0.09625773131847382,-4.450374129916061,0.16434164345264435,-4.677040280971733,0.11456924676895142,0.10569083806813043,0.1602022796869278,,,17.91213035583496,355.0221182281025,3.3474131126407536,0.9918563365936279,7.0215576,4.438549,9.765323,,,,,,,,,,,,9.461558052509528,-6.377549195433853,1.0036941495691287,1.3158671485695244,223.00389507870474,-119.45829755840573,-0.43524287689650193,-0.21115512681698614,-10.006598930498043,-1.0861850813071003,0.1865892466018723,-17.142401096551957,165.20583765980575,,-4.856121237230251,1.0282600297842426,,14.341481221155082,,xkcd:grey,xkcd:grey
6053076566300433920,183.31156879290245,0.012357387691736221,-64.87513252303748,0.015193149447441101,-5.95305662663964,0.01588580757379532,0.449629791184431,0.02075292356312275,0.26448691327892004,0.01766935922205448,,,13.976888656616211,298.89007133029565,-2.303521643360621,1.3103512525558472,3.299027,3.1170483,3.471596,EXMS B1210-645,,,9.6,,-42.0,11.0,6.7,0.0005,,,3.7809054051208566,-5.958118420264099,-0.37666303137996027,7.164464685637816,238.28588870190336,-235.25995301068923,-1.0248833328130231,-0.46842735873701846,6.98970777817352,-5.945630740496135,-0.07305820331808678,-24.966380843597847,16.039657112520974,-24.023326934575675,1.0123956530450595,0.16482253067514496,28.88582415810139,0.25258783113112304,B5V,xkcd:red,xkcd:red
6054569565614460800,186.65645139154256,0.012048251926898956,-62.77035949368261,0.013341481797397137,-5.226856654124623,0.015758464112877846,-2.0707848986747575,0.01876610517501831,0.25062115141915803,0.015989607200026512,,,9.751055717468262,300.0980601666885,-0.03521279949727996,0.9085311889648438,3.5460981,3.3819047999999996,3.7297097,GX 301-2,,,43.0,10.0,4.1,2.4,41.498,0.002,680.0,,3.9900862091544833,-5.028048922928033,-2.5153338959248557,7.0718444057591805,238.16461834201277,-235.6093982448917,-0.9616540188481638,-0.451919775766423,6.354960220074714,-5.9669970099965575,-0.0011381780391020698,-27.010734943349373,47.1396026193597,24.755774723274655,1.9006021059166889,-2.0622759421193306,53.24462899918327,0.2545671457391046,B1 Ia+,xkcd:red,xkcd:red
6054778507172454912,188.50210227953616,0.04590492323040962,-61.71761859192175,0.04630792513489723,-5.117225288166624,0.0560368187725544,0.9981333214208672,0.05972761660814285,0.013984799250916106,0.061268821358680725,,,16.240846633911133,300.868492644533,1.084281380369064,1.0551469326019287,6.2416606,4.990495,8.211024,,,,,,,,,,,,71.50621056891416,-5.1665302763146395,0.699449555798573,7.292258168052447,238.45076286819432,-226.8646917888402,-0.5491848379653627,-0.2607591714838048,5.987458953565751,-6.346171878386419,0.015239983434044799,-21.31553299621843,58.2901870163166,,1.7288264400371416,0.9449687438483331,,313.27594789006463,,xkcd:grey,xkcd:grey
6055103928246312960,190.70931703328822,0.05288095399737358,-63.05864217078729,0.05445249006152153,-12.857201869803877,0.06959401816129684,-3.6770768880918028,0.0740465447306633,2.282573124548697,0.07652348279953003,,,5.136850357055664,301.9579033881775,-0.2031588592223847,1.0903596878051758,0.44352216,0.42721436,0.46094156,1H 1249-637,,,9.6,,22.0,7.0,226.0,6.0,14200.0,1400.0,0.43810206527237405,-12.765761621634406,-3.9829467208881053,7.924186694357531,239.22731308940453,-206.93062712964215,-7.782707815744167,-3.605253923309929,5.849260208332511,-4.589947707771677,-0.009623766964386674,-5.5478013332900975,1.1321346099193617,21.698541124957586,-0.3931060981185617,-0.3680690306137894,21.728055958287037,0.014687413733103326,B0.5IVpe,xkcd:purple,xkcd:green
6060547335455660032,193.6534512999999,0.062005579471588135,-57.168711407421895,0.08000237494707108,-28.38602111310031,0.08820656687021255,-10.446722229219034,0.11208841949701309,8.266773469896965,0.11696327477693558,,,5.147207260131836,303.3645146851053,5.700370988443033,1.2697036266326904,0.12009891,0.11822915,0.12199124,,,,,,,,,,,,0.12096617908322384,-28.607431330086722,-9.824208500546414,8.084892698802284,239.41530011456686,-198.78633904434113,-28.983743762204206,-14.229941125776017,4.63728252766747,-4.3131073508501245,0.27694810219730714,-1.566807776132391,3.5567923789572156,,4.689419782967608,4.128784523032296,,0.001711502134944004,B5Vne,xkcd:dark purple,xkcd:green
