source_id,ra,ra_error,dec,dec_error,pmra,pmra_error,pmdec,pmdec_error,parallax,parallax_error,radial_velocity,radial_velocity_error,phot_g_mean_mag,l,b,ruwe,distance_bj,distance_bj_low,distance_bj_high,Name,Mx,Mx_err,Mo,Mo_err,RV,RV_err,Period,Period_err,Spin_period,Spin_period_err,distance_para,pm_l_poleski,pm_b_poleski,galactic distance,circular velocity,LSR velocity,mu_l_sol,mu_b_sol,RV_r_sol,mu_l_rot,mu_b_rot,RV_rot,Peculiar Velocity,Peculiar Radial Velocity,peculiar_mu_l,peculiar_mu_b,Peculiar Velocity 3D,dist_err,SpType,Mod_SpType,SpColor,pm_l_err,pm_b_err,l_err,b_err,V_pec_tan_err,V_pec_3d_err
168450545792009600,58.84615062234396,0.02955361269414425,31.045836091857545,0.02079164795577526,-1.282117252826291,0.05307381600141525,-1.8690907560201113,0.030308086425065994,1.627402622661778,0.03745640814304352,,,6.261696815490723,163.0813533466715,-17.136203125538678,1.5027114152908325,0.6001466000000001,0.586646,0.6135245,X Per,,,15.5,,1.0,0.9,250.3,0.6,837.6712,0.0003,0.6144760897364175,0.31676489435910954,-2.244322816783791,8.700283372674695,240.10342425051675,-3.082081921386132,5.678754520826265,-1.8927588919495255,8.331080353841104,-1.9216873115359343,-0.33406197379682595,-3.2901823428045422,9.786737037120155,-4.040898011036562,-3.4403023149312215,-0.017501951037439734,10.588157468102683,0.014142822981115537,B0Ve,xkcd:purple,xkcd:green,0.041711259271920674,0.01919914903743054,0.01924529710169995,0.013440536039086987,2.634009855131513,3.828873927543188
184497471323752064,80.64680481184236,0.025397874414920807,37.6759929364201,0.01957647316157818,1.3049449567151956,0.04082612693309784,-3.9994793622028038,0.02804887294769287,0.7213697567669315,0.030094077810645103,,,7.2317328453063965,170.05338802722687,0.7103172589013076,1.0481436252593994,1.3198279,1.2776985,1.3696732,EXO 051910+3737.7,,,17.5,,-20.5,4.4,,,,,1.3862516284046154,4.042487758552149,-1.1649073914687809,9.452638909302912,240.8838107733035,-4.889907119264498,2.439435356227649,-1.2311682821565653,8.193677748526671,-0.9183602620840488,0.009690740155852097,-5.671475619440114,15.777887460507074,-23.02220212908656,2.5214126644085484,0.0565701505319323,27.90991801472989,0.05783159604211228,B0 IVpe,xkcd:purple,xkcd:green,0.03490076568936409,0.0174409206150625,0.01895825062018289,0.009913320421061531,7.643370560848931,14.568491902290791
252878401557369088,70.24720739300419,0.011905986815690994,44.53034418647852,0.008385959081351757,0.10064623612212906,0.016362275928258896,-1.186127754569379,0.013658520765602589,0.378823380551682,0.015042701736092567,,,10.40385627746582,159.8470955000755,-1.2700235829277626,0.8796510100364685,2.4436519,2.3526979999999997,2.519473,RX J0440.9+4431,,,17.5,,,,150.0,,202.5,0.5,2.639752590095405,0.9613298907381022,-0.7020495396899115,10.477343032770246,241.85577277691382,-16.487716722919366,1.4234979660475775,-0.64554297906578,5.620332737130843,-0.9894066320591308,-0.03155753876451066,-21.19600784456058,6.113790277467948,,0.5272385567496555,-0.02494902185962085,,0.10482196429390027,B0e,xkcd:green,xkcd:green,0.012358758869474226,0.006462285084643949,0.008481063445007495,0.0039496270449074005,11.506676162796824,
276644757710014976,64.92556123476727,0.012604312971234322,55.999360679043434,0.008108320645987988,-0.4735607216045463,0.01827656850218773,-0.5096656032780096,0.013492867350578308,0.2100882458297216,0.014864281751215458,,,10.766115188598633,149.17651611413766,4.133059262254314,1.1442627906799316,4.128381999999999,3.857449,4.402587400000001,XTE J0421+560,,,,,-51.0,2.0,19.41,0.02,,,4.759904563202022,0.028172527938556093,-0.6951439368079875,11.874963606736411,243.04361964900133,-35.3628635526062,0.8796196505446521,-0.3958616206504662,1.7521777685708044,-1.2734311474845192,0.13058473493752779,-51.52548683646432,11.787602735827345,-1.2266909321064872,0.42198402487842324,-0.4298670510950491,11.851259380361086,0.3367754452749184,B1/2I[e],xkcd:green,xkcd:green,0.016413155514623672,0.007103006869417609,0.011211768609447082,0.004575727049175133,21.6928625834948,34.16298818086402
414196617287885312,18.996040698840275,0.010982572101056576,59.15394486765568,0.012779636308550835,-2.4625832668630094,0.014893881045281887,-0.546486466252775,0.01677328534424305,0.3391933399322079,0.018039019778370857,,,11.412055969238281,126.08000772759438,-3.5676859152271287,1.0861941576004028,2.607235,2.499728,2.700093,EM* AS   14,,,,,,,,,,,2.9481710938070385,-2.3917964140508814,-0.8014198136834897,9.908228429852588,241.32785437376185,-30.245444147438302,1.3543735403539963,-0.6370991545909823,-4.149277022000289,-3.3481763025872397,-0.15259040713087868,-36.770401174867104,4.920658379457423,,-0.3979936518176381,-0.01173025196162869,,0.15678997907752415,B1-2 III/Ve,xkcd:green,xkcd:green,0.014805613735512323,0.010144365974226128,0.010861635719069056,0.007492080916920915,8.596009957684776,
426558460884582016,14.177450998208093,1.8335996866226196,60.71672280471204,2.3911945819854736,,,,,,,,,2.0645833015441895,123.57698659515256,-2.1484240190698634,,,,,gam Cas,,,13.0,0.0,-0.018,0.075,203.371,0.089,,,1.0,,,0.0,1.6803199999999998,inf,,,-5.069058694788397,,,nan,,nan,,,,,B0.5IVpe,xkcd:purple,xkcd:green,nan,nan,nan,nan,,
427234969757165952,9.290132580203235,0.008413794450461864,61.36013319063004,0.009818237274885178,-1.7956235405295953,0.010947090573608875,-0.5251300483100196,0.013608978129923344,0.27189066538368456,0.012059882283210754,,,9.454655647277832,121.22141620023214,-1.4641898756122689,0.9751836657524109,3.40784,3.2624436,3.5502334,IGR J00370+6122,,,22.0,,-80.0,3.0,15.6649,0.0014,674.0,,3.677948996847052,-1.8178656462591023,-0.44202936451450847,10.33498447483242,241.7263509582219,-38.79372702481899,1.0081838839954012,-0.47988460641303254,-5.836009540939745,-3.477766780741962,-0.06138655881106592,-49.1941799413977,10.648650151212198,-24.969810517662555,0.6517172504874584,0.09924180070958999,27.145629249123758,0.16313775201894146,BN0.5II-III / BN0.7Ib,xkcd:red,xkcd:red,0.01054072897827693,0.007733189274152572,0.008142935743436382,0.005466216636097805,11.10299041400862,28.523337773141805
444752973131169664,53.749629724978455,0.013929484412074089,53.17313997828423,0.012730369344353676,-0.26805266659388,0.019742585718631744,0.4401283844933388,0.01982794515788555,0.13434727271763658,0.020151322707533836,,,14.200214385986328,146.05208942276994,-2.1940257086354467,1.0700557231903076,5.883423,5.4845513,6.3010405,V 0332+53,,,18.8,,,,36.5,0.29,4.4,,7.4433963546230135,-0.47611749428266703,0.19717342250618006,13.4343354203113,244.21979884912392,-49.018970826039684,0.6208160537405135,-0.27045155073291544,1.65427792924791,-1.2202717934721974,-0.06734218472799054,-80.80212221294124,15.310226379541414,,0.12333824544901684,0.534967157967086,,1.11646689171978,O8-9Ve,xkcd:dark blue,xkcd:blue,0.01664041909593133,0.009439213634819069,0.011830081989862271,0.0061798544939952425,10.340270950778844,
465628193526364416,40.91843191991435,0.006756731308996677,61.434377668355616,0.008564884774386883,-0.7289798897496916,0.010312550701200962,0.13432816094165279,0.011728739365935326,0.18150880543038156,0.011328215710818768,,,12.386541366577148,135.93415668064728,1.4287879422071408,1.0006848573684692,5.1687217,4.8863296,5.4875684,Swift J0243.6+6124,,,,,,,28.3,0.2,9.8661,0.0003,5.509374587248629,-0.7165155704504065,-0.18989779299288234,12.39515842179176,243.45168046193712,-52.789582288921544,0.7054520081533407,-0.30838243279444794,-1.8873208171996785,-1.916126800389973,0.05374300115267785,-80.28653196213433,12.210234723033187,,0.49415922178622584,0.06474163864888774,,0.3438476916206344,O9.5Ve,xkcd:dark blue,xkcd:blue,0.009873934224921678,0.005542897508987156,0.00629270287142766,0.0038110059252098078,27.98723543711981,
465645515129855872,40.131931264833995,0.007332205772399902,61.22933050838676,0.00920911505818367,-0.42343174759612834,0.01132231391966343,-0.2555250178055092,0.011918910779058933,0.37764990611808313,0.012974979355931282,,,10.40222454071045,135.6752737697255,1.0861251738760371,0.9269739985466003,2.4739568,2.4065700000000003,2.5448572,LS I+61 303,,,12.5,,-41.41,0.6,26.496,0.0028,,,2.647955113451878,-0.2786251335336253,-0.4086019022963385,10.06896654973379,241.47984983478042,-28.322532669594786,1.473198301271711,-0.6451137369363004,-1.9201631580140313,-2.5858681983951044,0.0457900276284113,-34.99124344219539,10.032926212006025,-4.498593399790575,0.8340447635897683,0.19072180701155053,10.99531495466123,0.09097622527073537,B0Ve,xkcd:purple,xkcd:green,0.010907267069193831,0.005850582937265816,0.006920802665470591,0.004215247370009197,6.852860391726651,7.830751483982036
511220031584305536,26.750875487648646,0.011500537395477295,61.356572911514526,0.013774354942142963,-1.029427556881088,0.01621834933757782,-0.08166309914192828,0.016919506713747978,0.32796283875254345,0.02165328525006771,,,11.215371131896973,129.54110404226162,-0.8001119868579849,1.351809024810791,2.7401304,2.5974229,2.877874,RX J0146.9+6121,,,9.6,,,,330.0,,1407.4,3.0,3.0491259430600497,-0.985337469907104,-0.30903078653217847,10.117369848940804,241.52516398767023,-31.95449944575544,1.3078626323705722,-0.5889723333446671,-3.5057845056108183,-3.004905146750122,-0.03435886606673505,-39.66815818778916,10.105040852529028,,0.711705044472446,0.3143004128792237,,0.2013142527354372,B1III-Ve,xkcd:green,xkcd:green,0.016555104822638767,0.010050848681992335,0.011614669791115384,0.00759440228109904,11.649889690223876,
518990967445248256,29.577032913394262,0.008842416107654572,67.22318460660581,0.010229337960481644,-1.1979575137021086,0.010899312794208527,0.3002206665717444,0.013282542116940022,0.1332721013963377,0.013151251710951328,,,13.687518119812012,129.3522357669255,5.1887233924182254,1.092895269393921,5.6482246,5.216058,6.2012065000000005,IGR J01583+6713,,,12.5,,,,,,469.2,,7.503445878939821,-1.2346521179622485,-0.029475428469389678,12.498104217451575,243.53048134902082,-59.4466511647393,0.6340368597467319,-0.2703180870907844,-4.340525578154056,-2.275044026124958,0.20163434074544848,-91.16201737857676,10.929699615645315,,0.4063550484159777,0.03920831787594628,,0.7404378292195948,B2IVe,xkcd:dark purple,xkcd:green,0.010768922367384477,0.005896394241272626,0.008687019720280315,0.0045429953448122935,42.540037510257825,
519352324516039680,23.95771733364349,0.0074431453831493855,66.21202346679833,0.008329693228006363,-1.6256635994947488,0.008630420081317425,-0.02743521083805346,0.011114322580397129,0.1668629279602417,0.01096498966217041,,,12.461552619934082,127.39442158128841,3.7256576059257593,1.0535520315170288,5.563626500000001,5.248088399999999,5.9916035,IGR J01363+6610,,,12.5,,,,159.0,2.0,,,5.9929429036404605,-1.5938519151046047,-0.32120227619575814,12.337078133540114,243.40694447131082,-59.62044901281796,0.6385499035475829,-0.27711774582794346,-4.730887622433924,-2.426907291096585,0.14721496084645566,-90.25056905863555,7.194557965951878,,0.1945054724443973,-0.19129949121427034,,0.39381160205970045,B1Ve,xkcd:light purple,xkcd:green,0.008498332631651196,0.005074810774241822,0.007298405346797074,0.0038956812073531496,23.09677356267247,
524677469790488960,19.63319348306226,0.01089562103152275,63.74252240557648,0.012050527147948742,-1.6837604152272512,0.013374864123761654,0.5035569322350394,0.016997672617435455,0.13630637395963652,0.01634519174695015,,,14.304468154907227,125.92351442320867,1.0282648921450845,1.0173410177230835,5.6585684,5.234406699999999,6.1456973,4U 0115+634,,,17.5,,,,24.3174,0.0004,3.614316,5e-06,7.33641407184761,-1.7303085389189818,0.30765415653338307,12.350602674028679,243.41737970903503,-61.026549138189345,0.6235655487940277,-0.280178754985223,-4.812514980918908,-2.5090268021740987,0.04083785343158309,-92.4803264997379,15.250062218660323,,0.15515271446108914,0.546995058087023,,0.8797467884728718,B0.2Ve,xkcd:purple,xkcd:green,0.013175598125326638,0.008570131095468657,0.010670268540693093,0.006106107414402921,11.169265706416576,
524924310153249920,19.511227046863358,0.007461200468242168,65.29162260285469,0.008893749676644802,-1.2433985583085483,0.009154735133051872,0.7606173957665759,0.011805354617536068,0.1964171573898191,0.011268352158367634,,,10.520528793334961,125.70997540875491,2.563488419804798,0.944641649723053,4.5270576,4.3225546999999995,4.8506323,2S 0114+650,,,16.0,2.0,-31.0,5.0,11.5983,0.0006,10008.0,36.0,5.091204929798221,-1.3211378475864253,0.615770724556804,11.397508308296436,242.65367986781396,-50.68671112701422,0.7786042931208563,-0.34394356243495516,-5.0743600444446795,-2.7902006800021155,0.10575438924584739,-70.88370689452344,23.56484052371073,44.95806693896812,0.6904585392948341,0.8539598977459119,50.75952611871646,0.29207983061034437,B1Iae,xkcd:bright green,xkcd:green,0.008950742105208907,0.005478267611619001,0.007281116645392427,0.004152896805295252,14.235284041622949,31.268444565283588
1978365123143522176,323.5848682806499,0.011234178207814693,47.63337917570627,0.011219699867069721,-2.2116582562207454,0.014625879004597664,-2.55791755533225,0.01455289963632822,0.08351192645368731,0.014160461723804474,,,14.003633499145508,92.17160730696891,-3.1176825605720886,1.0569863319396973,8.518012,7.761804,9.59976,IGR J21347+4737,,,12.5,,,,,,322.7,0.6,11.97433758823135,-3.355327653532208,-0.4197032280413788,12.000740460416198,243.143835438971,-70.71927515159426,0.28006136847556323,-0.20571017463872476,-12.748142588691795,-4.207801531045261,-0.09540242149645735,-104.1329652322752,23.602155793437895,,0.5724125090374899,-0.11859063190619666,,2.030394415342535,B1--1.5III--V,xkcd:black,xkcd:red,0.014293988718640866,0.008065946761981309,0.011115704796428458,0.006152359494680778,58.106603460048625,
1979911002134040960,330.4091919702234,0.0112070357427001,50.16795238313883,0.011057302355766296,2.364625293266044,0.014718983322381973,-0.2937024864956449,0.013353955931961536,0.8781947661310571,0.013396814465522766,,,9.304606437683105,97.24776932144769,-4.041208697923339,0.9346024990081787,1.1175298,1.0990605,1.1369066,1H 2202+501,,,,,-16.8,2.5,,,,,1.1386995670739004,1.725094264393713,-1.6437042638757022,8.364063595591775,239.7334877327552,-2.3769544415100343,2.346474064359324,-1.5925472121470545,-11.563043701438762,-5.989550934264854,-0.031702467493027714,-2.4393862714864207,28.435879088816282,-2.797570027074819,5.368171134299244,-0.019454584235619993,28.5731625412758,0.017370801353402254,B3e,xkcd:green,xkcd:green,0.01461224958935442,0.007509069833201229,0.011265632237932904,0.006125686709418155,1.4099191741793142,25.6364773323982
1982359580155628160,340.73874140526055,0.013241217471659184,44.72172459979292,0.014299740083515644,-3.4776109132211244,0.015737077221274376,-3.1589986974648205,0.016737615689635277,0.485993229298655,0.018474221229553223,,,8.70506763458252,100.17544003164187,-12.398496666587082,1.138658881187439,1.9588258,1.9000535,2.0270062,MWC 656,5.4,1.6,7.8,2.0,-14.1,2.1,60.37,0.04,,,2.05764183472909,-4.562877647452333,-1.1194632681419072,8.694348952362466,240.0970146378794,-10.512321452335232,1.4036595262701708,-1.0648783005453872,-9.578644899290467,-5.612976134300309,-0.2488999311048653,-11.214452884172788,3.7458721663810266,6.693097783463255,-0.3535610394221944,0.19431496350834532,7.670014095545642,0.07821781904415968,B1.5-B2III,xkcd:red,xkcd:red,0.014951792573067557,0.011738688014635741,0.012882582162557367,0.009824571260530688,3.529540775793248,7.699164895589478
2005653524280214400,331.98428755192987,0.01205048244446516,54.518432170802825,0.011263555847108364,-4.172517978480273,0.015193975530564785,-3.316562372366748,0.013615788891911507,0.3050532500378427,0.013605252839624882,,,9.743356704711914,100.60324189142595,-1.1059224650682717,0.9785323143005371,3.1674092000000003,3.0472979000000002,3.3326724,4U 2206+543,,,18.0,,-54.5,1.0,9.558,0.04,392.0,,3.2781161973391435,-5.320924798903758,-0.31185178362654387,9.27089679752768,240.70091275872343,-23.97988925926849,0.8737514207648808,-0.5207464477558823,-11.231698001733578,-5.1783237426971525,-0.03083334516427316,-27.277923747094576,15.677751490132476,-15.990378251171846,-1.0163524769714867,0.2397280092936116,22.393840412084316,0.14620267017950472,O9.5IIIe,xkcd:bright blue,xkcd:blue,0.01469354835801458,0.007325491365767859,0.011726550513661987,0.005989686069167577,8.273596263845704,11.971901069446087
2021785421455305344,295.5465223645784,0.03207533434033394,25.934890350462474,0.04769733175635338,-1.953244017446547,0.0427125059068203,-3.987108346450195,0.05859220772981644,0.019283663596520964,0.060263168066740036,,,17.05453872680664,61.58010557440001,1.3548851543347347,1.0167852640151978,8.438992,6.744408999999999,10.507007999999999,1RXS J194211.9+255552,,,,,,,166.5,0.5,,,51.85736595096036,-4.429675591703954,-0.30028205122144064,8.494162928397346,239.87829956529336,-5.135616206093585,0.07564288681034087,-0.17983434537961984,-17.27593458522321,-6.027399352145565,0.00303657811182365,-5.35248598678241,61.084523851976286,,1.5220808736312703,-0.12348428395364444,,162.0588921891883,,xkcd:black,xkcd:grey,0.050985673303094635,0.02741401595925225,0.03996365613886813,0.02247377208991141,91.95814997040453,
2026914849346539008,297.48094936995193,0.0128928292542696,25.566594846422447,0.019209254533052444,-2.3838963550775913,0.01785130985081196,-5.145184250598648,0.027028784155845642,0.11141137992886387,0.026741143316030502,,,13.963172912597656,62.13626690776949,-0.3368577763444705,0.9918761253356934,5.6107773,4.7615747,6.645741,IGR J19498+2534,,,,,,,,,,,8.975743776250683,-5.639979575322384,-0.5886537134062201,7.4269311962337765,238.62153583702874,22.855405659020768,0.1200082454428776,-0.28953592116532184,-17.025860471573704,-6.323977107168079,0.005052618525080089,20.8276718149152,17.041692512906284,,0.5639892864028173,-0.30417041076597834,,2.1543728373344093,early BIa,xkcd:red,xkcd:grey,0.022255466335316353,0.013292228383419459,0.015489877756331224,0.0095908697099945,34.47495324381575,
2028089540103670144,296.4139748795565,0.01702195405960083,27.365399152475934,0.022254357114434242,-2.4130254444730657,0.023112494498491287,-4.043007630284439,0.028101064264774323,0.02069077540146113,0.029170023277401924,,,15.688565254211426,63.207143530473964,1.3955652936534102,1.0054941177368164,12.164791,10.002854,14.738491,XTE J1946+274,,,15.0,0.0,,,172.7,0.6,15.78801,4e-05,48.330716495495984,-4.708182978519744,0.040193718285011476,11.178671516200723,242.46968196233783,-52.849585624550755,0.06087487571364859,-0.12458161585932383,-17.18825854449588,-5.039147046694817,0.022329141099729298,-72.48934447413211,17.606863858224475,,0.27008919246142415,0.142446193044606,,68.13703681146595,B01-IVVe,xkcd:purple,xkcd:green,0.02537638601610215,0.013179325129750813,0.01882970353115765,0.010657697260222199,137.7571702689303,
2031939548802102656,297.39783883472126,0.008815532550215721,30.20880848740128,0.011791565455496311,-2.26403288923693,0.011820588260889053,-4.08907537104113,0.014689060859382153,0.027654384165323034,0.01372900977730751,,,13.834043502807617,66.09896538287826,2.083585457599563,1.0205581188201904,13.692617,11.93849,16.453439999999997,KS 1947+300,,,17.5,,,,40.415,0.007,18.7,,36.16063167495666,-4.671760156595447,-0.14504948413886973,12.778697774193052,243.74213997722492,-73.5903123640433,0.06723438504633676,-0.10760405914301759,-17.07466449539618,-4.527214429583932,0.04125114729395016,-115.38507494583702,14.663478579324376,,-0.21178011205785197,-0.0786965722898023,,17.951933510839638,B0Ve,xkcd:purple,xkcd:green,0.013056212530572224,0.006773512379953196,0.010093728349354073,0.005452924281284244,138.64284650954582,
2033989790047905024,300.09104899633587,0.014430977404117584,32.18973933161206,0.017375720664858818,-2.850743997098801,0.02021029405295849,-4.300169718523636,0.023098601028323174,0.06746486507910339,0.021092984825372696,,,15.064558029174805,68.98602751827119,1.1341894069944143,1.0242297649383545,8.466655000000001,7.374865,10.096501,IGR J20006+3210,,,,,,,,,889.7,4.7,14.82253019890409,-5.15762081036255,0.13095236392538537,9.41274881781569,240.84395809675686,-25.634286017292823,0.12969279796998442,-0.18116631544864928,-16.715526090908323,-5.643568364355188,0.012645928063832943,-29.606023976051826,18.67758900860965,,0.3562547560226532,0.2994727513102017,,4.634284885807226,BV,xkcd:black,xkcd:red,0.019170065214352435,0.011589248397598123,0.01422626950715118,0.00863071917745351,56.07661785759761,
2034031438383765760,298.92639832142635,0.01613403484225273,32.096930318736355,0.021289147436618805,-2.158047594075068,0.020837534219026566,-6.0711257533713265,0.02580876834690571,0.2575299882811361,0.024460982531309128,4.735715389251709,0.5058494210243225,8.358266830444336,68.39194055158187,1.9268933031575586,0.9647663235664368,3.3417725000000003,3.1170286000000003,3.59347,4U 1954+319,,,9.0,4.0,,,1296.6375,,18612.0,,3.883042928997987,-6.304545333678893,-1.3298291120025332,7.584817975233764,238.81799726539035,19.154041895353437,0.3177243449250364,-0.4442435931714961,-16.86755941286106,-6.163180468707253,-0.04068216159311237,17.825757210583696,15.231333979191396,,-0.4590892098966757,-0.8449033572379248,,0.36882324225034974,M4 I,xkcd:grey,xkcd:grey,0.02179444607707419,0.012260598332925615,0.01780832309943098,0.00999114305797623,5.9507596147801225,
2059383668236814720,299.59029482904185,0.010937962681055069,35.201578765113695,0.013002580031752586,-3.812385175624448,0.014573606662452221,-6.309893239635542,0.017452912405133247,0.44390196847449304,0.014949423260986805,,,8.536617279052734,71.33495940203416,3.0668344499402203,0.9672424793243408,2.1648872,2.0902837,2.2395312,Cyg X-1,21.2,2.2,40.6,7.7,-7.0,5.0,5.5998,0.0001,,,2.252749640729428,-7.371773611302668,-0.07737730042451305,7.734255594267884,239.0003595099426,14.992508558568176,0.5729638570842474,-0.6543693260618467,-16.724298188528177,-6.024354409771137,-0.07827866867427487,14.227716955977284,20.821752232037223,-4.503418767449109,-1.920383058615779,0.6552706943116086,21.30319569002172,0.07586654322808055,O9.7Iabpvar,xkcd:blue,xkcd:blue,0.014518838476238806,0.008121911123067425,0.010921211580319784,0.006037508032689127,3.5496713129779227,23.835502253672523
2063791369815322752,308.0636268551211,0.06144415959715843,37.63743239546562,0.07595060020685196,-3.370917952976648,0.08323334902524948,-5.400072973224192,0.09149152785539627,0.3418462523155139,0.08463052660226822,,,16.891359329223633,77.15184001171907,-1.241801183457772,0.9876781702041626,2.2464055,1.8421162,2.8250574,EXO 2030+375,,,17.5,,,,46.0214,0.0005,41.306,0.003,2.9252916866177308,-6.343942720018458,-0.5275099306851222,7.9577672197563265,239.26689494386665,8.818197474939424,0.7048665411339958,-0.7454589819242398,-15.492685150941254,-6.15429384412629,0.017951914503952813,8.610204024958403,9.759928573618762,,-0.8945154170261649,0.19999713673516475,,0.724211467075547,B0Ve,xkcd:purple,xkcd:green,0.07786574150148762,0.04915494628718434,0.0600317230427241,0.040275744833371104,23.547121411541266,
2065653598916388352,314.6980582988151,0.011033155024051666,41.776979685270454,0.012759363278746605,-2.2095525666212845,0.01521301455795765,-3.351196585258945,0.0173322930932045,0.07752894522296322,0.015234453603625298,,,14.130870819091797,83.56987683360249,-2.655492481981887,1.0024276971817017,8.942419,8.174374,9.664132,GRO J2058+42,,,18.0,,,,55.0,,195.25,0.02,12.898408421836894,-3.9766038779006068,-0.547049080046555,11.397859969457976,242.65397280419216,-62.0313199210362,0.21725910952095592,-0.1952012164057227,-14.356028956859152,-4.6567275548643945,-0.06787521649462379,-86.75144762952387,23.017545710465697,,0.462864567442832,-0.28397264714620846,,2.5345398947189954,O9.5-B0IV-Ve,xkcd:dark blue,xkcd:blue,0.014057592163150941,0.009763198661506114,0.01067036609244835,0.007021525182788731,39.528377112877266,
2067835682818358400,308.0546693559062,0.011941006407141685,41.4567587500388,0.014621440321207047,-2.8762382942769733,0.017133817076683044,-0.9478946506888151,0.019980531185865402,0.5677534793686149,0.01559421420097351,,,11.277183532714844,80.2238146279451,1.0278993456654848,1.0710746049880981,1.6711115,1.6312898,1.7172421999999998,PSR J2032+4127,,,15.0,2.8,,,17000.0,1000.0,0.14324743146,2e-11,1.7613278233223268,-2.4803453330780787,1.7375666959710003,8.036775450898931,239.35939386901504,6.632742672963305,1.0521168596706625,-0.9248055491033474,-15.370233959859341,-6.139011946925719,-0.015023943181404929,6.540596746773156,29.59825932022667,,2.606549754176978,2.6773961882557527,,0.048377551795134144,B0:e/B0:Vn,xkcd:black,xkcd:red,0.014986317748097779,0.010343644106774014,0.011314486681752414,0.007337229216907102,1.9851431568431348,
2070085317968809216,310.8277570377428,0.05323758348822594,44.638891277204316,0.05205783620476723,-2.6133344012162185,0.06613888591527939,-4.23233099180295,0.07114925980567932,0.04162604925642393,0.0633568987250328,,,16.563579559326172,83.98370959231536,1.3407233597302817,1.0781673192977905,7.6816357,5.974811,9.595829,,,,,,,,,,,,24.023418457029653,-4.938199723627058,-0.5969303194892442,10.59612348358333,241.96247288868176,-49.606357353886395,0.25583187504971755,-0.19925254372238396,-14.830865662463326,-4.961174939221911,0.03188607846763706,-64.49510283344077,17.791038897502958,,-0.2328566594548649,-0.42956385423449733,,36.564827010966496,B0-2e,xkcd:green,xkcd:green,0.06704036081041553,0.033722867853291656,0.05131906095540101,0.025385243117662458,52.19848598227263,
2083644392294059520,307.62850374937096,0.014208544977009296,47.86406792934166,0.015089851804077625,-2.7141040155086364,0.019856886938214302,-4.536134376478879,0.01818365603685379,0.41938547226134665,0.015947412699460983,,,9.025330543518066,85.23069069394988,5.047488517939756,1.245266318321228,2.2961274,2.2178083,2.3662458,RX J2030.5+4751,,,14.6,,,,46.02,,,,2.3844412030010287,-5.263331127088015,-0.49012359165821195,8.279742467009521,239.63847080693097,-0.1157777126374588,0.8849835920010147,-0.5787694699921602,-15.06348614911604,-6.106958706315298,0.0009395694270134474,-0.11762081522181166,1.0553608800583425,,-0.04135601277373091,0.08770630890693476,,0.09066996936450945,B0.5III-Ve,xkcd:green,xkcd:green,0.02045324541060149,0.007339330098669993,0.015492059394979486,0.005953931970219422,2.4405823061866054,
2162805896614571904,315.8987696922526,0.010842504911124706,45.751532832107685,0.010506173595786095,-3.5054837830048067,0.013726338744163513,-3.159757095149621,0.012575196102261543,0.1308623368949642,0.012947313487529755,,,13.774435997009277,87.13025161063592,-0.6848018984801163,1.090248465538025,6.208102,5.750445,6.6226055,SAX J2103.5+4545,,,17.5,,,,12.66536,0.00088,358.61,0.03,7.641618082998498,-4.6953500610343015,0.4755725576641714,9.994580718427247,241.4098018577712,-39.092447774610015,0.3434182379215443,-0.263989438525982,-14.031811159588555,-5.162399652404466,-0.01587883672048157,-47.94019935757564,22.525629583663495,,0.1236313534486202,0.755440832910635,,0.7560496566095254,B0Ve,xkcd:purple,xkcd:green,0.01327674266303982,0.006523068915325547,0.010669225264090781,0.0053789278595053605,5.144944050813943,
2178178409188167296,324.87785209104953,0.011529864743351936,56.98621852916199,0.011889285407960415,-2.9640416014718474,0.014118380844593048,-2.2040186769337904,0.014115204103291035,0.1048329214464288,0.012664482928812504,,,13.816205024719238,99.01220859043599,3.3125256362962086,1.0365294218063354,7.2495780000000005,6.6315503,8.022301,Cep X-4,,,10.8,,,,20.85,0.05,65.3508,0.00014,9.53898819380909,-3.6830639138120858,0.2797876879063314,11.716779208172948,242.91612473677606,-66.09339813603931,0.37240767194764113,-0.20105690165884715,-12.159872318358461,-4.067832265144919,0.11132376467279644,-95.01862000955119,12.704946079713652,,0.012360679385191808,0.36952082489238214,,1.152370376326611,B1-B2Ve,xkcd:light purple,xkcd:green,0.013852860204707272,0.006424667176408197,0.011282765257198481,0.005415896531628336,13.476324478335979,
2201091578667140352,339.8368297959251,0.012457490898668766,61.27405311885465,0.012111427262425423,-2.344283875542537,0.015320876613259315,-1.01527492097991,0.014133349061012268,0.10398616408830161,0.013974317349493504,,,14.104571342468262,107.73443066473111,2.362332253415067,1.104581594467163,7.315116,6.784973,7.9965244,SAX J2239.3+6116,,,17.5,,,,262.0,5.0,1247.2,0.7,9.616663993402364,-2.5445808404718755,0.22706474980265912,12.495267093915905,243.52831801259123,-73.43021438155277,0.4161489676516056,-0.20751215803349982,-9.969019657201866,-3.4333232066890154,0.08736546145188609,-112.58038545533823,20.33367332311051,,0.4725933985655342,0.3472114463842728,,1.292348031735604,B0Ve,xkcd:purple,xkcd:green,0.014519358237026473,0.00713483068699151,0.012105375526169164,0.005828259182478791,34.96467721285561,
2207277877757956352,343.4796708776849,0.015130958519876003,62.726882349922974,0.016191678121685982,-2.0222920919832523,0.019414423033595085,-0.9491735730230428,0.021341368556022644,0.05969510170980296,0.018092364072799683,,,14.571744918823242,109.92386340874582,2.861557411334844,1.0353317260742188,8.907021,8.0147446,10.286896,2MASS J22535512+6243368,,,,,,,,,46.753,0.003,16.75179321850092,-2.2339428028181185,0.00976374725494214,13.963265196522803,244.58909819129545,-87.54957094493004,0.3502681135496508,-0.16902095502844222,-9.473720536951324,-2.941968550115782,0.10365358841333357,-149.9972855148277,15.433743070601258,,0.3577576337480126,0.0751311138700508,,5.077125812679612,B0-1III-Ve,xkcd:green,xkcd:green,0.0181105839191103,0.01050071656786171,0.014450370104026186,0.007771294884779834,80.9627417185563,
2935943990338336000,107.40407113202392,0.015638072043657303,-16.09632779315406,0.01612277701497078,-1.83557676140376,0.01811414211988449,1.3651331368295974,0.01712365448474884,0.3150511705299787,0.02421368472278118,,,9.192802429199219,229.3086037556084,-3.3634337760631268,0.934795081615448,3.0255652,2.7517034,3.337043,MAXI J0709-159,,,,,,,,,,,3.1740875563731477,-2.0574714488238417,-0.9998708744385223,10.3751330119845,241.7630235518973,34.88474797260181,0.04728213867181301,-0.45803749562581,17.769386641973117,-2.8172088992732465,0.14295858720820656,44.409067522122754,14.171905011998442,,0.7124553117775916,-0.6847919660209189,,0.24394880121611565,,xkcd:red,xkcd:grey,0.015179784668855228,0.008337846175074024,0.013184169475388984,0.008091731064126998,17.262232063061692,
3052677318793446016,104.5720297066811,0.011529473587870598,-7.209773385395211,0.011108976788818836,-0.6378130521867398,0.015482977963984013,1.255994695309955,0.013844120316207409,0.15384849037023873,0.01513866987079382,,,11.985233306884766,220.12853955777865,-1.7672780916635629,1.0928692817687988,5.729046,5.274151,6.211357,,,,,,,,,,,,6.499901283356663,-1.4086457427166201,0.006733179995614117,13.060639993432778,243.95036609883778,53.965735903045235,0.12660030014532053,-0.2604022052422585,17.249233338837787,-1.5807445059429044,0.06131651655655166,86.48184645525691,5.724086933970747,,0.045498463080963836,0.20581886868132096,,0.6395893744857999,O9.7Ve,xkcd:dark blue,xkcd:blue,0.012589269791827968,0.006864671207648758,0.009829108060165176,0.005606236382777771,10.192277950826673,
3131755947406031104,98.82616381073139,0.01171821728348732,5.551744844144263,0.01200556755065918,-0.4194122332666873,0.013308585621416569,0.40481488843078406,0.0130388755351305,0.14244424425253302,0.014909006655216217,,,12.496829986572266,206.1527475102726,-1.0423267344157698,1.0142080783843994,6.2935537,5.7987285,6.8912183,,,,,,,,,,,,7.020290677573078,-0.5521691043849611,-0.1867913153004929,14.074284293717522,244.66490305855032,41.56694672443266,0.24964905130126158,-0.24515568449936162,15.824389182212544,-0.8288793580684818,0.025351461381250464,71.78221170815651,1.2734081598869218,,0.027061202382259064,0.03301290781761826,,0.7347826581741871,B1IIIe-B2Ve,xkcd:light green,xkcd:green,0.011561049121401249,0.006843545885835759,0.01064486635610454,0.00626950865047918,32.36474297775697,
3131822364779745536,98.24690241608782,0.017513766884803772,5.800320528353365,0.016286488622426987,-0.02593417315151327,0.02014586515724659,-0.42836049364061723,0.016182685270905495,0.5403983439245413,0.022634414955973625,,,8.879788398742676,205.6665423995996,-1.4395259578170154,1.0950647592544556,1.7459602,1.6990325,1.8145215000000001,,,,,,,,,,,,1.8504867959766274,0.3684166777712627,-0.2200782710516228,9.752535428779757,241.17835427996079,14.91760156605371,0.9159486411834474,-0.8706141908558768,15.810966171414497,-1.4638733160369553,0.04529753664578806,17.850851262007268,9.088358089993045,,0.9163413526247706,0.6052383831584659,,0.07750705841639971,B0Vpe,xkcd:purple,xkcd:green,0.01429702091868787,0.008224119604404702,0.014294802185031406,0.0074063752062498754,6.452564275275949,
3423526544838563328,91.86088634197857,0.015897393226623535,22.096597258920347,0.013606945052742958,0.5732377211072881,0.01989789865911007,-0.6083328898340276,0.013670166954398155,0.13811993413445758,0.0180746391415596,,,12.166335105895996,188.38532157936345,0.81375073815519,1.2191224098205566,5.9759614,5.365549,6.8845845,,,,,,,,,,,,7.240084541500836,0.8095460746857367,0.2080998383349009,14.08845424557231,244.6745370681396,13.773490520270924,0.4193895650319559,-0.2746285478339569,12.558613411683893,-0.3645508765268158,-0.00690646562922457,23.80947128793385,25.48283514146444,,0.7547073861805966,0.4896348517980824,,0.9474513310628977,B0.5Ve,xkcd:purple,xkcd:green,0.013276920115747472,0.007829504178281424,0.012728351112869764,0.007408537284861648,70.60517974571411,
3431561565357225088,88.9793400429246,0.02533307857811451,28.78510745617743,0.019279194995760918,0.6335009708782582,0.03444184735417366,-2.188869529714144,0.021136434748768806,0.5974982986364249,0.03006207011640072,,,10.010053634643555,181.2839667823892,1.8595308169574565,1.5339045524597168,1.5332568000000002,1.4626346000000001,1.6055363,,,,,,,,,,,,1.6736449330184546,2.2133428519272864,-0.5418364310722366,9.682125486831643,241.10999065259332,0.7400436648819086,1.8375412928854178,-1.094750594570469,10.849570599193415,-0.7057388253928607,-0.0033059583157522294,0.8791651078676597,8.83880475133974,,1.0815403844347293,0.5562201218139846,,0.08420648467314708,B5ne,xkcd:green,xkcd:green,0.02511366136070821,0.014042809753156667,0.019293328973021367,0.010881478150618275,10.417112956928548,
3441207615229815040,84.72739245821431,0.020250700414180756,26.31577524440175,0.015788812190294266,-0.5898287895613142,0.030902111902832985,-2.879557993302878,0.01621093973517418,0.5245380785708109,0.023250581696629524,,,8.601999282836914,181.44504956690048,-2.643537066457817,1.2853295803070068,1.7654119000000001,1.7061410000000001,1.8312757999999998,,,,,,,,,,,,1.9064392860183996,2.1342014820000568,-2.0211225277104363,9.91307207455401,241.332469074107,0.9469255339712404,1.5921647719559437,-0.8458520153597366,11.47820586929517,-0.6406932096180289,0.0052247140926715415,1.151771910121773,13.983461364975833,,1.182729919662142,-1.1804952264433712,,0.08450448914978252,O9.7IIIe,xkcd:bright blue,xkcd:blue,0.0223172710789555,0.011156404564332813,0.01666874707827372,0.009003834809284567,7.1010128763920415,
4040960662373474176,265.75551465281137,0.08151785284280777,-36.37284591519637,0.05715549737215042,-4.482602975761192,0.10855074971914291,-1.6461457547450966,0.0531751848757267,0.015284659682691548,0.09846801310777664,,,15.22121810913086,353.370063329925,-3.4202891724245283,0.8607932329177856,7.460871,5.869371,9.613221,,,,,,,,,,,,65.42507460158939,-3.7307084577234213,2.9808286914278255,1.1424602984374563,221.7750593509839,-155.1367249486492,-0.4172536219797212,-0.2299706061379254,-8.687845243651008,-3.0777109389625297,-0.26218222364464416,-21.746938537845804,123.1029832530315,,-0.23574389678117047,3.472981521210395,,421.48646009710285,OI,xkcd:blue,xkcd:blue,0.06896853859633263,0.03471299478238625,0.05395072827327629,0.028645154741756877,153.6391461325078,
4054559284753424000,263.86499688214946,0.32869571447372437,-32.931823120905946,0.262505441904068,-5.229906836623692,0.44514283537864685,-8.582699679934175,0.336903840303421,0.03533694862391942,0.41484180092811584,,,18.914875030517578,355.45760136708867,-0.27304137285712365,1.1805843114852905,4.114153,3.4940325,5.7991777,IGR J17354-3255,,,29.6,0.0,,,8.447,0.002,,,28.298991252547044,-10.049033137150136,-0.17774229705927425,4.061905124162813,233.05438429106036,-18.342672598718565,-0.7390669583213499,-0.3920851631846769,-9.652673428693388,-0.2648871351725578,-0.004482424138990957,-9.141864517739355,176.44046892194453,,-9.045079043656228,0.21882529026439362,,332.2189649309201,O8.5Iab(f) or O9Iab,xkcd:blue,xkcd:blue,0.3209028554706283,0.1731384873863904,0.2526053580432712,0.13725986140427077,436.66533204029787,
4056922105185686784,264.79812927251425,0.040432728826999664,-30.34381326584938,0.032697077840566635,-0.42745718004650846,0.04873871058225632,3.760039450836629,0.033256132155656815,0.5159549421559745,0.0480206273496151,,,12.643312454223633,358.067753895708,0.4452361176333438,0.8886273503303528,2.0123938,1.8478392,2.1725132,XTE J1739-302,,,33.7,,,,51.47,,,,1.9381537384279914,2.9664435203533945,2.349644473782043,6.1391861384934066,236.85051963943886,-2.6443275796428054,-1.463129104319514,-0.7883066543613741,-10.394044570939,0.07834759040357196,0.0021542715145180698,-1.9919041990894397,51.16039961670197,,4.351225034269336,3.135796856628899,,0.18038660126096484,O8Iab(f),xkcd:blue,xkcd:blue,0.03126586980563807,0.01684772265130233,0.02715092540099346,0.015333144918721875,34.75541366072649,
4060784345959549184,266.19068598153774,0.019861849024891853,-27.2290321367955,0.01568031683564186,-0.8569741814419296,0.02389109507203102,-2.295820285732529,0.01557347271591425,0.787333882479544,0.023699261248111725,,,8.234563827514648,1.3578175114162994,1.0519589547965902,0.8026602268218994,1.215508,1.1780566,1.2605671,RX J1744.7-2713,,,14.6,,,,,,3245.0,350.0,1.2701091903357549,-2.4076318520379996,-0.45662281709429425,6.935097906675215,237.98275374875502,1.0347076634015793,-2.3154116556117668,-1.2834452105688585,-11.256890528307533,0.33967817257073646,-0.0032976644941650106,0.8804661288928947,5.391353969091598,,-0.43189836899696926,0.8301200579687292,,0.038231111584578314,B0.5 III-Ve,xkcd:green,xkcd:green,0.013966246588491568,0.00767098643886378,0.013479199010221673,0.007618809505966278,4.781984538989222,
4063908810076415872,268.6052987030251,0.022245995700359344,-26.331274336947732,0.017260586842894554,-0.5057220749359188,0.02862905152142048,-0.667794468304362,0.018198028206825256,0.3963276780006648,0.026676177978515625,,,11.663725852966309,3.235979885614684,-0.33555745740311615,1.087967872619629,2.3734287,2.2324102,2.5326438,IGR J17544-2619,1.4,,23.0,2.0,-46.8,4.0,4.92693,0.00036,71.49,0.02,2.5231646829326984,-0.8314110047136792,0.10227419135044297,5.7819487124757405,236.29568305842508,5.4795179605279465,-1.152765456344392,-0.6815537902937753,-11.505771041838011,-0.006862123644544323,0.0028525748668439465,3.8873977689401538,9.530385860637507,-39.18162672710214,0.32821657527525716,0.7809754067773742,40.32403907887458,0.1698301528941027,O9Ib,xkcd:blue,xkcd:blue,0.015452913265764581,0.008701383308186405,0.01475645890990641,0.008389885147851035,16.12799998226518,68.63317490846346
4070770243676311936,269.64397104543735,0.2703890800476074,-21.389332109203,0.19027167558670044,-2.36538712986673,0.3511601388454437,-3.810504961475337,0.23855186998844147,0.133383862286102,0.22734680771827698,,,18.813751220703125,7.98621486794217,1.3265957398942791,1.2601463794708252,5.991798,4.5084336,9.078527,,,,,,,,,,,,7.497158823119456,-4.481882758081637,0.16652711003878828,2.368909222729778,228.1906068050351,76.26414860992064,-0.421377867269656,-0.25726476071271764,-12.757347834417118,-1.171981419111673,-0.06218397820721683,22.167220246095138,83.19027853273766,,-2.8885234717003083,0.48597584895872276,,12.77857078195223,,xkcd:grey,xkcd:grey,0.17765882602883712,0.10185820517370497,0.15446935240187337,0.08838224173708589,1198.0604650729817,
4070968778561141760,270.6747368583342,0.10467880219221115,-20.28816679699591,0.08847612142562866,-3.4065403956576787,0.12249838560819626,-5.488820512486482,0.09348345547914505,-0.020746656979534317,0.13062472641468048,,,16.801586151123047,9.420451483310611,1.0361026058400398,1.020175576210022,7.4393853,5.0848633,10.331755999999999,IGR J18027-2016,1.5,0.4,20.0,3.0,51.7,2.4,4.5696,0.0009,139.612,0.006,-48.20053664484148,-6.453823788238698,0.282536008155171,1.4634887557384586,223.93302952560393,165.4608688349847,-0.3303453414768317,-0.20888508310048284,-13.015691684413042,-3.99115417787707,-0.08486085111187672,29.711671295057187,77.88910139221969,35.00402038935586,-2.1323242688847963,0.5762819423675305,85.39317044767643,303.4793469851124,B1Ib,xkcd:red,xkcd:red,0.07396197384756356,0.04222959802189722,0.07367659635677506,0.042125120692760205,1621.6701828214327,1794.0388526953489
4097365235226829312,274.65790272639975,0.15139789879322052,-17.0466781588456,0.13582104444503784,-1.5716344381062806,0.175187885761261,-4.595354065094506,0.1301264762878418,0.4049875876480283,0.16542820632457733,,,15.919184684753418,14.080442512446384,-0.704044807799442,1.4699534177780151,2.3352253000000003,1.7089199000000002,3.2485417,SAX J1818.6-1703,,,,,,,30.0,,,,2.469211478325831,-4.794348149585508,-0.7755898472699797,5.912461624413876,236.50211021727256,21.895123851355308,-0.9543729005666274,-0.7018541036534344,-13.689750481863394,-0.5513636278372038,0.024307472553942347,15.883936139009482,36.41771001157799,,-3.2886116211816767,-0.09804321617048768,,1.0086166548158626,B0.5Iab,xkcd:red,xkcd:red,0.11974208828199003,0.07250225653393412,0.12432927022632188,0.07375364878413235,185.07979908339186,
4104196427943626624,276.5627681201673,0.012748370878398418,-14.848438248314068,0.011323812417685986,7.425312749534734,0.01417446881532669,-8.151225884328909,0.011673848144710064,0.4900256100180399,0.015014423057436943,,,10.798686027526855,16.881564472210624,-1.2892552605096488,0.7499160170555115,1.9012328,1.8470352,1.9708965,LS 5039,,,23.0,,17.3,0.5,3.90607,8e-05,8.891,0.001,2.040709668139969,-3.7797862420034662,-10.358135392555841,6.355172911642472,237.17111763687163,19.786219820959463,-1.0960773575712812,-0.8787839022581286,-14.109344132673334,-0.6347507203174253,0.049412721808925315,15.42881573373802,87.83454020746026,15.980528398935315,-2.04895816411476,-9.528764212106639,89.27644561341548,0.0625275040088767,ON6V((f))z,xkcd:blue,xkcd:blue,0.009696636141673053,0.005433960921751835,0.009535825706239506,0.0053559519990374225,4.178361698260677,7.4448099830418935
4146789141900648576,271.1624089614886,0.23183205723762512,-14.9464336382636,0.19731421768665314,2.8163949695952675,0.3242073357105255,0.5248669367618788,0.2142820507287979,0.35637339844069704,0.2563777565956116,,,19.09976577758789,14.30687793079159,3.2517753399711236,0.9389222860336304,3.9536619,2.7067759999999996,5.2580103,,,,,,,,,,,,2.806045581335406,1.8256591891013805,-2.207834788048466,4.4337551025813475,233.8542898690123,47.82967531332304,-0.560787863938382,-0.36304064607054637,-14.234657675005737,-1.0873641588097993,-0.1450053774157804,26.02025361659572,72.47612731592054,,3.4738112118495614,-1.6997887645621392,,2.018690716522475,,xkcd:grey,xkcd:grey,0.1822511659018707,0.10373014424413823,0.16202958731753198,0.09106870672447395,333.69092522416895,
4152643113595580416,275.3323425004492,0.2298687994480133,-13.310890956750724,0.2109176516532898,-4.75717570226309,0.2571612000465393,-7.1269597874352915,0.22176195681095123,0.11183301870190533,0.210150808095932,,,18.370080947875977,17.68122944365532,0.48526330998641776,1.0482540130615234,4.2838755,2.5541039999999997,5.7608906,IGR J18214-1318,,,,,,,5.4246,0.0004,,,8.941902951448835,-8.525086430293825,0.8643944874547164,4.271598264345688,233.51370910716855,63.63718871440213,-0.4765866663517317,-0.3682534387396508,-14.484273815655245,-1.7011641181981587,-0.026543672571941693,33.35368157794836,131.39795810502173,,-6.347335645743934,1.2591915987663087,,16.803160220250376,B0V-O9I,xkcd:red,xkcd:red,0.17501421446399404,0.08967248558317126,0.16375634345553025,0.08102400657762475,420.46148604926947,
4155000844481174656,278.36569954826433,0.1535262018442154,-10.5901247948528,0.14745554327964783,0.9373345779226703,0.17834846675395966,-0.605058544140186,0.14974719285964966,1.077420939495517,0.19435559213161469,,,11.717418670654297,21.470675280813587,-0.874250826718959,8.23302936553955,0.8948812,0.7905605,1.1043906,ATO J278.3657-10.5901,,,14.6,,,,,,,,0.928142347473061,-0.1067416822891916,-1.1105395832965994,7.324641748649029,238.49210205390727,10.747425766449556,-2.0517912383993537,-1.8455692561022277,-14.910764018952339,-0.42582809265928756,0.03866409540733647,9.659023737354925,10.481456168638973,,2.37087764876945,0.6963655773982917,,0.1674272783393442,B0.5Ve,xkcd:purple,xkcd:green,0.12775700882288699,0.06964131348334825,0.12727610137323303,0.06990473442834699,30.833795482223042,
4155023796790984064,278.3679185343803,0.02396053820848465,-10.40243295086028,0.0206461064517498,0.014129598024954813,0.02704082801938057,-0.10350403724001421,0.02252841740846634,0.47356343645215393,0.028008315712213516,,,10.96163558959961,21.63824683138313,-0.7896417890712586,0.8154472708702087,1.9425329999999998,1.8258368,2.054208,SNR 021.5-00.9,,,17.5,,,,,,,,2.1116495130870057,-0.08543623250560664,-0.060111408572557826,6.384827301700764,237.21431530789803,24.62815839056504,-0.9404363763322083,-0.8478578899842828,-14.94769522358963,-1.0943410434526264,0.03686550437672757,19.29405375247736,19.234320238785738,,1.9493411872792281,0.7508809770349975,,0.12489086294156568,B0Ve,xkcd:purple,xkcd:green,0.019359469425330154,0.010750669556918299,0.017775903574566976,0.009855607332706537,20.966687492885175,
4156747212545110400,278.8576017596259,2.8617913722991943,-7.614004545977431,2.1571056842803955,,,,,,,,,20.38705062866211,24.33602586714134,0.06569920978307321,,,,,,,,,,,,,,,,1.0,,,0.0,1.6803199999999998,inf,,,-15.453451310017302,,,nan,,,,,,,M5III-V,xkcd:grey,xkcd:grey,nan,nan,nan,nan,,
4253473896214500096,280.1953568961291,0.012800917960703373,-5.680628093067283,0.011992454528808594,-1.024953867964975,0.016244513913989067,-2.9397122252012013,0.01544041559100151,0.23260881745470705,0.01454104483127594,2.2828214168548584,28.665679931640625,11.229875564575195,26.66356550809258,-0.22748946896916325,0.8388378620147705,3.8791658,3.6804189999999997,4.0827747,,,,,,,,,,,,4.299063169411956,-3.0831941933226665,-0.4316850295240234,4.996433531133402,234.94980512111817,66.07424248002896,-0.3974072862910663,-0.41672865530061043,-15.724206436025602,-2.764280089406384,0.014267781687080082,40.50743075723382,1.5400601062236705,,0.07849318237478364,-0.02922415591049303,,0.26874677823027415,B5V,xkcd:black,xkcd:red,0.013636890278503516,0.006964624312971244,0.01060586044433879,0.005921663387522674,31.36249887134443,
4255891924062617088,283.8766800200503,0.014235791750252247,-2.604679419397789,0.014256108552217484,-2.519200396441113,0.016839295625686646,-6.766008688499971,0.015563220717012882,0.07777430499571139,0.016119282692670822,,,13.440664291381836,31.07634694239799,-2.092060444110593,1.099928379058838,7.386871,6.600535,8.207930000000001,XTE J1855-026,,,,,,,6.067,0.004,361.1,0.4,12.85771695491386,-7.171428558570096,-0.8341802201031804,4.225994014415901,233.415687014504,110.46703551292954,-0.17345718055237533,-0.23387586971119015,-15.981747589863017,-6.41069226302789,0.11524935477582186,57.28012648685999,32.41212022377557,,-0.5872791149898298,-0.7155537051678121,,2.664854085035304,B0Iaep,xkcd:green,xkcd:red,0.014084943404245574,0.0075097051109745475,0.012936718063279631,0.006600529999483053,60.676933465351595,
4256500538116700160,280.251804741005,0.03932623937726021,-5.596266865591954,0.033235520124435425,-2.0680431345707846,0.046430107206106186,-5.376487117697893,0.04031432792544365,-0.0698917346894323,0.040199145674705505,,,12.965173721313477,26.764284956669265,-0.23881101580482592,1.644775152206421,13.7243,10.89538,17.75184,,,,,,,,,,,,-14.307843473102421,-5.72736730110839,-0.6169926510187433,7.418736787311682,238.61123018870128,11.767275950560297,-0.11190105337213894,-0.11783670504463015,-15.735512843263681,-6.426854265148855,0.0007539484142509089,10.711450672499348,61.99743733171063,,0.8113880174126047,-0.4999098943883641,,8.229343378325018,B1Ib,xkcd:red,xkcd:red,0.03558303720562504,0.015932229712123318,0.029365909146951585,0.014996907242006913,295.59992714650326,
4258160560148155648,281.2566191660608,0.018891027197241783,-4.565759042374355,0.019158221781253815,-1.366159546567521,0.024363426491618156,-5.594980738525201,0.022116554901003838,0.16398885192740253,0.023681366816163063,,,12.755313873291016,28.13837812606104,-0.6579091376358055,0.9904429912567139,4.9657944,4.4244520000000005,5.6392383,IGR J18450-0435,,,29.6,,61.0,1.4,4.73983,0.00028,,,6.0979754919114715,-5.602550671863812,-1.33477613866293,4.439269383378275,233.86566005666097,91.17887220505982,-0.29311593218176657,-0.33063739520444696,-15.849039520111806,-3.870070397823708,0.044482533454104106,49.66473322587515,41.91707441421839,27.184306294236652,-1.439364341858337,-1.048621276912587,49.96026056923639,0.8805988502429251,O9.5I,xkcd:blue,xkcd:blue,0.019711997763828346,0.010375257008041193,0.017027866323149055,0.009249154336256239,81.40274162338373,97.87672407788052
4258428501693172736,282.0716861216644,0.13653123378753662,-3.1713676837385054,0.14190861582756042,-1.6872252358565853,0.15914671123027802,-3.6522772722036527,0.13722214102745056,0.36810538324327063,0.17614328861236572,,,17.024457931518555,29.75031783963986,-0.7453435873024522,1.5427119731903076,2.5518967,1.9922505000000001,3.4020479,IGR J18483-0311,,,,,,,18.545,0.003,21.0526,0.0005,2.716613354548873,-4.01990433632048,-0.16194874620836433,6.068213887458148,236.74280386140308,40.667231352667486,-0.533092040826394,-0.6455955850940852,-16.024899710271026,-2.347441194919651,0.04373826588087447,30.279442706592672,14.773389468064007,,-1.1393711005744351,0.4399085730048464,,1.2999353770446576,B0.5-1Iab,xkcd:red,xkcd:red,0.12404662484720978,0.06301987294618602,0.1280088995314352,0.06316473155718105,106.51268117731944,
4259088994635370752,281.5533010323846,0.09376149624586105,-2.3739097448759168,0.09704077988862991,-1.6014907067769724,0.11734642833471298,-2.1504326332738555,0.10132133960723877,0.6764355935672552,0.12099660933017731,,,17.650903701782227,30.22372840554395,0.07923084081716135,0.984644889831543,1.6504329,1.3391590000000002,2.0476625,,,,,,,,,,,,1.47833734580168,-2.6441626346868925,0.4444512970706776,6.7750485349620115,237.76547048550734,25.17813290201455,-0.807207032557862,-0.9686272598460833,-16.188349840951997,-1.8792529272597522,-0.004450606694093763,20.930438335076367,11.094339920888402,,0.04229732513072171,1.4175291636108547,,0.26443582802150756,,xkcd:grey,xkcd:grey,0.0916833812559424,0.04702221526939878,0.08685946076738339,0.0464878725172129,10.57070406054728,
4268774695647764352,285.9141280353291,0.19355013966560364,3.2043579681435252,0.19041502475738525,-1.7901359305974884,0.25083205103874207,-4.336556449339966,0.24071171879768372,0.00046904205397502174,0.21388882398605347,,,18.542234420776367,37.17720468290918,-1.2527903447736417,1.016188144683838,4.513077,3.8434993,5.611925,4U 1901+03,,,,,,,22.5827,0.0002,2.761,0.001,2132.004990864324,-4.674560360246783,-0.3984895566230628,5.308643348689798,235.50754419803786,75.8547805068026,-0.20146938297591674,-0.3723825563024554,-16.653173168059592,-4.681584498583481,0.0775455454081694,49.40932220905054,4.980860770628777,,0.20849352131261512,-0.10365254572877676,,972219.9456611013,B8-9 IVe,xkcd:dark purple,xkcd:green,0.2321992804351979,0.1047981455051363,0.1793878223588066,0.08808284366606209,114.55150150349195,
4278536022438800640,281.403473368695,0.16806592047214508,0.8631594680204066,0.18489982187747955,-1.9223053764878588,0.1918722540140152,-3.981582670513548,0.1704069823026657,0.08614348936089142,0.2158959060907364,,,18.606775283813477,33.03636942521391,1.6893586565524012,0.9489673972129822,4.8330103,3.970275,6.900942,GS 1843+009,,,13.5,0.0,,,,,29.4764,0.0008,11.608538351756081,-4.420116610389248,-0.10405610587079708,4.873119555698705,234.7202390122679,85.31247332965673,-0.24066932715137956,-0.3104180936661817,-16.685130702520002,-4.430104174602339,-0.10983520821408703,51.01078308316249,9.243490352258668,,0.25065689136447045,0.31619719600947166,,29.093735631508533,B0-2IV-Ve,xkcd:purple,xkcd:green,0.15887860220196634,0.07438957060848236,0.1703055329653409,0.08091580194846136,141.6693850515153,
4293406612283985024,287.9565063699124,0.01839637942612171,4.982708527256882,0.01836821436882019,-3.0269258944121806,0.02358563244342804,-4.776844591679762,0.023861438035964966,0.11817711247763943,0.023269137367606163,,,12.60274887084961,39.69407310529392,-2.244594208819768,1.2414010763168335,6.3208223,5.5387407,7.907363999999999,SS 433,4.2,0.4,11.3,0.6,69.0,4.7,13.08,0.0,,,8.461875392235635,-5.635205995014534,0.4743184764221471,5.205502052025225,235.32685758381035,84.52280945898308,-0.11905262505945725,-0.27568922475721885,-16.68568981131006,-6.133415982867235,0.11057563979172044,53.985724917996734,26.627737490025165,31.699964893313325,0.6172626129121586,0.6394320613876455,41.39956736579489,1.6661478416707238,A3-7 I,xkcd:grey,xkcd:grey,0.022890204847934137,0.010992832651407932,0.017296062021497548,0.008874806360361764,69.53559410074857,109.79362976845202
4306419980916246656,287.70087185633383,0.6632866859436035,7.597656302411205,0.8158612847328186,-3.786420226899895,0.8647276163101196,-9.027830218995849,0.9569331407546997,0.5217824132401065,0.7401312589645386,,,20.154319763183594,41.896989864779755,-0.8116366366050681,1.451072096824646,8.045845,3.9519343,10.916799000000001,4U 1909+07,,,32.0,0.0,,,4.4007,0.0009,603.6,0.1,1.9165076756617974,-9.754712867297625,-0.8272082411759856,5.791018513131259,236.3101724177387,64.48336693610274,-0.07632801765578909,-0.20561914025518782,-17.011560803116243,-6.723900399244271,0.023953322585499755,45.81894131484748,115.33432006026878,,-2.9544844503975645,-0.6455424235062975,,2.7185033508402996,O7.5-9.5If,xkcd:blue,xkcd:blue,0.9830405570623981,0.3650049305796877,0.831817760679669,0.30648016136658385,613.0169509151626,
4309225217336733824,287.4047303861521,0.05965148285031319,9.832011185333132,0.06551249325275421,-2.7485657819302163,0.07393015176057816,-2.455443176178704,0.0764160305261612,0.2326282846644742,0.07313711941242218,,,16.79393768310547,43.743818692468906,0.47964676300186876,0.8838530778884888,3.1702651,2.4662412,3.9960024,4U 1907+097,,,27.8,,,,8.3753,0.0003,437.5,0.0,4.298703407637321,-3.4489408366678824,1.2994699512512284,6.256312008712719,237.02569457915087,50.31374427827558,-0.15689467347999975,-0.4961515910589379,-17.26887321242488,-4.494208565770349,-0.028029912853363745,38.623126690978665,32.82267980090371,,1.2021624025824664,1.8236514551635299,,1.35148993122834,O8-9 Ia,xkcd:blue,xkcd:blue,0.07471099011522128,0.03413727854749538,0.06226201950964284,0.030102802219658737,38.992526381852,
4309253392325650176,288.5176059060096,0.3038829267024994,9.882864373650197,0.3366641402244568,-1.5972729990761414,0.3822231590747833,-5.515624391179957,0.43199238181114197,0.3609060073102918,0.3850174844264984,,,18.248119354248047,44.29634703521837,-0.4687718341225378,1.8877474069595337,3.4628544999999997,2.5719436,5.005523,IGR J19140+0951,,,,,,,13.558,0.004,5937.0,0.0,2.7708045301120245,-5.624480981833681,-1.1569819113314543,6.165627191085732,236.890344077271,53.86497334799861,-0.13352283308122775,-0.4715930308001013,-17.165033553026802,-4.7422247348493745,0.026849885077978128,40.74985819896056,16.961919131591575,,-0.7487334139030786,-0.7122387656093312,,2.955916965671565,B0.5Ia,xkcd:red,xkcd:red,0.3955971974250762,0.21092115879343748,0.3040336933566934,0.16808514245530662,112.33814973397833,
4310118570535453696,284.75680882608543,0.2963730990886688,8.245457254312521,0.33733880519866943,-1.990330774755356,0.36828628182411194,-3.255504337241219,0.36267372965812683,-0.09095131417807156,0.3779982924461365,,,19.470138549804688,41.134383384326995,2.0764458051903394,0.983248233795166,8.6742705,3.5905085,12.280615,XTE J1859+083,,,12.5,,,,37.97,0.09,9.79156,1e-05,-10.994893356264454,-3.8052580270083096,0.28237639884287746,5.928374365840669,236.52697876988904,58.61610898732096,-0.07633419250237032,-0.16966923811689386,-17.34482880594559,-6.782788728180315,-0.051688489790978946,42.63782060684126,127.25955632573529,,3.0538648936743757,0.5037341267507502,,45.69533658588257,B0-2Ve,xkcd:purple,xkcd:green,0.36600236573931505,0.14819478375110903,0.3336418796890947,0.13863739318757362,331.2307513101616,
4310649153642824320,286.1977687539877,0.5593506097793579,9.044911040402665,0.6179036498069763,-0.8740526031784608,0.7261876463890076,-4.776992721613207,0.8123673796653748,0.32751956172944796,0.6127469539642334,,,19.756729125976562,42.49718850001616,1.1748721935698823,1.1862144470214844,9.385817999999999,7.611936,12.286726,XTE J1906+090,,,,,,,81.4,0.1,89.17,0.02,3.0532527422776163,-4.643643355611119,-1.4213387356141771,6.4577462356570035,237.31972241484803,42.8950152941483,-0.06139613807064406,-0.16288938322058524,-17.30271256410988,-6.700324641222542,-0.01977357634090964,33.98835871708416,109.16144169527709,,2.1180774236820668,-1.238675776052682,,5.712242980646789,Be,xkcd:green,xkcd:green,0.8156700673287498,0.3311736200781226,0.6252801257395888,0.24850956496760981,437.3142091601888,
4323316622779495680,292.48292610722393,0.648832380771637,18.310605976333413,0.7901376485824585,-3.0917860808492414,0.8221308588981628,-4.182762112022142,1.041157841682434,0.24756403594072215,0.8005983233451843,,,20.31412696838379,53.54007422452243,0.11502218303520666,1.2353993654251099,4.8145503,3.3749272,6.354769500000001,IGR J19294+1816,,,12.5,0.0,,,117.2,0.2,12.44,,4.039358932730619,-5.155533525744928,0.6892852242875314,6.554885248616636,237.4583783602528,47.64765213749993,0.026475812637807863,-0.33149960517484983,-17.371343186439717,-6.099947447822068,-0.0041914760825389336,38.32207265365828,31.40008356532161,,0.9179381094393317,1.0249763055449201,,13.06289896529182,B1Ve,xkcd:light purple,xkcd:green,1.0974971545316836,0.414520480633838,0.8281969638824647,0.3218460677473306,266.270590606931,
4512787627579740032,287.8284321301368,0.036209411919116974,15.5424152324057,0.03783654049038887,-2.3316551907380143,0.049541350454092026,-5.026141821941105,0.04540832340717316,-0.11893602365210737,0.04806249961256981,,,13.4966402053833,49.00379131724761,2.746286085927929,3.0965657234191895,9.401531,7.9131543,10.764702,,,,,,,,,,,,-8.407881559291406,-5.534558012284206,-0.2595865008464015,7.361640288957059,238.53911811875176,21.17238434220147,-0.017287589522350072,-0.15169439403826343,-17.69375448704674,-6.422172177934769,-0.022790232603577914,19.12435307813911,40.50330657218791,,0.9049017551729124,-0.08510187420456015,,3.397656923254773,Be,xkcd:green,xkcd:green,0.047749366585326525,0.01919062459092505,0.038517041382495634,0.016014231150113852,68.97312152135699,
5255509901121774976,154.7315592681715,0.00934557057917118,-58.94609420856299,0.009438585489988327,-6.454306520313594,0.013439311645925045,2.256007949459996,0.01335159968584776,0.2273178405234294,0.010232986882328987,,,12.269230842590332,284.351776705235,-1.6900802660463154,1.016937255859375,4.3240635,4.137192,4.603395000000001,1FGL J1018.6-5856,2.0,,22.9,,55.3,13.1,16.5507,0.0004,,,4.3991267807989365,-6.646435156906718,-1.6039152818099982,8.224390944762524,239.5755914794418,-1.3640387668601044,-0.67496136805974,-0.35553459858652636,10.718108599517032,-6.12850351232166,-0.0019636631606985396,-1.37648933527228,25.748581719283127,45.95838073575525,0.15702972347468158,-1.2464170200627733,52.67980846972814,0.19803200020711922,O6V((f)),xkcd:blue,xkcd:blue,0.01461402661954962,0.0054201938419779355,0.009836745289689376,0.0040982996881329435,2.903176035693688,16.146205835762697
5258414192353423360,152.4456445370427,0.011654465459287167,-58.2932074753388,0.0111605329439044,-4.701857427618813,0.016455015167593956,3.558790662627249,0.014097332023084164,0.24250163068236905,0.013183098286390305,,,13.877196311950684,283.0000248080038,-1.8216728103108153,1.1141966581344604,3.5176284,3.3657556,3.6814539,GRO J1008-57,,,17.5,,,,247.8,0.4,93.587,0.005,4.123683610646765,-5.8917568977945445,0.24424354105583063,8.117395163452638,239.4528833500555,-4.299362281985456,-0.8146152862310657,-0.43494864253911175,11.058081400276368,-6.163770793609632,-0.00820105752717532,-4.2821622814380005,21.43880206483705,,1.0866291820461527,0.6873932411221177,,0.2241755083797281,B0 IIIVe,xkcd:green,xkcd:green,0.016928671750066404,0.006309580467827348,0.01196558884877979,0.005036221141486986,7.533744786669621,
5259009543533179648,152.54941599149674,0.06864461302757263,-56.925542470323926,0.06404059380292892,-5.503265271921807,0.09442966431379318,3.098041592670957,0.08127795159816742,0.13270256636563818,0.07499072700738907,,,17.193578720092773,282.2567770691186,-0.6721253252335401,1.0070009231567383,3.7407244,3.1766985,4.526841999999999,IGR J10101-5654,,,,,,,,,,,7.535649289891492,-6.2886709537752905,-0.5800068949614149,8.214021899231817,239.5637670501209,-1.6577688642370039,-0.7580501747763444,-0.4213219504659998,11.085629802700494,-6.1326860874498665,-0.0010968253354365193,-1.6707913809456738,11.034867889719498,,0.6020653084509204,-0.15758811915997858,,4.258424190264985,B0.5Ve or B0Ivpe,xkcd:bright green,xkcd:green,0.09722270085447562,0.037745066872556556,0.06960682843697812,0.030590306955125893,37.73997565654839,
5311384333263075840,136.27840443491405,0.009726453572511673,-53.505413083748714,0.010898681357502937,-1.995531794135815,0.012393113225698471,2.273291749425569,0.013684997335076332,0.053045683314559514,0.011596191674470901,,,13.145345687866211,273.07612343985846,-4.303878231912306,0.9879712462425232,11.254567,10.003888000000002,12.576547,MAXI J0903-531,,,,,,,3.84,,14.055,0.001,18.851675339349033,-3.0243971751998964,0.054993145537932456,13.51139434301715,244.2744616348086,88.27758273257972,-0.2158383262264908,-0.12377355005258518,13.534536579989897,-3.9035980626666564,0.12453704642599042,146.35008980959583,58.48826145716165,,1.095039213693251,0.054229649164527216,,4.121120267669097,B1.5-2 III-Ve,xkcd:bright green,xkcd:green,0.01227611450315223,0.005947606467623674,0.009588660337757514,0.004752781240335253,87.57038358025825,
5333660129603575808,172.77874085540492,0.03600706532597542,-62.946919022640415,0.038947585970163345,-6.09783274255389,0.04833797365427017,1.3726591176073617,0.048345595598220825,0.5732246078053379,0.046700723469257355,-17.942934036254883,4.483153343200684,8.126811027526855,293.9448982981836,-1.4851967908555856,1.5046188831329346,1.536598,1.4570286000000001,1.7567722000000001,IGR J11305-6256,,,17.5,,-22.0,7.4,120.83,0.34,,,1.744516872415204,-6.2304949261589035,-0.49868846429515873,7.656377949312945,238.90575015822046,-16.727164278774612,-2.113026992829206,-1.0144743757362156,8.240545822648073,-5.562467218160885,-0.05954459880418438,-15.714048066079132,11.328151916616871,-14.526497756568942,1.4449992848311872,0.5753305102452412,18.421350735425268,0.14212613857949155,B0IIIne,xkcd:green,xkcd:green,0.04932476860252105,0.020863921602823413,0.03621396032563472,0.017594694248689736,10.172974958788318,19.0324231361952
5334823859608495104,177.0000300154924,0.014049242250621319,-62.20691022592309,0.014256695285439491,-6.226013692435175,0.017029767856001854,1.598218529604734,0.017916958779096603,0.47542377023483023,0.017436819151043892,,,8.652682304382324,295.61107854733706,-0.2402410763337492,0.852226197719574,2.04901,1.9857327,2.1112824999999997,2E 1145.5-6155,,,12.5,,-17.0,7.4,187.5,,292.274,0.001,2.1033866260116976,-6.427150607613922,0.09635369121214166,7.495598619609555,238.7074682354822,-21.233985647808012,-1.608024307491373,-0.7792263543233834,7.627176556498378,-5.670603435317373,-0.00916719094717131,-19.52901024668941,11.925950177531485,-5.098166309808968,0.8514771351948243,0.8847472364826964,12.969949396949644,0.0771445907813454,B0.2 III,xkcd:red,xkcd:red,0.01729468366830776,0.007983422958785086,0.014092995111051582,0.0066407080829948735,3.2127186964774297,19.19491945884162
5334851450481641088,176.86894042633617,0.007541968487203121,-61.953719225831875,0.008998828940093517,-6.225580251990721,0.01041429303586483,2.361537685037365,0.011920752003788948,0.12669559944899778,0.010234012268483639,,,12.255293846130371,295.48972809721556,-0.00970401441105653,0.9006639122962952,8.292111,7.3091157,9.416815,1E 1145.1-6141,1.7,0.3,14.0,4.0,-13.0,3.0,14.365,0.002,298.0,4.0,7.892933964155221,-6.607095858620345,0.8252236223172431,8.775818429006799,240.18464279683707,11.683457457895763,-0.3969383274768119,-0.19332868667870368,7.629724238725618,-5.9157505936703085,5.0345045465544103e-05,12.5806013832538,41.670699969197926,-33.21032562197942,-0.2944069374732248,1.018501963950481,53.28576699120333,0.6375626570677606,B2Iae,xkcd:dark green,xkcd:green,0.01055736304123292,0.005425397803515839,0.0075820674361436,0.004197551150900865,17.166122968902986,25.247478413709302
5335021664274920576,176.00117181802423,0.023631783202290535,-61.126795789105415,0.023798974230885506,-6.130315247346068,0.030184121802449226,1.1461885127380793,0.0292552150785923,0.060132182238807716,0.030839093029499054,,,15.658426284790039,294.8814099586126,0.6865272933094553,1.044242024421692,7.6653247,5.7160893999999995,9.451875,IGR J11435-6109,,,14.6,0.0,,,52.46,0.06,161.76,0.01,16.63003008985472,-6.2226132701277175,-0.4166500078085024,8.520890930838489,239.90778616550955,5.927763167038079,-0.4271423099918547,-0.21172767549197088,7.702025962323835,-6.015602809464128,-0.001954960136451392,6.197524344806545,10.87910611949512,,0.2201318493282649,-0.20296737218008015,,8.528794830489542,B0.5Ve,xkcd:purple,xkcd:green,0.02993792474020616,0.01467860792605721,0.02322508172987265,0.012215822544446354,73.33426158354652,
5336957010898124160,170.23817252151974,0.008774157613515854,-61.91670671055608,0.009544741362333298,-5.421032061547652,0.012438164092600346,1.3700031073878873,0.011767985299229622,0.32925822598102933,0.011463727802038193,,,11.589363098144531,292.49852714674694,-0.8918067117070271,0.8824551105499268,2.8835776,2.8084328999999997,2.9900737,1A 1118-615,,,18.0,,,,24.0,0.4,405.3,0.6,3.03712989104672,-5.567523720328893,-0.5168914297559768,7.533378606431951,238.75442526486174,-20.5974012205517,-1.1107697959919494,-0.5463675767184639,8.549438393728972,-6.0619503562701,-0.02345771048266985,-19.03902106785265,21.952004336727505,,1.6051964319331562,0.05293385744515698,,0.10574323622942539,O9.5Ve,xkcd:dark blue,xkcd:blue,0.012475622563038472,0.005540866955841334,0.008873881820302335,0.004384159891127406,5.442425929903475,
5337498593446516480,170.3128552789008,0.011633899994194508,-60.62377582639316,0.011172204278409481,-3.1209129957983794,0.015475110150873661,2.330598792606723,0.014011557213962078,0.13871924869678548,0.013698277994990349,,,12.878896713256836,292.0903279139249,0.335524560942848,1.020703673362732,6.7524946,6.2973564,7.4311533,Cen X-3,1.34,0.16,20.2,1.8,32.0,13.0,2.033,0.029,4.80188,8.5e-05,7.208804901948498,-3.7182603065476028,1.1603141609907466,8.403908168546266,239.7780667308167,3.2118592533285675,-0.472452923200996,-0.23900779158196847,8.495468312154907,-6.060082271669112,-0.0005876524719767813,3.3119227257998785,100.60478631640383,20.192608962045213,2.814274888322505,1.3999096050446918,102.61122982628822,0.711856605959458,O6.5 II-III,xkcd:blue,xkcd:blue,0.015613735577378569,0.006756335279582324,0.011650475564798948,0.005487399174106456,28.02930592521795,73.42268067455855
5337747731560719616,166.80799982116994,0.02308371663093567,-59.873098173924156,0.02252911776304245,-6.7477737898981545,0.030055416747927666,1.6925460968331725,0.02694651298224926,0.3109803269843485,0.028121255338191986,,,7.349096298217773,290.1972529576185,0.39692810345244367,1.2239705324172974,3.2817163000000003,2.9929343,3.5933735,HD 96670,6.2,0.9,22.7,5.2,-27.5,0.02,5.28388,0.00046,,,3.215637496099004,-6.882211229077052,-1.01603740477772,7.663146368463396,238.91400933979176,-16.979718817517977,-0.9534572374784199,-0.4925904043584464,8.982128734683112,-6.17584979936741,0.0075621847396523485,-15.965407434845691,9.11052883979209,-20.51672129983742,0.24709580776877793,-0.531009185158926,22.4485542660521,0.2907829057219289,O8.5f(n)p,xkcd:black,xkcd:blue,0.030936866652571695,0.012465519698288643,0.02324071222904828,0.011036332199566087,7.949279133140553,19.783246207844464
5339047221168787712,170.44505383091672,0.009735329076647758,-59.863312990570876,0.010730226524174213,-5.147241767253173,0.012345708906650543,2.7268984561761798,0.012649059295654297,0.12325602732129044,0.01232769526541233,-0.19622527062892914,3.097102403640747,9.770651817321777,291.89319671567364,1.0729211412351414,0.9135584235191345,7.0618657,6.4985159999999995,7.6124453,IGR J11215-5952,,,,,,,164.6,0.1,186.78,0.03,8.113193502442753,-5.759374760865943,0.8715935777367659,8.565111667124173,239.95637637895965,7.118572337335506,-0.4508748996904211,-0.23181362154867174,8.448281355822768,-5.995946365000794,-0.003982823355664989,7.481149322672363,43.629587864454805,,0.6874465038252726,1.1073900226411026,,0.8114570889642921,B0.5Ia,xkcd:red,xkcd:red,0.012585735930380728,0.006079362502992895,0.009856641415017263,0.005243183590342712,16.096801283905247,
5352018121173519488,159.39709263439522,0.014614508487284184,-56.79883928571816,0.014147087931632996,-6.305023559868493,0.020627472549676895,3.010388342465066,0.017781056463718414,0.17114291438872625,0.01621617190539837,,,11.243227005004883,285.35268291005445,1.4334820988232282,0.9131252765655518,5.0687266,4.688899999999999,5.552981399999999,,,,,,,,,,,,5.8430698318520236,-6.974832058306796,-0.40924054217797173,8.380377927380637,239.75176518319418,2.7368791047375893,-0.5833458238129997,-0.3269061964030593,10.061935427225565,-6.066887538199169,-0.0028506157200715856,2.8142430968407783,8.029134903434299,,-0.32459869629462723,-0.07948373005484086,,0.5536438665134781,B0V-IIIe,xkcd:purple,xkcd:green,0.02187290441368659,0.00810499919359909,0.01504039590058482,0.006982749010908312,22.723864652442785,
5489434710755238400,116.84823636345111,0.01926848106086254,-53.33241280861758,0.019994378089904785,-4.572287408504343,0.026735246181488037,8.529878580408521,0.027567392215132713,1.535976400998095,0.021055767312645912,,,7.537999629974365,266.31257503013796,-13.725848442105406,0.9104182720184326,0.6460797,0.63763336,0.6547211,,,,,,,,,,,,0.6510516693812409,-9.677697221547646,-0.08256652183826088,8.214278175436906,239.56405946964423,-1.6377844046489753,-3.2337131559101433,-1.3054631004811679,15.662310886745933,-6.189338218194887,-0.13062609204764605,-1.6507014345004585,4.217771102109065,,-0.25464584744261565,1.353522670690553,,0.00892487179496587,B7 IV-Ve,xkcd:dark purple,xkcd:green,0.02614425950533621,0.00790347944073274,0.02003666785400631,0.005549196414282697,0.7608741461678472,
5522306019626566528,130.19908438921945,0.01416950672864914,-45.05837165994448,0.014210078865289688,-7.464653413182444,0.01964770071208477,6.099610861089923,0.019253622740507126,0.4429759908963025,0.016786880791187286,,,7.452199459075928,264.04051237077897,-1.9501445659540533,0.880820631980896,2.2026177,2.1141313,2.2805964,,,,,,,,,,,,2.2574586897511852,-9.40750007475844,-2.1036267680086156,8.659898994058072,240.05972292033672,10.014854204613192,-0.8936057750704077,-0.6797756465098538,14.89795536902868,-5.748029104643101,0.03266172304955077,10.641426484928607,32.635986896798876,,-2.765865195044932,-1.4565128445483124,,0.08554795450472642,O8.5Ib-II(f)p,xkcd:blue,xkcd:blue,0.019745401808179894,0.008917377721654119,0.014380216476984226,0.0065471476257902995,4.358981573859462,
5523448274762133632,128.97912882722233,0.17110200226306915,-43.18817694763869,0.2081056535243988,-3.2351680552501723,0.21527673304080963,3.755222188875436,0.2656077444553375,1.1050151125315832,0.2169220894575119,,,19.151140213012695,262.0214486478775,-1.5126596233097207,1.1324434280395508,0.9735514500000001,0.7854933,1.7068677,,,,,,,,,,,,0.9049649988125554,-4.947867191234903,-0.29430645836414426,8.34095401968308,239.7075386610628,1.7623703538497255,-1.9086551338647832,-1.5607401213781649,15.162826666651101,-6.00943541809914,0.010085081907220144,1.8036625873758403,14.882203948945758,,2.9702233607290203,1.2563485811068005,,0.17765087210309397,B0-2III-Ve,xkcd:green,xkcd:green,0.24153028251137312,0.11969568043681117,0.18675476248612258,0.09525981958546713,23.67228282682413,
5541793213959987968,126.55687950869762,0.0064687118865549564,-37.61995049188073,0.00886186771094799,-2.366630185963856,0.00906615611165762,3.176985708597615,0.012535781599581242,0.17771276386803697,0.00965082086622715,,,12.163066864013672,256.43820623625,0.2851841027796363,0.8947582840919495,5.1737285,4.890465,5.4962837,IGR J08262-3736,,,,,,,,,,,5.6270578332942005,-3.9611088819847065,-0.06158778134239125,10.628468751671921,241.99132951428788,49.0320272284623,-0.29807166286208364,-0.3131006840856808,15.715310373281719,-4.321117586719249,-0.009951857298153422,63.94299008942802,17.365555817510163,,0.6580803675966265,0.261464760041443,,0.3055814673691534,OBV,xkcd:black,xkcd:blue,0.011017938426725845,0.005870009723724282,0.008018723040520526,0.0040785322957177265,16.536046052047322,
5548261400354128768,123.11814876922769,0.007459855172783136,-31.247806699969043,0.009957175701856613,-1.4554830142325375,0.011349085718393326,2.1457195379781027,0.015747113153338432,0.1183688553388317,0.012262127362191677,,,12.421294212341309,249.5781999270527,1.5428153761569166,1.0489202737808228,6.6563506,6.13159,7.207318,RX J0812.4-3114,,,17.5,,,,80.39,3.0,31.908,0.009,8.448168203853056,-2.59270182553984,-0.020985333515966365,12.18777668080407,243.29101082574047,68.67809721380924,-0.1703833638252338,-0.2548835834978987,16.303051250859905,-3.400320509193359,-0.058627318765035095,102.70347382876797,32.207775425444325,,0.9780020474787525,0.2925255687469674,,0.8751669870958029,B0.2IVe,xkcd:purple,xkcd:green,0.014682905094596748,0.007340714088462222,0.00933243453036526,0.004684220047518893,34.39609952154223,
5597252305589385984,118.9270218136784,0.008715487085282803,-29.56485835566189,0.011557716876268387,-2.6535157466287824,0.01131052989512682,2.8924892487229927,0.014539279974997044,0.2853833665183818,0.013910516165196896,,,9.938587188720703,246.22557061032848,-0.6151217581350775,1.0933274030685425,3.2893774,3.1521055000000002,3.4082234,SGR 0755-2933,1.4,,18.5,1.0,2.16,0.15,59.69,0.15,307.8,0.04,3.5040584607287864,-3.8528499433462247,-0.7504579839284785,9.942582323551003,241.3605377525773,34.91530931268023,-0.2822566395003466,-0.4758447808914325,16.88040141116681,-4.134804945434583,0.02404246489749398,42.594887999211075,9.95340853400913,-57.315289410377886,0.5642116415887051,-0.29865566793454,58.17312731528417,0.1707992391302285,B0Ve,xkcd:purple,xkcd:green,0.013700153291300084,0.006599971946089184,0.011112770642383122,0.005108313527868985,7.13760361142147,42.34404836908377
5613494119551805184,112.2232407535484,0.00904984399676323,-26.108019042809907,0.013213437050580978,-0.8809603649723696,0.012074854224920273,1.7852555092114903,0.018278498202562332,0.09575911638808286,0.017103934660553932,,,11.602206230163574,240.28158025228282,-4.050429451500062,1.1873399019241333,7.607088399999999,6.812276,8.625445,3A 0726-260,,,38.1,,,,34.548,0.01,103.144,0.001,10.44286996078056,-1.9891740761737993,0.08009302404292581,13.61313090103669,244.34617294199143,77.71881513697751,-0.07314586433870418,-0.17662194271370213,17.6591388599241,-2.550261750938848,0.1526272642455098,129.81550968504865,23.174868048185242,,0.6342335391037528,0.10408770251111818,,1.86524450323855,O5Ve,xkcd:dark blue,xkcd:blue,0.015799768287229815,0.007978534154450049,0.011910843967407837,0.005657821249313955,65.35273505550242,
5620657678322625920,135.5285587975077,0.010860205627977848,-40.55465296117549,0.012674867175519466,-4.822178071668092,0.014743776060640812,9.281733055172943,0.01623324118554592,0.49623999190934365,0.015160984359681606,,,6.735128402709961,263.0582466143229,3.9298644181968547,0.8801971077919006,1.9694784,1.9014369999999998,2.0295931,Vela X-1,2.12,0.16,26.0,1.0,-3.2,0.9,8.96302,0.00045,283.0,,2.0151539906172786,-10.135892969400128,2.5821780680719266,8.611267000263922,240.00683599384539,8.763731138386447,-0.9723420245026158,-0.9208928175526562,14.249915599125709,-5.765174713083926,-0.0644905685341163,9.259733589100948,45.996226586915995,-26.709649188226656,-3.398376231813586,3.567561454158699,53.188891885365074,0.061566416718142954,B0.5 Ib,xkcd:red,xkcd:red,0.016352685926486962,0.008290336422234337,0.01227009258141149,0.006466321857845867,2.9617012797488633,3.892966308756053
5837600152935767680,189.81024184279624,0.022242655977606773,-75.37063019320797,0.02570117823779583,-27.34027789422274,0.033735789358615875,-8.934340817354846,0.03983910754323006,4.77404346153494,0.027307841926813126,,,6.543228626251221,302.1433834138259,-12.517557655267781,1.0418176651000977,0.20860675,0.20760204,0.20987208999999998,,,,,,,,,,,,0.20946604446673434,-26.972968287834572,-9.988604653175944,8.043499577989337,239.36722576273618,-5.403089051293832,-16.565915181922882,-6.238802449153843,7.2794273429212675,-2.675522178084775,-1.2131655278263935,-5.332483988211156,8.045852886549614,,-7.731530927826915,-2.536636676195708,,0.0011981595218853091,B8Vn(e),xkcd:dark purple,xkcd:red,0.033040385087630915,0.011040073821832665,0.02175019180398013,0.007597482456871869,0.6291381910871282,
5854175187680510336,215.3014007027238,0.0445520356297493,-62.698879401723076,0.0705314502120018,-6.425947989496359,0.05724417790770531,-4.332038707619241,0.09649991244077682,0.08394275522667936,0.10595280677080154,,,17.756834030151367,313.0200507368387,-1.5986266459253018,1.062129020690918,,,,,,,,,,,,,,,11.912880358758727,-7.5330620334492515,-1.819984430765582,0.0,1.6803199999999998,-inf,,,2.7858380977347226,,,nan,,,,,,15.03647464664201,B1Ve,xkcd:light purple,xkcd:green,0.043263897529123185,0.03329890111782471,0.03776278024972811,0.027091373974209375,,
5862285700835092352,195.49460523930014,0.05994626507163048,-63.96912167623403,0.06522805243730545,-6.287527903127519,0.07625846564769745,-0.5842041216372096,0.09208860248327255,0.07560265052473944,0.08420749753713608,,,17.30669403076172,304.08825128367016,-1.1210396150921411,1.0869733095169067,5.4276670000000005,3.947475,7.929663,IGR J13020-6359,,,17.5,,,,,,700.0,,13.227049489128298,-6.30897606778132,-0.2666881409204447,6.804045111962199,237.80519952250097,-40.44620024011444,-0.6439376050639756,-0.2913892138747207,5.357810175236631,-6.309192449215053,-0.030763797407294256,-33.766597673766235,16.633561227442943,,0.6441539864977086,0.055464870361570294,,14.732509105813348,B0-6Ve,xkcd:purple,xkcd:green,0.07386796521098907,0.04027456811306415,0.05814783923269575,0.029353199229886485,109.3093371424252,
5862299960127967488,195.69848851536304,0.008934320881962776,-63.83573123376698,0.009974833577871323,-7.092820662863646,0.011759594082832336,-0.34195092640087815,0.014234627597033978,0.44344477764993895,0.013309076428413391,,,9.632835388183594,304.18354481654586,-0.9915822428813386,0.9812279939651489,2.1670405,2.112464,2.2226743,PSR B1259-63,,,22.5,7.5,0.0,1.0,1236.724526,6e-06,0.04776,,2.255072221843625,-7.10095547546902,0.03829787224441718,7.160599485069996,238.2808580758982,-29.118531730202868,-1.6136764384742552,-0.7310496310826367,5.313301714392077,-5.094470723694017,-0.04906519993016529,-25.583575866660727,9.32469696471049,20.270274152268648,-0.3928083133007476,0.8184127032572192,22.312193699674882,0.06768132147403795,O9.5Ve,xkcd:dark blue,xkcd:blue,0.011339757475324385,0.005856296369418472,0.00865145897385309,0.004398498083974553,2.1127155708487364,5.187757876036478
5862928537183584768,191.0157861157054,0.015005238354206085,-63.375599072405734,0.0179296787828207,-6.357054767364532,0.01944475620985031,-0.2978005899292986,0.0252505112439394,0.12335544015674202,0.022185102105140686,,,15.082144737243652,302.1057677991692,-0.5156795553002121,1.0605111122131348,5.848924299999999,5.135433600000001,6.638319999999999,SRGA J124404.1-632232,,,,,,,138.0,1.0,,,8.106655034665245,-6.350177623992815,-0.41961250026105856,7.068335921880367,238.15999465073585,-32.70017986521436,-0.5907003950909853,-0.27224415929715884,5.848272219272198,-6.368302699047243,-0.010616095275202138,-28.360227729232356,17.299572825104804,,0.6088254701454137,-0.1367522456886976,,1.457957342186758,Be,xkcd:green,xkcd:green,0.019073976841976394,0.010916428839115519,0.014689034978483293,0.008093527645147496,38.32978463309987,
5863533199843070208,195.3211964950643,0.008986628614366055,-61.601844813228226,0.010867293924093246,-4.340692264055244,0.012104980647563934,-0.236113209203886,0.015209818258881569,0.5395135891716509,0.014079692773520947,,,12.647679328918457,304.10270102486777,1.247518814190948,1.0172128677368164,1.8507748,1.8018158000000002,1.9069960000000001,GX 304-1,,,9.6,,,,132.5,,272.0,,1.853521431286583,-4.347013684384978,-0.02882371522439039,7.275707936708182,238.4295675667315,-25.72975124626573,-1.8885906520929086,-0.8790411463306022,5.039240324285312,-4.926740681661679,0.06386997956487718,-22.96958961374024,22.72602153266515,,2.4683176493696095,0.7863474515413346,,0.0483713715936614,B2 Vne,xkcd:dark green,xkcd:green,0.011669509431108503,0.006678733931715893,0.00869285979741538,0.005016631124220794,4.064440956126462,
5864664975280537728,206.63566597037007,0.016893604770302773,-62.923386961743525,0.019583694636821747,-4.748743831187859,0.021524153649806976,-2.2605365882845696,0.023262644186615944,0.6054838801046949,0.028642011806368828,,,8.518084526062012,309.15505830063836,-0.7193551134314897,0.9463874101638794,1.5823639,1.5147637,1.645346,HD 119682,,,17.5,,,,90.0,,1500.0,100.0,1.6515716319765423,-5.1310609164967085,-1.1544728287915413,7.255433254542807,238.40353928106683,-24.65531939152668,-2.26148872900612,-1.006960828044329,3.821757106753819,-4.255093889426304,-0.041273324092681904,-21.949082725724786,10.422478651679006,,1.385521701935715,-0.10623867665453048,,0.07812649640475401,B0Ve,xkcd:purple,xkcd:green,0.019760966766959688,0.009339439624410655,0.01570546211804332,0.008313067882988539,6.218617204778002,
5878377736381364608,218.28465330128793,0.06372292339801788,-61.26107376019224,0.08531450480222702,-7.246886900314591,0.10686460882425308,-3.983080511175255,0.13409805297851562,0.41530307188623306,0.11580472439527512,,,17.964555740356445,314.8462828689717,-0.7642267023265309,0.9715883135795593,2.2242244,1.8138514000000001,2.861979,IGR J14331-6112,,,,,,,,,,,2.4078800945492094,-8.227051474236449,-0.8354185446345009,6.7678566041082275,237.75559133710118,-35.66700190965438,-1.63599734997316,-0.7182420247146593,2.127368078308014,-4.045862650917904,-0.04512684739578325,-29.618301156195752,26.844254257061028,,-2.545191473345385,-0.07204967252405843,,0.6714226539661279,early BIII or mid BV,xkcd:red,xkcd:grey,0.10022019552159982,0.06126093550687514,0.061228095183258495,0.0398296262769777,52.47279429478055,
5882543824607819776,236.02135471814512,0.23264913260936737,-56.76187017074616,0.21859543025493622,-4.167843287744988,0.3054322898387909,-2.6135336595940055,0.28812435269355774,-0.05039768082917262,0.30544930696487427,,,,324.9605894142377,-1.4644638526861036,1.0827516317367554,,,,,,,,,,,,,,,-19.842182885152752,-4.893184324391437,0.5081565000683312,0.0,1.6803199999999998,-inf,,,-0.8397079295686324,,,nan,,,,,,120.2591252459364,Be,xkcd:green,xkcd:green,0.3098549703483877,0.15846852296398206,0.24595864225074446,0.12658332150716173,,
5883218164517055488,230.1701764075732,0.10015206784009933,-57.166742166539116,0.10098147392272949,-5.549152942694518,0.1326756626367569,-4.07252990135312,0.15664492547512054,-0.12459033866593971,0.13540777564048767,,,17.775951385498047,322.1184786573702,0.03771540102283994,1.0146980285644531,6.4390854,4.6012830000000005,9.206895000000001,Cir X-1,,,,,26.0,3.0,16.68,0.15,,,-8.02630453298044,-6.873027007408624,-0.3742965859610909,5.004354161894938,234.96436384641686,-90.05291011913344,-0.5689727735894532,-0.24900292443696165,-0.17843281941658537,-6.112877021120201,0.0019421885316218191,-55.29529515894919,7.0091131477348,81.47372797836577,-0.19117721269897014,-0.12723585005575105,81.77466611249775,8.723180746286538,B5-A0I,xkcd:black,xkcd:red,0.13484835848140736,0.08109419039270473,0.10002442475893891,0.05428601250001352,179.1528800325706,2040.2300359031967
5884544931471259136,238.59067450082784,0.01269359327852726,-55.32898953059539,0.010471327230334282,-3.1236747705391017,0.019842378795146942,-3.2225953484639502,0.015759257599711418,0.7315774313408016,0.017946967855095863,,,8.689340591430664,326.97622424510917,-1.2387208767966702,0.9297120571136475,1.317673,1.2825757000000002,1.3448452,1H 1555-552,,,19.4,5.0,,,,,,,1.3669093074225183,-4.465082666647735,-0.4533228783615006,7.08194816602537,238.17792138588234,-20.758234388301332,-2.7680661759422702,-1.2222272867656117,-1.4786957751282688,-1.9797058519338773,-0.07186590844667924,-18.037882203209243,5.540135316683803,,0.2826893612284125,0.8407703168507903,,0.0335328515481709,B2 IIIn,xkcd:red,xkcd:red,0.018572051166453326,0.008562039558140328,0.012628828817055324,0.006055725529356699,1.8808816777599244,
5886085557746480000,235.59729827776863,0.01090452540665865,-52.38601199162066,0.00943202618509531,-6.710645355390543,0.014753925614058971,-4.110864296804368,0.013893896713852882,0.12795944829063383,0.015252325683832169,,,13.163740158081055,327.4196587377088,2.1637003432777564,0.9857908487319946,5.5353643,5.0910376,5.887952599999999,4U 1538-522,1.18,0.29,20.0,,-158.0,11.0,3.72831,2e-05,526.42,0.07,7.814975864296505,-7.823829136671884,0.848330120135811,4.58749762261539,234.16632293305477,-96.86423044297207,-0.6584234346730594,-0.28689661864534727,-2.0627995384039925,-4.983543733300541,0.13948255089526826,-54.52324256117836,62.92671361923092,-101.41395790041764,-2.181861968698284,0.99574418788589,119.35058501718532,0.9315182167932405,B0 Iab,xkcd:red,xkcd:red,0.014024931650482004,0.007536915058524967,0.010407343659336335,0.005291588212003557,49.7172375909631,95.35511191849324
5933976985766949376,246.65214511693458,0.030918631702661514,-51.94184815729851,0.02216207981109619,-2.8563373848377083,0.040688592940568924,-3.332145349614718,0.03151797503232956,0.050120353494249176,0.03836339712142944,,,15.729031562805176,332.7809871369111,-2.0027078877075377,0.9894203543663025,6.6929224000000005,5.8697295,8.261849,,,,,,,,,,,,19.95197420374819,-4.382850988816031,-0.22907006966178306,3.7693845369830634,232.37404296462404,-121.78837649850182,-0.5369310684153045,-0.24314369254232987,-3.115850876439452,-5.533043357864612,-0.1342405137739556,-56.32726664511955,53.729483933889306,,1.6871234374638853,0.1483141366545024,,15.27175002512169,B0-2Ve,xkcd:purple,xkcd:green,0.03728660997630984,0.017342245052350186,0.027676268642075872,0.012370623551165645,204.63249028395637,
5934776158877214848,245.19273371546788,0.03752019628882408,-51.501706020142436,0.026348773390054703,-4.882473484444853,0.05389139801263809,-6.022015388741489,0.04039086401462555,0.035774547315548286,0.04634368419647217,38.7906379699707,4.938200950622559,14.783706665039062,332.45890500811436,-1.0501486044356771,0.9744912981987,7.154235,5.8845979999999996,8.667592,IGR J16207-5129,,,,,,,9.726,,,,27.952834488149662,-7.714335063081616,-0.7695785879661271,3.7691501132876195,232.3734776684634,-123.18592444858172,-0.5028621291740776,-0.22585480519598036,-3.1478644517410665,-6.038301252458037,-0.06658805144423639,-56.970090931387944,42.94794735834959,,-1.1731716814495012,-0.47713573132591036,,36.211145384697645,B0I / B1Ia,xkcd:red,xkcd:red,0.04605021302578376,0.020807394891613876,0.03434801387079369,0.015357434126234604,205.88988268046782,
5935509395659726592,244.8840954475876,0.04218791797757149,-49.741826170029775,0.025050578638911247,-0.18399109215839704,0.0616706945002079,-0.5449229720233741,0.043932314962148666,0.35882505488809213,0.05053073912858963,,,16.373214721679688,333.5570067316641,0.3390169216079117,1.0523931980133057,2.4766138,2.2264104000000002,2.755401,IGR J16195-4945,,,27.8,,,,16.0,,,,2.7868733979902074,-0.5155007817431723,-0.25505433039767256,6.034169330664149,236.6907036681415,-37.26456939199314,-1.4469920979546795,-0.6455734987497426,-3.6588087785652785,-1.892382278101951,0.018782927788477587,-27.590272606818523,33.43587125675291,,2.8238735943134583,0.37173624056359245,,0.3924552389524978,ON9.7Iab,xkcd:blue,xkcd:blue,0.05326975805945511,0.02396695627669663,0.03802266459470908,0.01594211417066513,47.32019413209837,
5940285090075838848,249.3055346035613,0.39509785175323486,-50.72612789595593,0.282411128282547,0.6277619355737372,0.5566709637641907,-4.122424253903569,0.3898785412311554,1.6914701245789092,0.5430479645729065,,,19.783174514770508,334.8023923852234,-2.383834775954468,1.0749093294143677,3.6997966,1.7862366,5.046274,,,,,,,,,,,,0.5912016922255423,-2.6653731895985913,-3.2069070047472095,5.056317286472824,235.0593306429133,-60.77697283824265,-0.9638970981513879,-0.44243847027916966,-3.6626808166727893,-2.4292337822372154,-0.1442736728672177,-37.70646115110375,47.68994455983704,,0.7277576907900121,-2.6201948616008224,,0.18980582095416207,,xkcd:green,xkcd:grey,0.4375961775175921,0.18840390482520233,0.33455320797624905,0.14929415501661147,102.69800600432438,
5940576971716473344,248.16638484576487,0.041116662323474884,-49.70382899144433,0.026625696569681168,-4.769279217690786,0.05356945842504501,-6.12018935660893,0.0370846651494503,-0.02732642251724471,0.05024125427007675,,,12.820149421691895,335.06347356705464,-1.1557122758724598,0.9996997714042664,12.7397705,10.017572,15.872169,IGR J16327-4940,,,,,,,,,,,-36.59461824426291,-7.7344034391555105,-0.617855531193062,6.355873394148818,237.1721402634938,-28.714814887984183,-0.27962496897227257,-0.1271861327423578,-3.9051096091350437,-6.849331058331156,-0.009592947651413022,-22.39358625330639,46.697211198975936,,-0.6054474118520821,-0.48107645079929123,,67.28138375838091,OB,xkcd:black,xkcd:blue,0.04200308277765189,0.018162502765671964,0.03396333665241648,0.014469946805162151,250.70758063390812,
5940777877435137024,247.95125817288326,0.13132824003696442,-48.81687706740887,0.08851779997348785,-4.366133479593785,0.1887052059173584,-5.774239370792024,0.13030248880386353,-0.034896909170396145,0.1780019998550415,,,17.139793395996094,335.6159688973277,-0.44775360639278583,1.370215892791748,7.0294146,5.098358,9.806712,IGR J16318-4848,,,,,,,80.09,0.012,,,-28.655832959794708,-7.2048874749056955,-0.7032484246562022,3.3876998370960365,231.40569876476678,-132.40006175891995,-0.5055804386399735,-0.22907839564608812,-4.162337905008091,-5.643975847913065,-0.031053888409784142,-55.034560448122484,38.136928982562246,,-1.0553311883526568,-0.44311614060032994,,146.1675459407905,B0-5sgBe,xkcd:green,xkcd:green,0.14482531802203508,0.06289324399539153,0.11318232484711209,0.05017273988559774,435.055070128685,
5943166184173519744,250.46160612338068,1.3305343389511108,-45.540403360519775,0.6542299389839172,-8.551346793903136,1.7982252836227417,-5.318919221188635,1.1888338327407837,0.9562030181651716,1.0759587287902832,,,20.419172286987305,339.18890175141337,0.4889589642760968,1.236974835395813,6.3262095,4.941406,8.815772,,,,,,,,,,,,1.0458030156805707,-9.616377592192514,2.9902701676445687,3.1708826112182487,230.80782220947444,-126.9172817542749,-0.5519134138549242,-0.2519424745936336,-5.3281225248164805,-4.2199958982559105,0.03612095081212272,-49.37911678254201,174.19884380989583,,-4.844468280081679,3.2060916914260797,,1.176780309139686,BN0.5Ia,xkcd:red,xkcd:red,1.1228633414018965,0.47654864541538555,0.8315221974352842,0.27029972538956476,605.6139899397941,
5943246345430928512,251.64690161252628,0.015588409267365932,-45.11796081034128,0.010345971211791039,-1.7593910230172454,0.02173849754035473,-3.0641449978293434,0.016207683831453323,0.29609864232667726,0.01728741079568863,,,13.484343528747559,340.0535299011336,0.13502926660407388,1.090044379234314,2.8861062,2.7490387999999997,3.0289373,IGR J16465-4507,,,27.8,,,,30.24,,228.0,,3.3772529051204776,-3.4781605012945125,-0.6219653260680731,5.525460482390141,235.87662581386036,-38.17904996261424,-1.203824670767686,-0.5545985250327055,-5.5304904636574905,-1.315976051971647,0.006577192431046981,-25.884273843389416,13.149465827909143,,-0.9583597785551796,-0.07394399346641461,,0.19717739288833738,B0.5-1Ib,xkcd:red,xkcd:red,0.01795040609226721,0.008615307038623706,0.012603948841139679,0.00570864159839769,30.773224435339092,
5966213219190201856,255.105188622121,0.02066669799387455,-42.31675095154189,0.014143426902592182,1.1808321110237392,0.029523560777306557,-1.4697065617940481,0.023353278636932373,0.6405461879152953,0.022926293313503265,,,8.707157135009766,343.8034017764549,-0.029940309902722347,1.0234806537628174,1.4964989,1.4457438,1.5446216,,,,,,,,,,,,1.561167670444771,-0.442986093972152,-1.8325297194732093,6.725862687530461,237.69770453261955,-14.512360730102209,-2.2658663987756023,-1.071902209378071,-6.573874715759044,-0.41229624965208184,-0.0010690967757441057,-11.976459575776289,16.74545885517396,,2.235176554455532,-0.7595584133193942,,0.05587698217463822,B2e,xkcd:dark green,xkcd:green,0.02714711740341674,0.013584075861946699,0.016749576802202435,0.007943268692742478,10.328126650063574,
5976382915813535232,255.9865659301791,0.021049443632364273,-37.8441202722809,0.012138224206864834,2.4137032635492046,0.028064759448170662,5.021949969731823,0.021347088739275932,0.6327358617075665,0.02594889886677265,,,6.420469760894775,347.75444710988126,2.173492429913019,0.8081918954849243,1.5139931999999998,1.4613417,1.5923752,4U 1700-377,1.96,0.19,46.0,5.0,-60.0,10.0,3.41166,4e-06,,,1.5804383163952436,5.463046443844808,1.095932705667702,6.679230942389423,237.63301645326374,-11.43675757800189,-2.171203317603579,-1.0177427454204167,-7.952405001432037,-0.1525239568062298,0.060484562036866286,-9.372852158968954,57.79035653375137,-42.674742839599006,7.786773718254618,2.0531908890512525,71.83911876355393,0.06481477741223182,O6Iafcp,xkcd:blue,xkcd:blue,0.0240715261860172,0.012151228689122667,0.015476749868062746,0.006993492825535058,14.863580024906693,25.05500664499122
5980409632300781056,260.0246347466105,0.14206048846244812,-31.283210647628042,0.09625773131847382,-4.450374129916061,0.16434164345264435,-4.677040280971733,0.11456924676895142,0.10569083806813043,0.1602022796869278,,,17.91213035583496,355.0221182281025,3.3474131126407536,0.9918563365936279,7.0215576,4.438549,9.765323,,,,,,,,,,,,9.461558052509528,-6.3737536693564705,1.0275212155586968,1.3158671485695244,223.00389507870474,-99.20119895995822,-0.43524287689650193,-0.21115512681698614,-10.006598930498043,-1.4160451783527461,0.17433569430030074,-16.016637890812056,154.62973957080408,,-4.522465614107222,1.0643406480753823,,14.341481221155082,,xkcd:grey,xkcd:grey,0.11465746876973713,0.059970603543449234,0.08007867102657884,0.04395180256429546,2374.1419309758858,
6053076566300433920,183.31156879290245,0.012357387691736221,-64.87513252303748,0.015193149447441101,-5.95305662663964,0.01588580757379532,0.449629791184431,0.02075292356312275,0.26448691327892004,0.01766935922205448,,,13.976888656616211,298.89007133029565,-2.303521643360621,1.3103512525558472,3.299027,3.1170483,3.471596,EXMS B1210-645,,,9.6,,-42.0,11.0,6.7,0.0005,,,3.7809054051208566,-5.958000828938377,-0.3785185219620095,7.164464685637816,238.28588870190336,-30.67560390962771,-1.0248833328130231,-0.46842735873701846,6.98970777817352,-5.932538305371112,-0.07891011123582593,-26.96616943817682,15.849723457822208,-22.0235383399967,0.9994208092457582,0.16881894801083486,27.133926636274822,0.25258783113112304,B5V,xkcd:red,xkcd:red,0.015939894765524393,0.008490372448424592,0.01225278654121069,0.006567474423114394,10.661804872271986,22.735271682236693
6054569565614460800,186.65645139154256,0.012048251926898956,-62.77035949368261,0.013341481797397137,-5.226856654124623,0.015758464112877846,-2.0707848986747575,0.01876610517501831,0.25062115141915803,0.015989607200026512,,,9.751055717468262,300.0980601666885,-0.03521279949727996,0.9085311889648438,3.5460981,3.3819047999999996,3.7297097,GX 301-2,,,43.0,10.0,4.1,2.4,41.498,0.002,680.0,,3.9900862091544833,-5.027520170392972,-2.5163905729512837,7.0718444057591805,238.16461834201277,-33.2869987514582,-0.9616540188481638,-0.451919775766423,6.354960220074714,-5.957145610882443,-0.0012170923377336715,-28.883493976075155,47.04566283205356,26.628533756000436,1.8912794593376354,-2.0632537048471273,54.05897891471611,0.2545671457391046,B1 Ia+,xkcd:red,xkcd:red,0.015781623344754924,0.007798047397622519,0.01196558527448876,0.005891278677479887,7.648398746667116,10.06805110164379
6054778507172454912,188.50210227953616,0.04590492323040962,-61.71761859192175,0.04630792513489723,-5.117225288166624,0.0560368187725544,0.9981333214208672,0.05972761660814285,0.013984799250916106,0.061268821358680725,,,16.240846633911133,300.868492644533,1.084281380369064,1.0551469326019287,6.2416606,4.990495,8.211024,,,,,,,,,,,,71.50621056891416,-5.166632335917727,0.6986952716542183,7.292258168052447,238.45076286819432,-26.173361333317853,-0.5491848379653627,-0.2607591714838048,5.987458953565751,-6.369565679582949,0.016743730528764066,-23.418761713898803,58.8640970856795,,1.7521181816305837,0.942710712609259,,313.27594789006463,,xkcd:grey,xkcd:grey,0.055456566409515275,0.02674012973578313,0.04529288271950072,0.02145053238749758,74.26801737870106,
6055103928246312960,190.70931703328822,0.05288095399737358,-63.05864217078729,0.05445249006152153,-12.857201869803877,0.06959401816129684,-3.6770768880918028,0.0740465447306633,2.282573124548697,0.07652348279953003,,,5.136850357055664,301.9579033881775,-0.2031588592223847,1.0903596878051758,0.44352216,0.42721436,0.46094156,1H 1249-637,,,9.6,,22.0,7.0,226.0,6.0,14200.0,1400.0,0.43810206527237405,-12.765532949863747,-3.983679563891927,7.924186694357531,239.22731308940453,-8.522079201121306,-7.782707815744167,-3.605253923309929,5.849260208332511,-3.8401679033993688,-0.014373642996056602,-8.285956639728413,2.521176309251372,24.4366964313959,-1.1426572307202116,-0.3640519975859411,24.566409230136333,0.014687413733103326,B0.5IVpe,xkcd:purple,xkcd:green,0.06843492632084772,0.030456905108713742,0.0518801229589384,0.023875304951916483,3.054348108764505,30.596294441436427
6060547335455660032,193.6534512999999,0.062005579471588135,-57.168711407421895,0.08000237494707108,-28.38602111310031,0.08820656687021255,-10.446722229219034,0.11208841949701309,8.266773469896965,0.11696327477693558,,,5.147207260131836,303.3645146851053,5.700370988443033,1.2697036266326904,0.12009891,0.11822915,0.12199124,,,,,,,,,,,,0.12096617908322384,-28.608051852080546,-9.822401396629367,8.084892698802284,239.41530011456686,-4.440596457577385,-28.983743762204206,-14.229941125776017,4.63728252766747,-1.0596484831990645,0.7786470363890506,-4.405122193643499,2.2215393820380385,,1.4353403933227242,3.6288926927575997,,0.001711502134944004,B5Vne,xkcd:dark purple,xkcd:green,0.08553743106319431,0.05413426449041036,0.06016841298912902,0.03971170042908613,1.5155850851729051,
