source_id,ra,ra_error,dec,dec_error,pmra,pmra_error,pmdec,pmdec_error,parallax,parallax_error,radial_velocity,radial_velocity_error,phot_g_mean_mag,l,b,phot_bp_mean_mag,phot_rp_mean_mag,bp_rp,distance,pm_l_poleski,pm_b_poleski,galactic distance,circular velocity,LSR velocity,mu_l_sol,mu_b_sol,mu_l_rot,mu_b_rot,Peculiar Velocity,peculiar_mu_l,peculiar_mu_b,dist_err,SpType,Mod_SpType,SpColor,Name,Mx,Mx_err,Mo,Mo_err
3441207615229815040,84.72739245821431,0.020250700414180756,26.31577524440175,0.015788812190294266,-0.5898287895613142,0.030902111902832985,-2.879557993302878,0.01621093973517418,0.5245380785708109,0.023250581696629524,7.0,nan,8.601999282836914,181.44504956690048,-2.643537066457817,8.987546920776367,8.01044750213623,0.9770994186401367,1.9064392860183996,2.12603198111763,-2.0297143279424583,10.403915664294958,225.02622744453242,-4.5772627558119305,1.4743856024086786,-0.7832807603717467,-0.0025775251985549665,0.005181971135181485,12.762149422593925,0.6542239039075064,-1.2516155387058931,0.08450448914978252,O9.7IIIe,xkcd:bright blue,xkcd:blue,1A 0535+262,,,20.0,
5336957010898124160,170.23817252151974,0.008774157613515854,-61.91670671055608,0.009544741362333298,-5.421032061547652,0.012438164092600346,1.3700031073878873,0.011767985299229622,0.32925822598102933,0.011463727802038193,nan,nan,11.589363098144531,292.49852714674694,-0.8918067117070271,12.270934104919434,10.759902000427246,1.5110321044921875,3.03712989104672,-5.567951674993604,-0.5122609408455543,7.8560253894545635,222.56671751604506,-220.47262223549708,-1.054611102383597,-0.5187441308440925,-5.428597657240247,-0.018013469887746873,13.18075554666247,0.9152570846302401,0.024496659886285126,0.10574323622942539,O9.5Ve,xkcd:dark blue,xkcd:blue,1A 1118-61,,,,
5334851450481641088,176.86894042633617,0.007541968487203121,-61.953719225831875,0.008998828940093517,-6.225580251990721,0.01041429303586483,2.361537685037365,0.011920752003788948,0.12669559944899778,0.010234012268483639,nan,nan,12.255293846130371,295.48972809721556,-0.00970401441105653,13.309616088867188,11.227763175964355,2.081852912902832,7.892933964155221,-6.606609744728988,0.8291063820044122,8.763800120419218,223.52091675977692,-193.7528220168817,-0.4170130760677609,-0.20310608662182214,-5.372222021128227,2.7060920841833756e-05,49.25833635059616,-0.8173746475330006,1.0321854077053925,0.6375626570677606,B2Iae,xkcd:dark green,xkcd:green,1E 1145.1-6141,1.7,0.3,14.0,4.0
6053076566300433920,183.31156879290245,0.012357387691736221,-64.87513252303748,0.015193149447441101,-5.95305662663964,0.01588580757379532,0.449629791184431,0.02075292356312275,0.26448691327892004,0.01766935922205448,nan,nan,13.976888656616211,298.89007133029565,-2.303521643360621,14.39801025390625,13.351907730102539,1.046102523803711,3.7809054051208566,-5.958118420264099,-0.37666303137996027,7.449418244846888,222.10444742848472,-219.8306787168525,-0.8942614068632253,-0.40872604268783935,-5.393397656845806,-0.06092405130983405,6.1364723359412885,0.3295406434449326,0.09298706261771314,0.25258783113112304,B5V,xkcd:red,xkcd:red,1ES 1210-64.6,,,,
5255509901121774976,154.7315592681715,0.00934557057917118,-58.94609420856299,0.009438585489988327,-6.454306520313594,0.013439311645925045,2.256007949459996,0.01335159968584776,0.2273178405234294,0.010232986882328987,nan,nan,12.269230842590332,284.351776705235,-1.6900802660463154,12.882477760314941,11.495985984802246,1.3864917755126953,4.3991267807989365,-6.6488043210162475,-1.5940657536704546,8.547292409868648,223.3022676369862,-212.96405708690497,-0.6634443517918205,-0.34946803248438035,-5.444675837248132,0.0016679885391937266,28.32721701626133,-0.5406841319762945,-1.2462657097252678,0.19803200020711922,O6V((f)),xkcd:blue,xkcd:blue,1FGL J1018.6-5856,2.0,,22.9,
1979911002134040960,330.4091919702234,0.0112070357427001,50.16795238313883,0.011057302355766296,2.364625293266044,0.014718983322381973,-0.2937024864956449,0.013353955931961536,0.8781947661310571,0.013396814465522766,nan,nan,9.304606437683105,97.24776932144769,-4.041208697923339,9.407649040222168,9.073572158813477,0.3340768814086914,1.1386995670739004,1.7284177853776819,-1.6402090986570457,8.716439817701456,223.47353491258164,213.5213484311505,2.3028503458441034,-1.5629398824262077,-5.196815291195641,-0.07075834955835932,24.94903946557588,4.622382730729219,-0.0065108666724786185,0.017370801353402254,B3e,xkcd:green,xkcd:green,1H 2202+501,,,,
2021785421455305344,295.5465223645784,0.03207533434033394,25.934890350462474,0.04769733175635338,-1.953244017446547,0.0427125059068203,-3.987108346450195,0.05859220772981644,0.019283663596520964,0.060263168066740036,nan,nan,17.05453872680664,61.58010557440001,1.3548851543347347,18.785175323486328,15.808351516723633,2.9768238067626953,51.85736595096036,-4.428399138706507,-0.3185533335675472,48.37853309750426,238.97542281770822,35.02942981289191,0.012309721192800972,-0.02926528515580618,-1.3106064521009737,0.015342190572350652,773.0265682081879,-3.1301024077983346,-0.3046302389840917,162.0588921891883,,xkcd:black,xkcd:grey,1RXS J194211.9+255552,,,,
2033989790047905024,300.09104899633587,0.014430977404117584,32.18973933161206,0.017375720664858818,-2.850743997098801,0.02021029405295849,-4.300169718523636,0.023098601028323174,0.06746486507910339,0.021092984825372696,nan,nan,15.064558029174805,68.98602751827119,1.1341894069944143,16.446447372436523,13.904094696044922,2.5423526763916016,14.82253019890409,-5.158080851424149,0.11136819686971562,14.196091749210199,227.77929350001756,125.28525571703477,0.07408075150879062,-0.1034825141147826,-3.7200864746749893,0.023215381902318248,107.08637018851347,-1.5120751282579503,0.19163532908217995,4.634284885807226,early BV or mid BIII,xkcd:black,xkcd:grey,2MASS J20002185+3211232,,,,
5862285700835092352,195.49460523930014,0.05994626507163048,-63.96912167623403,0.06522805243730545,-6.287527903127519,0.07625846564769745,-0.5842041216372096,0.09208860248327255,0.07560265052473944,0.08420749753713608,nan,nan,17.30669403076172,304.08825128367016,-1.1210396150921411,19.536026000976562,15.889301300048828,3.6467247009277344,13.227049489128298,-6.308944793395759,-0.26742696616007106,11.00613375283375,225.52220028287795,-142.43815935922726,-0.2642372278063586,-0.11957040166846716,-4.664962569853177,0.012946241375655938,87.09029581650708,-1.3797449957362238,-0.16080280586725984,14.732509105813348,B0-6Ve,xkcd:purple,xkcd:green,2RXP J130159.6-635806,,,,
524924310153249920,19.511227046863358,0.007461200468242168,65.29162260285469,0.008893749676644802,-1.2433985583085483,0.009154735133051872,0.7606173957665759,0.011805354617536068,0.1964171573898191,0.011268352158367634,nan,nan,10.520528793334961,125.70997540875491,2.563488419804798,11.24775505065918,9.6738862991333,1.573868751525879,5.091204929798221,-1.3209841517227512,0.6161003720529863,12.189584532266123,226.4251888125325,126.33418646431146,0.6923285413115551,-0.3058317902661893,-2.19541764484616,0.10021264014131061,20.31110987831015,0.1821049518118536,0.821719522177865,0.29207983061034437,B1Iae,xkcd:bright green,xkcd:green,2S 0114+650,,,16.0,2.0
5854175187680510336,215.3014007027238,0.0445520356297493,-62.698879401723076,0.0705314502120018,-6.425947989496359,0.05724417790770531,-4.332038707619241,0.09649991244077682,0.08394275522667936,0.10595280677080154,nan,nan,17.756834030151367,313.0200507368387,-1.5986266459253018,nan,nan,nan,11.912880358758727,-7.531517471653763,-1.8263656540237998,8.714391460779739,223.47148004893242,-157.7328510418379,-0.3041543502775108,-0.13326727941324248,-5.391495370824477,0.001955022370295398,141.09552139997047,-1.8358677505517758,-1.6950533969808526,15.03647464664201,B1Ve,xkcd:light purple,xkcd:green,2S 1417-624,,,,
6054569565614460800,186.65645139154256,0.012048251926898956,-62.77035949368261,0.013341481797397137,-5.226856654124623,0.015758464112877846,-2.0707848986747575,0.01876610517501831,0.25062115141915803,0.015989607200026512,nan,nan,9.751055717468262,300.0980601666885,-0.03521279949727996,11.023402214050293,8.626957893371582,2.396444320678711,3.9900862091544833,-5.028048922928033,-2.5153338959248557,7.358978661701656,221.99833624767234,-219.98872923150418,-0.8546480728338591,-0.4016333919104285,-5.402589516495102,-0.0009589960648622032,46.22898562528354,1.229188666400928,-2.112741507949565,0.2545671457391046,B1 Ia+,xkcd:red,xkcd:red,3U 1223-62,,,,
5863533199843070208,195.3211964950643,0.008986628614366055,-61.601844813228226,0.010867293924093246,-4.340692264055244,0.012104980647563934,-0.236113209203886,0.015209818258881569,0.5395135891716509,0.014079692773520947,nan,nan,12.647679328918457,304.10270102486777,1.247518814190948,13.952112197875977,11.51938533782959,2.4327268600463867,1.853521431286583,-4.347010190708723,-0.029345879849095056,7.617165624120326,222.29802684324054,-203.57831776442197,-1.885792053660202,-0.8777385436878964,-4.465672113389193,0.052320373983196805,18.948532730150035,2.004453976340672,0.7960722898556045,0.0483713715936614,B2 Vne,xkcd:dark green,xkcd:green,3U 1258-61,,,,
524677469790488960,19.63319348306226,0.01089562103152275,63.74252240557648,0.012050527147948742,-1.6837604152272512,0.013374864123761654,0.5035569322350394,0.016997672617435455,0.13630637395963652,0.01634519174695015,nan,nan,14.304468154907227,125.92351442320867,1.0282648921450845,15.436176300048828,13.246358871459961,2.189817428588867,7.33641407184761,-1.730226018688214,0.3081179062348416,14.114429048573351,227.72788069496804,109.30201136222738,0.48095544705888243,-0.2161015768445379,-1.811672420522221,0.03657127625520521,21.92202237302088,-0.3995090452248753,0.48764820682417426,0.8797467884728718,B0.2Ve,xkcd:purple,xkcd:green,4U 0115+63,,,,
168450545792009600,58.84615062234396,0.02955361269414425,31.045836091857545,0.02079164795577526,-1.282117252826291,0.05307381600141525,-1.8690907560201113,0.030308086425065994,1.627402622661778,0.03745640814304352,nan,nan,6.261696815490723,163.0813533466715,-17.136203125538678,6.439853668212891,5.930059909820557,0.509793758392334,0.6144760897364175,0.3095889769659371,-2.245323934218814,9.063394189676286,223.81506681128036,57.77572175230654,5.54632682187915,-1.8486200400580908,-0.4202484622115612,-0.4025983375739546,14.02859774983416,-4.8164893827016515,0.0058944434132315315,0.014142822981115537,B0Ve,xkcd:purple,xkcd:green,4U 0352+309,,,,
5613494119551805184,112.2232407535484,0.00904984399676323,-26.108019042809907,0.013213437050580978,-0.8809603649723696,0.012074854224920273,1.7852555092114903,0.018278498202562332,0.09575911638808286,0.017103934660553932,nan,nan,11.602206230163574,240.28158025228282,-4.050429451500062,11.893284797668457,11.109305381774902,0.7839794158935547,10.44286996078056,-1.988821519764489,0.08841583763046885,16.387414946556923,229.0623219574529,-101.0678819335626,-0.05328296322837094,-0.12865991213611175,-1.7691336457601987,0.13122641584444583,9.268480025040333,-0.16640491077591935,0.08584933392213479,1.86524450323855,O5Ve,xkcd:dark blue,xkcd:blue,4U 0728-25,,,,
5334823859608495104,177.0000300154924,0.014049242250621319,-62.20691022592309,0.014256695285439491,-6.226013692435175,0.017029767856001854,1.598218529604734,0.017916958779096603,0.47542377023483023,0.017436819151043892,nan,nan,8.652682304382324,295.61107854733706,-0.2402410763337492,8.823287963867188,8.294997215270996,0.5282907485961914,2.1033866260116976,-6.427093844263796,0.10006839555339678,7.824175411697251,222.53134691257083,-216.06261880551514,-1.566453758689333,-0.759081840935541,-5.108172336273522,-0.00720658730637682,8.9832683691838,0.2475322506990585,0.8663568237953145,0.0771445907813454,B0.2 III,xkcd:red,xkcd:red,4U 1145-619,,,,
5886085557746480000,235.59729827776863,0.01090452540665865,-52.38601199162066,0.00943202618509531,-6.710645355390543,0.014753925614058971,-4.110864296804368,0.013893896713852882,0.12795944829063383,0.015252325683832169,nan,nan,13.163740158081055,327.4196587377088,2.1637003432777564,14.553851127624512,12.017059326171875,2.5367918014526367,7.814975864296505,-7.825490351151889,0.832866806034571,4.622595248672321,217.99687244273056,-214.54204304575433,-0.4663627422348693,-0.20320949523279516,-5.839865807032307,0.1012777789036797,66.0779241611316,-1.5192618018847126,0.9347985223636864,0.9315182167932405,B0 Iab,xkcd:red,xkcd:red,4U 1538-52,,,,
4268774695647764352,285.9141280353291,0.19355013966560364,3.2043579681435252,0.19041502475738525,-1.7901359305974884,0.25083205103874207,-4.336556449339966,0.24071171879768372,0.00046904205397502174,0.21388882398605347,nan,nan,18.542234420776367,37.17720468290918,-1.2527903447736417,20.800487518310547,17.094009399414062,3.7064781188964844,2132.004990864324,-4.672635855744124,-0.42045528649616354,2124.729023936921,277.12734416709765,-0.6271579221680412,-0.00042647500470633927,-0.0007882679249116099,-0.03912477239904,-0.0002864680381234722,47012.00390306982,-4.633084608340377,-0.41938055053312845,972219.9456611013,B8-9 IVe,xkcd:dark purple,xkcd:green,4U 1901+03,,,,
4309225217336733824,287.4047303861521,0.05965148285031319,9.832011185333132,0.06551249325275421,-2.7485657819302163,0.07393015176057816,-2.455443176178704,0.0764160305261612,0.2326282846644742,0.07313711941242218,nan,nan,16.79393768310547,43.743818692468906,0.47964676300186876,19.09914207458496,15.419151306152344,3.679990768432617,4.298703407637321,-3.454913205416851,1.2835068336695683,6.159145325997152,220.45795678488147,208.87440585703092,-0.11570877554051152,-0.3659084901389248,-4.571030633728803,-0.02375232386534083,42.33514990953391,1.2318262038524637,1.673167647673834,1.35148993122834,O8-9 Ia,xkcd:blue,xkcd:blue,4U 1907+09,,,,
4306419980916246656,287.70087185633383,0.6632866859436035,7.597656302411205,0.8158612847328186,-3.786420226899895,0.8647276163101196,-9.027830218995849,0.9569331407546997,0.5217824132401065,0.7401312589645386,nan,nan,20.154319763183594,41.896989864779755,-0.8116366366050681,21.837675094604492,18.38613510131836,3.451539993286133,1.9165076756617974,-9.750758821117673,-0.8725818071030246,7.18842231063657,221.79477152827346,173.68634419628822,-0.3204387892700074,-0.8632262487314175,-3.1673300058192875,0.04179851512642319,56.89644220082599,-6.262990026028378,-0.05115407349803026,2.7185033508402996,O7.5-9.5If,xkcd:blue,xkcd:blue,4U 1909+07,,,32.0,0.0
2034031438383765760,298.92639832142635,0.01613403484225273,32.096930318736355,0.021289147436618805,-2.158047594075068,0.020837534219026566,-6.0711257533713265,0.02580876834690571,0.2575299882811361,0.024460982531309128,4.735715389251709,0.5058494210243225,8.358266830444336,68.39194055158187,1.9268933031575586,10.154336929321289,7.088701248168945,3.0656356811523438,3.883042928997987,-6.299409845170768,-1.3539471681374267,7.938233392017621,222.65737986150353,219.5394873301689,0.27343567863283635,-0.3823189828459564,-5.535157326562214,-0.026443061620073316,25.8346494643923,-1.0376881972413905,-0.9451851236713971,0.36882324225034974,M4 I,xkcd:grey,xkcd:grey,4U 1954+31,,,,
2005653524280214400,331.98428755192987,0.01205048244446516,54.518432170802825,0.011263555847108364,-4.172517978480273,0.015193975530564785,-3.316562372366748,0.013615788891911507,0.3050532500378427,0.013605252839624882,nan,nan,9.743356704711914,100.60324189142595,-1.1059224650682717,9.88059139251709,9.46435832977295,0.4162330627441406,3.2781161973391435,-5.3203649202928,-0.3212621444519147,9.656317528933064,224.37065414537219,191.9846421031606,0.8442434990224462,-0.5031600438166706,-4.494509504130501,-0.032164810790701555,26.16274414531303,-1.6700989151847452,0.21406271015545741,0.14620267017950472,O9.5IIIe,xkcd:bright blue,xkcd:blue,4U 2206+54,,,,
5966213219190201856,255.105188622121,0.02066669799387455,-42.31675095154189,0.014143426902592182,1.1808321110237392,0.029523560777306557,-1.4697065617940481,0.023353278636932373,0.6405461879152953,0.022926293313503265,nan,nan,8.707157135009766,343.8034017764549,-0.029940309902722347,9.097728729248047,8.094566345214844,1.0031623840332031,1.561167670444771,-0.43730141786814125,-1.833894577704993,7.014325126790979,221.58213842489465,-74.29904148501849,-2.172006657266099,-1.0275004457303745,-0.5698987526876927,-0.0009178419669873349,18.0655303256571,2.3046039920856507,-0.8054762900076313,0.05587698217463822,B2e,xkcd:dark green,xkcd:green,AX J1700.2-4220,,,14.6,
4256500538116700160,280.251804741005,0.03932623937726021,-5.596266865591954,0.033235520124435425,-2.0680431345707846,0.046430107206106186,-5.376487117697893,0.04031432792544365,-0.0698917346894323,0.040199145674705505,nan,nan,12.965173721313477,26.764284956669265,-0.23881101580482592,14.4266357421875,11.725309371948242,2.701326370239258,-14.307843473102421,-5.724411931387568,-0.6438355170417409,22.22912256780664,231.81163106067137,38.94958303771176,0.10733718394965369,0.1130307508664231,-0.2990800376216155,0.0037604805652874953,-378.7504078537227,-5.532669077715607,-0.7606267484734516,8.229343378325018,B1Ib,xkcd:red,xkcd:red,AX J1841.0-0536,,,,
4258160560148155648,281.2566191660608,0.018891027197241783,-4.565759042374355,0.019158221781253815,-1.366159546567521,0.024363426491618156,-5.594980738525201,0.022116554901003838,0.16398885192740253,0.023681366816163063,nan,nan,12.755313873291016,28.13837812606104,-0.6579091376358055,14.262078285217285,11.576122283935547,2.6859560012817383,6.0979754919114715,-5.596216970670979,-1.3610866939029658,4.245345589557902,217.27212828543517,204.13102621463975,-0.23869453993537426,-0.2692495776204189,-4.205910113520496,0.04130664097383697,46.69851251759428,-1.1516123172151085,-1.1331437572563838,0.8805988502429251,O9.5I,xkcd:blue,xkcd:blue,AX J1845.0-0433,,,,
2026914849346539008,297.48094936995193,0.0128928292542696,25.566594846422447,0.019209254533052444,-2.3838963550775913,0.01785130985081196,-5.145184250598648,0.027028784155845642,0.11141137992886387,0.026741143316030502,nan,nan,13.963172912597656,62.13626690776949,-0.3368577763444705,16.310922622680664,12.57652759552002,3.7343950271606445,8.975743776250683,-5.637517262640846,-0.6117858430750652,9.027595939661133,223.78041455242928,184.37260409435305,0.07501768723895003,-0.1809901902845501,-5.282536083650411,-0.0015707505311204244,25.848791825446767,-0.42999886622938455,-0.4292249022593947,2.1543728373344093,early BIa,xkcd:red,xkcd:grey,AX J1949.8+2534,,,,
252878401557369088,70.24720739300419,0.011905986815690994,44.53034418647852,0.008385959081351757,0.10064623612212906,0.016362275928258896,-1.186127754569379,0.013658520765602589,0.378823380551682,0.015042701736092567,nan,nan,10.40385627746582,159.8470955000755,-1.2700235829277626,10.832097053527832,9.79090690612793,1.0411901473999023,2.639752590095405,0.9593255549561471,-0.7047859211231655,11.015119773159219,225.5294017486117,59.20502188807201,1.3177498233849931,-0.597587187998077,-0.4438073449784902,-0.030656812265844154,1.434785114595448,0.08538307654964422,-0.07654192085924438,0.10482196429390027,B0e,xkcd:green,xkcd:green,BSD 24-491,,,,
5489434710755238400,116.84823636345111,0.01926848106086254,-53.33241280861758,0.019994378089904785,-4.572287408504343,0.026735246181488037,8.529878580408521,0.027567392215132713,1.535976400998095,0.021055767312645912,nan,nan,7.537999629974365,266.31257503013796,-13.725848442105406,7.550221920013428,7.456183910369873,0.09403800964355469,0.6510516693812409,-9.67789490675736,-0.05468926987460943,8.56396452061776,223.3192926577719,-212.7945356260217,-3.209017845913962,-1.2954935037975421,-5.3843765777683865,0.1260804468898233,4.799426303087424,-1.0845004830750105,1.1147237870331093,0.00892487179496587,B7 IV-Ve,xkcd:dark purple,xkcd:green,CCDM J07474-5320A,,,,
5337498593446516480,170.3128552789008,0.011633899994194508,-60.62377582639316,0.011172204278409481,-3.1209129957983794,0.015475110150873661,2.330598792606723,0.014011557213962078,0.13871924869678548,0.013698277994990349,nan,nan,12.878896713256836,292.0903279139249,0.335524560942848,13.621291160583496,12.01252269744873,1.6087684631347656,7.208804901948498,-3.7172568449980616,1.1635249063763917,8.839054262263348,223.59570155636416,-197.24224440837727,-0.44254711509901423,-0.22387883206257114,-5.343837062410724,-0.0013400848080268076,85.14983749207131,2.069127332511677,1.3887438232469895,0.711856605959458,O6.5 II-III,xkcd:blue,xkcd:blue,Cen X-3,1.34,0.16,20.2,1.8
2178178409188167296,324.87785209104953,0.011529864743351936,56.98621852916199,0.011889285407960415,-2.9640416014718474,0.014118380844593048,-2.2040186769337904,0.014115204103291035,0.1048329214464288,0.012664482928812504,nan,nan,13.816205024719238,99.01220859043599,3.3125256362962086,14.523018836975098,12.969803810119629,1.5532150268554688,9.53898819380909,-3.6835875154702458,0.2728075501163939,13.722172877554721,227.4768735661599,136.81850112152262,0.2830277604636345,-0.1528021275841526,-3.09182796638364,0.1056745229264909,42.11562624458081,-0.8747873095502401,0.31993515477405554,1.152370376326611,B1-B2Ve,xkcd:light purple,xkcd:green,Cep X-4,,,10.8,
5883218164517055488,230.1701764075732,0.10015206784009933,-57.166742166539116,0.10098147392272949,-5.549152942694518,0.1326756626367569,-4.07252990135312,0.15664492547512054,-0.12459033866593971,0.13540777564048767,nan,nan,17.775951385498047,322.1184786573702,0.03771540102283994,20.04833984375,16.051708221435547,3.996631622314453,-8.02630453298044,-6.87243078740587,-0.38508862765140023,15.632237066741922,228.63983874857018,-75.0196328741579,0.45645717333091407,0.1997620559637505,-0.8866814163426192,0.0010663983854390217,-246.1033031151872,-6.442206544394165,-0.5859170820005897,8.723180746286538,B5-A0I,xkcd:black,xkcd:red,Cir X-1,,,,
2059383668236814720,299.59029482904185,0.010937962681055069,35.201578765113695,0.013002580031752586,-3.812385175624448,0.014573606662452221,-6.309893239635542,0.017452912405133247,0.44390196847449304,0.014949423260986805,nan,nan,8.536617279052734,71.33495940203416,3.0668344499402203,9.073667526245117,7.814340591430664,1.2593269348144531,2.252749640729428,-7.3714385326728324,-0.1045341185716774,8.06669761991884,222.79726524159187,220.06804751891272,0.5506169428852649,-0.6288474104939684,-5.399029766013547,-0.056094852708723615,27.644626713774468,-2.52302570954455,0.5804081446310146,0.07586654322808055,O9.7Iabpvar,xkcd:blue,xkcd:blue,Cyg X-1,21.2,2.2,40.6,7.7
2063791369815322752,308.0636268551211,0.06144415959715843,37.63743239546562,0.07595060020685196,-3.370917952976648,0.08323334902524948,-5.400072973224192,0.09149152785539627,0.3418462523155139,0.08463052660226822,nan,nan,16.891359329223633,77.15184001171907,-1.241801183457772,19.491252899169922,15.41940975189209,4.071843147277832,2.9252916866177308,-6.342133523384574,-0.5488336117697298,8.351500106687862,223.09990827768783,219.23726674218403,0.5412848510160556,-0.5724568133426775,-5.494755176547417,0.005961016005925749,19.256598235247168,-1.3886631978532131,0.01766218556702198,0.724211467075547,B0Ve,xkcd:purple,xkcd:green,EXO 2030+375,,,17.5,
5258414192353423360,152.4456445370427,0.011654465459287167,-58.2932074753388,0.0111605329439044,-4.701857427618813,0.016455015167593956,3.558790662627249,0.014097332023084164,0.24250163068236905,0.013183098286390305,nan,nan,13.877196311950684,283.0000248080038,-1.8216728103108153,15.243159294128418,12.732806205749512,2.5103530883789062,4.123683610646765,-5.89136185982202,0.2535935462339908,8.571806368191874,223.32728949252302,-213.58080095197607,-0.694891785228667,-0.3710245115766925,-5.435890537773893,0.0029204385571921163,13.021830816533859,0.2394204631805401,0.6216976192534911,0.2241755083797281,B0 IIIVe,xkcd:green,xkcd:green,GRO J1008-57,,,17.5,
2065653598916388352,314.6980582988151,0.011033155024051666,41.776979685270454,0.012759363278746605,-2.2095525666212845,0.01521301455795765,-3.351196585258945,0.0173322930932045,0.07752894522296322,0.015234453603625298,nan,nan,14.130870819091797,83.56987683360249,-2.655492481981887,14.943625450134277,13.225442886352539,1.7181825637817383,12.898408421836894,-3.9749598405749427,-0.5588697196398714,14.619559323055906,228.04142430900058,129.47970414369138,0.1506249395556506,-0.13533228359046293,-3.343621048546414,-0.06934582735610473,52.48368682599424,-0.7819637315841788,-0.3541916086933038,2.5345398947189954,O9.5-B0IV-Ve,xkcd:dark blue,xkcd:blue,GRO J2058+42,,,18.0,
5523448274762133632,128.97912882722233,0.17110200226306915,-43.18817694763869,0.2081056535243988,-3.2351680552501723,0.21527673304080963,3.755222188875436,0.2656077444553375,1.1050151125315832,0.2169220894575119,nan,nan,19.151140213012695,262.0214486478775,-1.5126596233097207,20.697336196899414,17.984554290771484,2.7127819061279297,0.9049649988125554,-4.948747449103025,-0.27911416755495366,8.671968571880488,223.42881776084798,-214.6774432874167,-2.0533103220148803,-1.6790271560056358,-5.210911168139167,0.026588122398831574,11.547885656914469,2.315474041051022,1.3733248660518507,0.17765087210309397,B0-2III-Ve,xkcd:green,xkcd:green,Ginga 0834-430,,,,
4278536022438800640,281.403473368695,0.16806592047214508,0.8631594680204066,0.18489982187747955,-1.9223053764878588,0.1918722540140152,-3.981582670513548,0.1704069823026657,0.08614348936089142,0.2158959060907364,nan,nan,18.606775283813477,33.03636942521391,1.6893586565524012,20.936840057373047,17.23001480102539,3.7068252563476562,11.608538351756081,-4.419577076344119,-0.12488790518501135,6.443883909343042,220.84806691496806,157.57842436745582,-0.10019843168633977,-0.12923710104882155,-6.132761056651994,-0.020503877410393,99.78978016034046,1.8133824119942146,0.024853073274203205,29.093735631508533,B0-2IV-Ve,xkcd:purple,xkcd:green,Ginga 1843+009,,,,
6055103928246312960,190.70931703328822,0.05288095399737358,-63.05864217078729,0.05445249006152153,-12.857201869803877,0.06959401816129684,-3.6770768880918028,0.0740465447306633,2.282573124548697,0.07652348279953003,nan,nan,5.136850357055664,301.9579033881775,-0.2031588592223847,5.317963123321533,4.793644905090332,0.5243182182312012,0.43810206527237405,-12.765761621634406,-3.9829467208881053,8.276466582440497,223.02114793853391,-192.50734225753504,-7.878993628897187,-3.64985726880965,-4.093393326965743,-0.008607924754465908,1.7799918262602725,-0.7933746657714753,-0.3244815273239894,0.014687413733103326,B0.5IVpe,xkcd:purple,xkcd:green,HD 110432,,,,
5864664975280537728,206.63566597037007,0.016893604770302773,-62.923386961743525,0.019583694636821747,-4.748743831187859,0.021524153649806976,-2.2605365882845696,0.023262644186615944,0.6054838801046949,0.028642011806368828,nan,nan,8.518084526062012,309.15505830063836,-0.7193551134314897,8.513862609863281,8.4293794631958,0.08448314666748047,1.6515716319765423,-5.130444789897053,-1.1572078028755977,7.566400712672741,222.2398801485126,-191.917710295198,-2.1667229296942745,-0.9647649742594302,-3.9445246204059417,-0.0337579131915266,7.778008646981241,0.9808027602031628,-0.15868491542464086,0.07812649640475401,B0Ve,xkcd:purple,xkcd:green,HD 119682,,,17.5,
5884544931471259136,238.59067450082784,0.01269359327852726,-55.32898953059539,0.010471327230334282,-3.1236747705391017,0.019842378795146942,-3.2225953484639502,0.015759257599711418,0.7315774313408016,0.017946967855095863,nan,nan,8.689340591430664,326.97622424510917,-1.2387208767966702,9.02608871459961,8.127617835998535,0.8984708786010742,1.3669093074225183,-4.464194418587551,-0.4619881438908983,7.391806427776425,222.0369965927205,-137.94671887135894,-2.6683599580794635,-1.1782024505130477,-2.0098571234999545,-0.059975354012263705,5.21672621037496,0.21402266299186667,0.7761896606344131,0.0335328515481709,B2 IIIn,xkcd:red,xkcd:red,HD 141926,,,,
5976382915813535232,255.9865659301791,0.021049443632364273,-37.8441202722809,0.012138224206864834,2.4137032635492046,0.028064759448170662,5.021949969731823,0.021347088739275932,0.6327358617075665,0.02594889886677265,nan,nan,6.420469760894775,347.75444710988126,2.173492429913019,6.575953483581543,6.088586330413818,0.4873671531677246,1.5804383163952436,5.459355496184255,1.114173464609666,6.9646916981903955,221.52058975292903,-56.84609840595855,-2.079921136161054,-0.974954593248736,-0.333036617639879,0.052075832776272056,60.9160634716124,7.872313249985188,2.03705222508213,0.06481477741223182,O6Iafcp,xkcd:blue,xkcd:blue,HD 153919,,,,
4060784345959549184,266.19068598153774,0.019861849024891853,-27.2290321367955,0.01568031683564186,-0.8569741814419296,0.02389109507203102,-2.295820285732529,0.01557347271591425,0.787333882479544,0.023699261248111725,nan,nan,8.234563827514648,1.3578175114162994,1.0519589547965902,8.51140308380127,7.735418796539307,0.7759842872619629,1.2701091903357549,-2.4057735164992513,-0.46631461412858083,7.230524073085979,221.84544929086806,6.127945163456568,-2.215873573787272,-1.2282707131626487,-0.003920812782848165,-0.002791180084559479,4.738210371963221,-0.18597912992913102,0.7647472791186274,0.038231111584578314,B0.5 III-Ve,xkcd:green,xkcd:green,HD 161103,,,,
1982359580155628160,340.73874140526055,0.013241217471659184,44.72172459979292,0.014299740083515644,-3.4776109132211244,0.015737077221274376,-3.1589986974648205,0.016737615689635277,0.485993229298655,0.018474221229553223,nan,nan,8.70506763458252,100.17544003164187,-12.398496666587082,8.769057273864746,8.494836807250977,0.27422046661376953,2.05764183472909,-4.560814871598569,-1.127837816950831,9.073270349345353,223.8246036716704,199.50779631731618,1.3362502881050684,-1.0137386661576555,-4.857621667187679,-0.30118735238881766,10.300828544130495,-1.0394434925159581,0.1870882015956422,0.07821781904415968,B1.5-B2III,xkcd:red,xkcd:red,HD 215227,,,,
3431561565357225088,88.9793400429246,0.02533307857811451,28.78510745617743,0.019279194995760918,0.6335009708782582,0.03444184735417366,-2.188869529714144,0.021136434748768806,0.5974982986364249,0.03006207011640072,nan,nan,10.010053634643555,181.2839667823892,1.8595308169574565,10.055709838867188,9.863571166992188,0.192138671875,1.6736449330184546,2.2111430331762474,-0.5507447549009045,10.172412623517845,224.82819319317286,-4.1593020491747374,1.683405259391594,-1.0029210857777002,-0.002102606143803814,-0.0033151240939741544,5.542963531408118,0.5298403799284572,0.4554914549707699,0.08420648467314708,B5ne,xkcd:green,xkcd:green,HD 249179,,,,
184497471323752064,80.64680481184236,0.025397874414920807,37.6759929364201,0.01957647316157818,1.3049449567151956,0.04082612693309784,-3.9994793622028038,0.02804887294769287,0.7213697567669315,0.030094077810645103,nan,nan,7.2317328453063965,170.05338802722687,0.7103172589013076,7.376429080963135,6.921237945556641,0.45519113540649414,1.3862516284046154,4.038422032220199,-1.1789249333274139,9.868215163177801,224.56128708057972,33.03724050675546,2.322547203858686,-1.1721755380409382,-0.1306188566067849,0.009940439865081115,12.133496727382866,1.8464936849682976,-0.01668983515155678,0.05783159604211228,B0 IVpe,xkcd:purple,xkcd:green,HD 34921,,,,
5620657678322625920,135.5285587975077,0.010860205627977848,-40.55465296117549,0.012674867175519466,-4.822178071668092,0.014743776060640812,9.281733055172943,0.01623324118554592,0.49623999190934365,0.015160984359681606,nan,nan,6.735128402709961,263.0582466143229,3.9298644181968547,6.997067928314209,6.276612281799316,0.7204556465148926,2.0151539906172786,-10.128076826610675,2.6126671538178194,8.967854862472525,223.72229091669047,-207.8752722844058,-0.950302866970266,-0.9000198105602512,-5.029973626383891,-0.08174811170197817,52.425722203495944,-4.147800333256518,3.5944350760800488,0.061566416718142954,B0.5 Ib,xkcd:red,xkcd:red,HD 77581,,,,
5337747731560719616,166.80799982116994,0.02308371663093567,-59.873098173924156,0.02252911776304245,-6.7477737898981545,0.030055416747927666,1.6925460968331725,0.02694651298224926,0.3109803269843485,0.028121255338191986,nan,nan,7.349096298217773,290.1972529576185,0.39692810345244367,7.418350696563721,7.157716274261475,0.2606344223022461,3.215637496099004,-6.883240114136624,-1.0090435771968114,7.982275721925352,222.70558119143607,-220.54759208499,-0.9730500286122941,-0.5027127470580204,-5.491350910496987,0.006086582496248606,10.087450573185784,-0.4188391750273439,-0.5124174126350396,0.2907829057219289,O8.5f(n)p,xkcd:black,xkcd:blue,HD 96670,6.2,0.9,22.7,5.2
3131822364779745536,98.24690241608782,0.017513766884803772,5.800320528353365,0.016286488622426987,-0.02593417315151327,0.02014586515724659,-0.42836049364061723,0.016182685270905495,0.5403983439245413,0.022634414955973625,nan,nan,8.879788398742676,205.6665423995996,-1.4395259578170154,9.236006736755371,8.309829711914062,0.9261770248413086,1.8504867959766274,0.3673831376644901,-0.22179928766540308,10.198896128889183,224.85106601005765,-80.21227985715181,0.864210366822082,-0.8214366782267838,-0.7838588535695544,0.045461555073312135,5.474153280673307,0.28703162441196256,0.5541758354880686,0.07750705841639971,B0Vpe,xkcd:purple,xkcd:green,HESS J0632+057,,,,
5837600152935767680,189.81024184279624,0.022242655977606773,-75.37063019320797,0.02570117823779583,-27.34027789422274,0.033735789358615875,-8.934340817354846,0.03983910754323006,4.77404346153494,0.027307841926813126,nan,nan,6.543228626251221,302.1433834138259,-12.517557655267781,6.555598735809326,6.39478063583374,0.16081809997558594,0.20946604446673434,-26.973499806310233,-9.987169237224295,8.392990903435555,223.14316850088272,-185.0256589927956,-16.497956676817882,-6.213208952903629,-3.990364163199711,-0.5184546096673871,7.204690723340757,-6.48517896629264,-3.2555056746532793,0.0011981595218853091,B8Vn(e),xkcd:dark purple,xkcd:red,HR 4804,,,,
427234969757165952,9.290132580203235,0.008413794450461864,61.36013319063004,0.009818237274885178,-1.7956235405295953,0.010947090573608875,-0.5251300483100196,0.013608978129923344,0.27189066538368456,0.012059882283210754,nan,nan,9.454655647277832,121.22141620023214,-1.4641898756122689,9.76897144317627,8.949126243591309,0.8198451995849609,3.677948996847052,-1.8178140519374264,-0.4422414945716403,10.870491734584071,225.41280416340064,148.84601654902679,0.934142743735759,-0.4446418257894607,-2.8427897106767976,-0.06013234426507411,1.922506718205155,0.09083291500361224,0.06253267548289451,0.16313775201894146,BN0.5II-III / BN0.7Ib,xkcd:red,xkcd:red,IGR J00370+6122,,,22.0,
519352324516039680,23.95771733364349,0.0074431453831493855,66.21202346679833,0.008329693228006363,-1.6256635994947488,0.008630420081317425,-0.02743521083805346,0.011114322580397129,0.1668629279602417,0.01096498966217041,nan,nan,12.461552619934082,127.39442158128841,3.7256576059257593,13.468391418457031,11.464950561523438,2.0034408569335938,5.9929429036404605,-1.5939762607956323,-0.32058463708656854,13.02898880860953,227.01595699116885,115.713542528705,0.5928061091307394,-0.2572658640502055,-1.9239415819148138,0.13897878241703096,9.421796865905847,-0.26284078801155797,-0.20229755545339398,0.39381160205970045,B1Ve,xkcd:light purple,xkcd:green,IGR J01363+6610,,,12.5,
518990967445248256,29.577032913394262,0.008842416107654572,67.22318460660581,0.010229337960481644,-1.1979575137021086,0.010899312794208527,0.3002206665717444,0.013282542116940022,0.1332721013963377,0.013151251710951328,nan,nan,13.687518119812012,129.3522357669255,5.1887233924182254,14.563634872436523,12.747922897338867,1.8157119750976562,7.503445878939821,-1.2346680901134437,-0.02879862024023381,14.44447656647617,227.9339422036374,101.6395225379512,0.4772717290571347,-0.20348214593197522,-1.592444611298579,0.17801902462690478,4.251661782970916,-0.1194952078719993,-0.0033354989351633557,0.7404378292195948,B2IVe,xkcd:dark purple,xkcd:green,IGR J01583+6713,,,12.5,
3423526544838563328,91.86088634197857,0.015897393226623535,22.096597258920347,0.013606945052742958,0.5732377211072881,0.01989789865911007,-0.6083328898340276,0.013670166954398155,0.13811993413445758,0.0180746391415596,nan,nan,12.166335105895996,188.38532157936345,0.81375073815519,12.454571723937988,11.655486106872559,0.7990856170654297,7.240084541500836,0.8104328282649151,0.2046192088358929,15.6975040460649,228.67711785867473,-17.742610454758694,0.3461638932291008,-0.22667823722035896,-0.048518448625606864,-0.006087680046449853,23.129839847576047,0.5127873836614212,0.4373851261027017,0.9474513310628977,B0.5Ve,xkcd:purple,xkcd:green,IGR J06074+2205,,,14.6,
5541793213959987968,126.55687950869762,0.0064687118865549564,-37.61995049188073,0.00886186771094799,-2.366630185963856,0.00906615611165762,3.176985708597615,0.012535781599581242,0.17771276386803697,0.00965082086622715,nan,nan,12.163066864013672,256.43820623625,0.2851841027796363,12.600489616394043,11.5265531539917,1.0739364624023438,5.6270578332942005,-3.9612954836072154,-0.0481115506078175,11.240302632078613,225.70804637443624,-163.8341372685327,-0.2740582917181697,-0.2878765387906561,-3.657661855219488,-0.009729783336024268,6.701179802321681,-0.029575336669557473,0.24949477151886287,0.3055814673691534,OBV,xkcd:black,xkcd:blue,IGR J08262-3736,,,,
5522306019626566528,130.19908438921945,0.01416950672864914,-45.05837165994448,0.014210078865289688,-7.464653413182444,0.01964770071208477,6.099610861089923,0.019253622740507126,0.4429759908963025,0.016786880791187286,nan,nan,7.452199459075928,264.04051237077897,-1.9501445659540533,7.564453125,7.191624164581299,0.37282896041870117,2.2574586897511852,-9.413650631402787,-2.07592991826612,9.017892803397581,223.7709992996269,-207.52462687696226,-0.8718971939235085,-0.663261692375233,-5.024160363430337,0.0399637439305844,40.72268684282362,-3.517593074048941,-1.4526319698214714,0.08554795450472642,O8.5Ib-II(f)p,xkcd:blue,xkcd:blue,IGR J08408-4503,,,33.0,
5259009543533179648,152.54941599149674,0.06864461302757263,-56.925542470323926,0.06404059380292892,-5.503265271921807,0.09442966431379318,3.098041592670957,0.08127795159816742,0.13270256636563818,0.07499072700738907,nan,nan,17.193578720092773,282.2567770691186,-0.6721253252335401,19.811674118041992,15.739237785339355,4.072436332702637,7.535649289891492,-6.289615370273535,-0.5696743430054549,10.09128430919825,224.75776797323854,-182.89027162939604,-0.37629893272952025,-0.20914578687703908,-4.8055663754328615,0.011133425107246816,41.73534152602051,-1.107750062111153,-0.37166198123566263,4.258424190264985,B0.5Ve or B0Ivpe,xkcd:bright green,xkcd:green,IGR J10101-5654,,,,
5339047221168787712,170.44505383091672,0.009735329076647758,-59.863312990570876,0.010730226524174213,-5.147241767253173,0.012345708906650543,2.7268984561761798,0.012649059295654297,0.12325602732129044,0.01232769526541233,-0.19622527062892914,3.097102403640747,9.770651817321777,291.89319671567364,1.0729211412351414,10.125701904296875,9.215526580810547,0.9101753234863281,8.113193502442753,-5.75860630935494,0.8766563606733787,9.307575786646222,224.04798278396188,-187.82724930004838,-0.39244940825780483,-0.20177463563693634,-5.171752057636841,-0.008624046030509262,42.46761355065641,-0.19440484346029496,1.0870550423408245,0.8114570889642921,B0.5Ia,xkcd:red,xkcd:red,IGR J11215-5952,,,,
5333660129603575808,172.77874085540492,0.03600706532597542,-62.946919022640415,0.038947585970163345,-6.09783274255389,0.04833797365427017,1.3726591176073617,0.048345595598220825,0.5732246078053379,0.046700723469257355,-17.942934036254883,4.483153343200684,8.126811027526855,293.9448982981836,-1.4851967908555856,8.11396312713623,8.075031280517578,0.038931846618652344,1.744516872415204,-6.230849866065377,-0.49423390804962586,7.953546205527532,222.6741677596048,-215.45786998236073,-1.8611875313262085,-0.8935650445440377,-5.093440365256297,-0.04330025093736158,7.015401857280695,0.7237780305171295,0.44263138743177344,0.14212613857949155,B0IIIne,xkcd:green,xkcd:green,IGR J11305-6256,,,17.5,
5335021664274920576,176.00117181802423,0.023631783202290535,-61.126795789105415,0.023798974230885506,-6.130315247346068,0.030184121802449226,1.1461885127380793,0.0292552150785923,0.060132182238807716,0.030839093029499054,nan,nan,15.658426284790039,294.8814099586126,0.6865272933094553,16.658214569091797,14.6569185256958,2.001296043395996,16.63003008985472,-6.222877322534156,-0.4126874934699907,15.16010199096897,228.3656258878765,-114.2002082253697,-0.19688385898911048,-0.09759220950612046,-3.577469191619647,-0.013327496776275668,194.4685158759376,-2.4485242719253986,-0.30176778718759456,8.528794830489542,B0.5Ve,xkcd:purple,xkcd:green,IGR J11435-6109,,,14.6,0.0
6054778507172454912,188.50210227953616,0.04590492323040962,-61.71761859192175,0.04630792513489723,-5.117225288166624,0.0560368187725544,0.9981333214208672,0.05972761660814285,0.013984799250916106,0.061268821358680725,nan,nan,16.240846633911133,300.868492644533,1.084281380369064,19.313552856445312,14.732503890991211,4.581048965454102,71.50621056891416,-5.1665302763146395,0.699449555798573,67.52761627337328,242.11535366797196,-24.312086166459146,-0.047937449600160525,-0.022761243167410416,-0.9784838909976112,-0.009215753064469312,1424.9768106188303,-4.140108935716867,0.7314265520304528,313.27594789006463,,xkcd:grey,xkcd:grey,IGR J12341-6143,,,,
5878377736381364608,218.28465330128793,0.06372292339801788,-61.26107376019224,0.08531450480222702,-7.246886900314591,0.10686460882425308,-3.983080511175255,0.13409805297851562,0.41530307188623306,0.11580472439527512,nan,nan,17.964555740356445,314.8462828689717,-0.7642267023265309,19.507186889648438,16.783252716064453,2.7239341735839844,2.4078800945492094,-8.226216322607192,-0.8436024645094281,7.013023597997673,221.58052979340502,-188.8722444295694,-1.5112152936447956,-0.6634597130032048,-3.735724960078833,-0.0386493321866152,34.041852027452855,-2.979276068883563,-0.14149341931960807,0.6714226539661279,early BIII or mid BV,xkcd:red,xkcd:grey,IGR J14331-6112,,,,
5935509395659726592,244.8840954475876,0.04218791797757149,-49.741826170029775,0.025050578638911247,-0.18399109215839704,0.0616706945002079,-0.5449229720233741,0.043932314962148666,0.35882505488809213,0.05053073912858963,nan,nan,16.373214721679688,333.5570067316641,0.3390169216079117,17.096458435058594,15.512846946716309,1.5836114883422852,2.7868733979902074,-0.5148819549639111,-0.2563012678177144,6.131635440605559,220.41935325989715,-135.10842032786965,-1.2859000343789937,-0.5737025001103093,-1.809636310914624,0.016949435048155038,34.32013788611295,2.580654390329707,0.3004517972444399,0.3924552389524978,ON9.7Iab,xkcd:blue,xkcd:blue,IGR J16195-4945,,,27.8,
5934776158877214848,245.19273371546788,0.03752019628882408,-51.501706020142436,0.026348773390054703,-4.882473484444853,0.05389139801263809,-6.022015388741489,0.04039086401462555,0.035774547315548286,0.04634368419647217,38.7906379699707,4.938200950622559,14.783706665039062,332.45890500811436,-1.0501486044356771,17.447534561157227,13.340123176574707,4.1074113845825195,27.952834488149662,-7.712511204195834,-0.7876468711929886,20.786313223978024,231.2036495119873,-42.716114687889,-0.12870229121976423,-0.057805170095944124,-3.1032541803390803,0.008317060579503642,601.6600120620117,-4.480554732636989,-0.7381587616765481,36.211145384697645,B0I / B1Ia,xkcd:red,xkcd:red,IGR J16207-5129,,,,
5940777877435137024,247.95125817288326,0.13132824003696442,-48.81687706740887,0.08851779997348785,-4.366133479593785,0.1887052059173584,-5.774239370792024,0.13030248880386353,-0.034896909170396145,0.1780019998550415,nan,nan,17.139793395996094,335.6159688973277,-0.44775360639278583,21.76079750061035,15.382353782653809,6.378443717956543,-28.655832959794708,-7.203060692802936,-0.7217191480289905,36.565529104483154,236.37118100537356,-21.797821868026933,0.1240213300320583,0.05619403983679294,-0.1370060719280757,-0.004010861183244892,-982.25918910737,-7.190075950906919,-0.7739023266825386,146.1675459407905,B0-5sgBe,xkcd:green,xkcd:green,IGR J16318-4848,,,,
5940576971716473344,248.16638484576487,0.041116662323474884,-49.70382899144433,0.026625696569681168,-4.769279217690786,0.05356945842504501,-6.12018935660893,0.0370846651494503,-0.02732642251724471,0.05024125427007675,nan,nan,12.820149421691895,335.06347356705464,-1.1557122758724598,15.312694549560547,11.378886222839355,3.9338083267211914,-36.59461824426291,-7.732818041549645,-0.6373908952367946,44.4395009126313,238.18234623848957,-18.29882863703079,0.09734649797405275,0.04427760746415761,-0.11413054900965672,-0.008722533127419947,-1343.4921304227228,-7.716033990514041,-0.6729459695735323,67.28138375838091,OB,xkcd:black,xkcd:blue,IGR J16327-4940,,,,
5940285090075838848,249.3055346035613,0.39509785175323486,-50.72612789595593,0.282411128282547,0.6277619355737372,0.5566709637641907,-4.122424253903569,0.3898785412311554,1.6914701245789092,0.5430479645729065,nan,nan,19.783174514770508,334.8023923852234,-2.383834775954468,20.951519012451172,18.583152770996094,2.368366241455078,0.5912016922255423,-2.6573176312336866,-3.2135851915986717,7.969485944361328,222.69161002624705,-100.11964686174707,-6.0321600113584655,-2.76882216268012,-1.0910230215097558,-0.09254425578661235,12.553539243578598,4.4658654016345345,-0.3522187731319392,0.18980582095416207,,xkcd:green,xkcd:grey,IGR J16374-5043,,,,
5943166184173519744,250.46160612338068,1.3305343389511108,-45.540403360519775,0.6542299389839172,-8.551346793903136,1.7982252836227417,-5.318919221188635,1.1888338327407837,0.9562030181651716,1.0759587287902832,nan,nan,20.419172286987305,339.18890175141337,0.4889589642760968,21.68982696533203,18.73478889465332,2.955038070678711,1.0458030156805707,-9.624728946911002,2.963279664429394,7.531634149497852,222.19984153181653,-88.32921100301087,-3.338601849062654,-1.5240354563239995,-0.8283985500309549,0.017300943449838298,34.97055893169276,-5.457728547817394,4.470014177303556,1.176780309139686,BN0.5Ia,xkcd:red,xkcd:red,IGR J16418-4532,,,,
5943246345430928512,251.64690161252628,0.015588409267365932,-45.11796081034128,0.010345971211791039,-1.7593910230172454,0.02173849754035473,-3.0641449978293434,0.016207683831453323,0.29609864232667726,0.01728741079568863,nan,nan,13.484343528747559,340.0535299011336,0.13502926660407388,14.956766128540039,12.313040733337402,2.6437253952026367,3.3772529051204776,-3.4763660598810584,-0.6319179988758852,5.448554637089247,219.40326983409153,-116.03321689387164,-1.0287550099513898,-0.47394444140707515,-1.2834814625158606,0.00618792713623854,18.819972934331048,-1.164129587413808,-0.16416148460504856,0.19717739288833738,B0.5-1Ib,xkcd:red,xkcd:red,IGR J16465-4507,,,27.8,
5980409632300781056,260.0246347466105,0.14206048846244812,-31.283210647628042,0.09625773131847382,-4.450374129916061,0.16434164345264435,-4.677040280971733,0.11456924676895142,0.10569083806813043,0.1602022796869278,nan,nan,17.91213035583496,355.0221182281025,3.3474131126407536,20.115522384643555,16.507015228271484,3.6085071563720703,9.461558052509528,-6.377549195433853,1.0036941495691287,1.2245180001620573,206.9603902125416,-124.25828947062229,-0.3229999660899317,-0.15670124066802368,-8.817838746706387,0.1476703547343402,131.98803716074605,2.763289517362466,1.0127250355028123,14.341481221155082,,xkcd:grey,xkcd:grey,IGR J17200-3116,,,,
4054559284753424000,263.86499688214946,0.32869571447372437,-32.931823120905946,0.262505441904068,-5.229906836623692,0.44514283537864685,-8.582699679934175,0.336903840303421,0.03533694862391942,0.41484180092811584,nan,nan,18.914875030517578,355.45760136708867,-0.27304137285712365,21.316356658935547,17.193675994873047,4.1226806640625,28.298991252547044,-10.048295080691561,-0.2154652803938758,19.836793947020603,230.78100197323366,-7.661579363457085,-0.10744674665762108,-0.05700197353241492,-3.2741640020479275,0.00035375607796164733,894.504205809882,-6.666684331986014,-0.15881706293942252,332.2189649309201,O8.5Iab(f) or O9Iab,xkcd:blue,xkcd:blue,IGR J17354-3255,,,29.6,0.0
4063908810076415872,268.6052987030251,0.022245995700359344,-26.331274336947732,0.017260586842894554,-0.5057220749359188,0.02862905152142048,-0.667794468304362,0.018198028206825256,0.3963276780006648,0.026676177978515625,nan,nan,11.663725852966309,3.235979885614684,-0.33555745740311615,12.946659088134766,10.542322158813477,2.404336929321289,2.5231646829326984,-0.8318238551198182,0.0988602196487565,5.982597269297603,220.20727720567655,17.53942880769368,-1.0843551500872668,-0.6411073115516397,-0.029925908812929537,0.0025589141860404984,9.444105143273495,0.2824572037803782,0.7374086170143557,0.1698301528941027,O9Ib,xkcd:blue,xkcd:blue,IGR J17544-2619,1.4,,23.0,2.0
4070770243676311936,269.64397104543735,0.2703890800476074,-21.389332109203,0.19027167558670044,-2.36538712986673,0.3511601388454437,-3.810504961475337,0.23855186998844147,0.133383862286102,0.22734680771827698,nan,nan,18.813751220703125,7.98621486794217,1.3265957398942791,21.803794860839844,16.990737915039062,4.813056945800781,7.497158823119456,-4.48255485892972,0.14733048650189942,1.498492801223773,208.60088857803177,164.05388864896224,-0.336769051038998,-0.20560835312110332,-2.3205707284963797,-0.09304067271899781,66.76999438830356,-1.8252150793943418,0.44597951234200056,12.77857078195223,,xkcd:grey,xkcd:grey,IGR J17586-2129,,,,
4070968778561141760,270.6747368583342,0.10467880219221115,-20.28816679699591,0.08847612142562866,-3.4065403956576787,0.12249838560819626,-5.488820512486482,0.09348345547914505,-0.020746656979534317,0.13062472641468048,nan,nan,16.801586151123047,9.420451483310611,1.0361026058400398,19.17436981201172,15.385049819946289,3.7893199920654297,-48.20053664484148,-6.454986779143893,0.2545854799816391,56.59512627800323,240.44728434142698,5.558569921182526,0.0509862845597433,0.032239819818962956,-0.012697277633559465,-0.002421929808169101,-1484.410782519727,-6.493275786070077,0.22476758997084526,303.4793469851124,B1Ib,xkcd:red,xkcd:red,IGR J18027-2016,1.5,0.4,20.0,3.0
4146789141900648576,271.1624089614886,0.23183205723762512,-14.9464336382636,0.19731421768665314,2.8163949695952675,0.3242073357105255,0.5248669367618788,0.2142820507287979,0.35637339844069704,0.2563777565956116,nan,nan,19.09976577758789,14.30687793079159,3.2517753399711236,20.119613647460938,17.970111846923828,2.1495018005371094,2.806045581335406,1.8355272451174276,-2.1996376198135343,5.8266333265296195,219.9798410776547,78.64461590254733,-0.7901388439244128,-0.5115169832121619,-0.6001550369069051,-0.10637875014533071,47.78588904284989,3.2258211259487455,-1.581741886456042,2.018690716522475,,xkcd:grey,xkcd:grey,IGR J18048-1455,,,,
4152643113595580416,275.3323425004492,0.2298687994480133,-13.310890956750724,0.2109176516532898,-4.75717570226309,0.2571612000465393,-7.1269597874352915,0.22176195681095123,0.11183301870190533,0.210150808095932,nan,nan,18.370080947875977,17.68122944365532,0.48526330998641776,21.142166137695312,16.742530822753906,4.399635314941406,8.941902951448835,-8.528933161134926,0.8255759243188876,2.7158136175571443,213.50866082870218,202.3001450796754,-0.22832253433035257,-0.17642238934744128,-6.556989629314672,-0.028436823238368353,85.84335664150561,-1.7436209974899013,1.0304351369046971,16.803160220250376,B0V-O9I,xkcd:red,xkcd:red,IGR J18214-1318,,,,
4253473896214500096,280.1953568961291,0.012800917960703373,-5.680628093067283,0.011992454528808594,-1.024953867964975,0.016244513913989067,-2.9397122252012013,0.01544041559100151,0.23260881745470705,0.01454104483127594,2.2828214168548584,28.665679931640625,11.229875564575195,26.66356550809258,-0.22748946896916325,11.971808433532715,10.359822273254395,1.6119861602783203,4.299063169411956,-3.0811369812473988,-0.44613148425484056,5.041832846526578,218.7384290000798,164.52117718892492,-0.3585917891646102,-0.3760260046942358,-2.5880531993136398,0.0131938280845666,3.2237061207927247,-0.1344919927691488,-0.08329930764517135,0.26874677823027415,B5V,xckd:black,xkcd:red,IGR J18406-0539,,,,
4259088994635370752,281.5533010323846,0.09376149624586105,-2.3739097448759168,0.09704077988862991,-1.6014907067769724,0.11734642833471298,-2.1504326332738555,0.10132133960723877,0.6764355935672552,0.12099660933017731,nan,nan,17.650903701782227,30.22372840554395,0.07923084081716135,19.00263786315918,16.482925415039062,2.519712448120117,1.47833734580168,-2.6462259339821044,0.43199687552420307,7.260854633856697,221.88178273714763,129.67081863414768,-0.9011752611325748,-1.0813866686293439,-1.7625919571595623,-0.0037296741201519835,10.631606887201402,0.01754128431003288,1.5171132182736988,0.26443582802150756,,xkcd:grey,xkcd:grey,IGR J18462-0223,,,,
4258428501693172736,282.0716861216644,0.13653123378753662,-3.1713676837385054,0.14190861582756042,-1.6872252358565853,0.15914671123027802,-3.6522772722036527,0.13722214102745056,0.36810538324327063,0.17614328861236572,nan,nan,17.024457931518555,29.75031783963986,-0.7453435873024522,21.094064712524414,15.360810279846191,5.733254432678223,2.716613354548873,-4.019097414822756,-0.18087078186292796,6.287823994147714,220.63635502056678,146.92548037737905,-0.5007690246030799,-0.6064511316553369,-2.1624518457380213,0.03880010188922758,18.15575781488336,-1.3558765444816547,0.38678024790318144,1.2999353770446576,B0.5-1Iab,xkcd:red,xkcd:red,IGR J18483-0311,,,,
4309253392325650176,288.5176059060096,0.3038829267024994,9.882864373650197,0.3366641402244568,-1.5972729990761414,0.3822231590747833,-5.515624391179957,0.43199238181114197,0.3609060073102918,0.3850174844264984,nan,nan,18.248119354248047,44.29634703521837,-0.4687718341225378,21.49799919128418,16.360944747924805,5.137054443359375,2.7708045301120245,-5.619080400648904,-1.1829323350049783,6.798096459295679,221.31087513219003,191.74444984123454,-0.16687216234967847,-0.5893804601253284,-3.8258164534608627,0.023961028801308366,22.84823154415418,-1.6263917848383627,-0.6175129036809582,2.955916965671565,B0.5Ia,xkcd:red,xkcd:red,IGR J19140+0951,,,,
4323316622779495680,292.48292610722393,0.648832380771637,18.310605976333413,0.7901376485824585,-3.0917860808492414,0.8221308588981628,-4.182762112022142,1.041157841682434,0.24756403594072215,0.8005983233451843,nan,nan,20.31412696838379,53.54007422452243,0.11502218303520666,21.717018127441406,18.780445098876953,2.936573028564453,4.039358932730619,-5.15851832253277,0.6665799063838725,6.910796552260666,221.45327727832878,217.33963033670088,0.031556772696090196,-0.39511752981692555,-5.145864114693676,-0.004266240092972812,20.427085477513348,-0.04421098053518424,1.0659636762937708,13.06289896529182,B1Ve,xkcd:light purple,xkcd:green,IGR J19294+1816,,,12.5,0.0
1978365123143522176,323.5848682806499,0.011234178207814693,47.63337917570627,0.011219699867069721,-2.2116582562207454,0.014625879004597664,-2.55791755533225,0.01455289963632822,0.08351192645368731,0.014160461723804474,nan,nan,14.003633499145508,92.17160730696891,-3.1176825605720886,14.302523612976074,13.504069328308105,0.7984542846679688,11.97433758823135,-3.3543140337077446,-0.4277286820609328,14.930264037958537,228.22915506498862,127.50639835342335,0.19922322047741978,-0.14633308299382639,-3.045335155305138,-0.09072710844006238,30.808019979274977,-0.5082020988800262,-0.19066849062704405,2.030394415342535,B1--1.5III--V,xkcd:black,xkcd:red,IGR J21343+4738,,,,
2207277877757956352,343.4796708776849,0.015130958519876003,62.726882349922974,0.016191678121685982,-2.0222920919832523,0.019414423033595085,-0.9491735730230428,0.021341368556022644,0.05969510170980296,0.018092364072799683,nan,nan,14.571744918823242,109.92386340874582,2.861557411334844,15.816852569580078,13.46660327911377,2.3502492904663086,16.75179321850092,-2.2339517633210306,0.007436140005756668,21.19191232197069,231.3785617994499,85.12583824996852,0.1862394910397725,-0.08986937554934263,-1.623984560028584,0.07788156144187978,63.24040838596717,-0.796206694332219,0.01942395411321951,5.077125812679612,B0-1III-Ve,xkcd:green,xkcd:green,IGR J22534+6243,,,,
2031939548802102656,297.39783883472126,0.008815532550215721,30.20880848740128,0.011791565455496311,-2.26403288923693,0.011820588260889053,-4.08907537104113,0.014689060859382153,0.027654384165323034,0.01372900977730751,nan,nan,13.834043502807617,66.09896538287826,2.083585457599563,14.456716537475586,13.047712326049805,1.4090042114257812,36.16063167495666,-4.671153313150496,-0.16342900184735476,33.603784923038106,235.59104718656937,52.48459361965926,0.02545903213044798,-0.04074544888304841,-1.7699492577026394,0.03187246637654061,502.3331395286494,-2.926663087578305,-0.15455601934084698,17.951933510839638,B0Ve,xkcd:purple,xkcd:green,KS 1947+300,,,17.5,
5352018121173519488,159.39709263439522,0.014614508487284184,-56.79883928571816,0.014147087931632996,-6.305023559868493,0.020627472549676895,3.010388342465066,0.017781056463718414,0.17114291438872625,0.01621617190539837,nan,nan,11.243227005004883,285.35268291005445,1.4334820988232282,11.551794052124023,10.74303913116455,0.8087549209594727,5.8430698318520236,-6.975398459332744,-0.3994701446725611,8.948695732713885,223.70357171612176,-202.7705208039118,-0.506038876694833,-0.2835834896889821,-5.2921052455418005,-0.009608120402772868,32.73800917079867,-1.1772543370961097,-0.1062785345808061,0.5536438665134781,B0V-IIIe,xkcd:purple,xkcd:green,LS 1698,,,,
4104196427943626624,276.5627681201673,0.012748370878398418,-14.848438248314068,0.011323812417685986,7.425312749534734,0.01417446881532669,-8.151225884328909,0.011673848144710064,0.4900256100180399,0.015014423057436943,nan,nan,10.798686027526855,16.881564472210624,-1.2892552605096488,11.453262329101562,9.997603416442871,1.4556589126586914,2.040709668139969,-3.7327492501273345,-10.375178836117982,6.574474121237763,221.02147493835528,82.3370934667535,-1.0211634982115043,-0.8187214502727357,-0.6839039104181559,0.04352303720065744,94.90903787694724,-2.0276818414976745,-9.599980423045903,0.0625275040088767,ON6V((f))z,xkcd:blue,xkcd:blue,LS 5039,,,23.0,
5548261400354128768,123.11814876922769,0.007459855172783136,-31.247806699969043,0.009957175701856613,-1.4554830142325375,0.011349085718393326,2.1457195379781027,0.015747113153338432,0.1183688553388317,0.012262127362191677,nan,nan,12.421294212341309,249.5781999270527,1.5428153761569166,12.635214805603027,12.046220779418945,0.588994026184082,8.448168203853056,-2.5927624996773613,-0.011214305471104578,13.916334854350747,227.60196844672026,-128.22200155725497,-0.13424583633536755,-0.2008239482225984,-2.5888074549824216,-0.053952310521464444,11.061086774572292,0.1302907916404279,0.24356195327295826,0.8751669870958029,B0.2IVe,xkcd:purple,xkcd:green,LS 992,,,,
465645515129855872,40.131931264833995,0.007332205772399902,61.22933050838676,0.00920911505818367,-0.42343174759612834,0.01132231391966343,-0.2555250178055092,0.011918910779058933,0.37764990611808313,0.012974979355931282,nan,nan,10.40222454071045,135.6752737697255,1.0861251738760371,10.956624984741211,9.673550605773926,1.2830743789672852,2.647955113451878,-0.279058609498088,-0.4083059784791434,10.55731349418469,225.15512988222542,125.14148357300378,1.3763937827588224,-0.6027230250842298,-1.9523294515554024,0.045239492513842156,4.1701693455948226,0.29687705929849195,0.14917755409124425,0.09097622527073537,B0Ve,xkcd:purple,xkcd:green,LS I +61 303,,,,
2935943990338336000,107.40407113202392,0.015638072043657303,-16.09632779315406,0.01612277701497078,-1.83557676140376,0.01811414211988449,1.3651331368295974,0.01712365448474884,0.3150511705299787,0.02421368472278118,nan,nan,9.192802429199219,229.3086037556084,-3.3634337760631268,9.239651679992676,9.05224323272705,0.187408447265625,3.1740875563731477,-2.0619706007996625,-0.9905593216529799,10.835603653801405,225.38445471694405,-132.2019275670511,0.04506970611436845,-0.43660493998599853,-2.224894154472499,0.14021178263280118,10.593301138060902,0.11785384755846806,-0.6941661642997826,0.24394880121611565,,xkcd:red,xkcd:grey,MAXI J0709-159,,,,
5311384333263075840,136.27840443491405,0.009726453572511673,-53.505413083748714,0.010898681357502937,-1.995531794135815,0.012393113225698471,2.273291749425569,0.013684997335076332,0.053045683314559514,0.011596191674470901,nan,nan,13.145345687866211,273.07612343985846,-4.303878231912306,13.324260711669922,12.798443794250488,0.5258169174194336,18.851675339349033,-3.0242605213292317,0.06205496388453835,20.211009674115896,230.94984548521438,-94.57785577043373,-0.12885681829102513,-0.07389357639673715,-2.3732179090952017,0.10690631132744781,46.733035600175555,-0.522185793943005,0.0290422289538277,4.121120267669097,B1.5-2 III-Ve,xkcd:bright:green,xkcd:green,MAXI J0903-531,,,,
3052677318793446016,104.5720297066811,0.011529473587870598,-7.209773385395211,0.011108976788818836,-0.6378130521867398,0.015482977963984013,1.255994695309955,0.013844120316207409,0.15384849037023873,0.01513866987079382,nan,nan,11.985233306884766,220.12853955777865,-1.7672780916635629,12.549489974975586,11.276764869689941,1.2727251052856445,6.499901283356663,-1.4085988917415255,0.01331639482210863,14.103383082304825,227.72090450087248,-87.03042428926616,0.11158614747019528,-0.22951982611710056,-1.1207180694159569,0.05639024504259719,13.581936313197199,-0.399466969795764,0.18644597589661202,0.6395893744857999,O9.7Ve,xkcd:dark blue,xkcd:blue,MXB 0656-072,,,,
4155023796790984064,278.3679185343803,0.02396053820848465,-10.40243295086028,0.0206461064517498,0.014129598024954813,0.02704082801938057,-0.10350403724001421,0.02252841740846634,0.47356343645215393,0.028008315712213516,nan,nan,10.96163558959961,21.63824683138313,-0.7896417890712586,11.906381607055664,9.9917573928833,1.9146242141723633,2.1116495130870057,-0.08515719185856126,-0.0605060653165717,6.583544597508735,221.03339622970435,104.42938727681944,-0.8651192748152157,-0.7799551584661948,-1.101989131593672,0.0325148287577349,20.05248745690624,1.8819512145503263,0.6869342643918882,0.12489086294156568,B0Ve,xkcd:purple,xkcd:green,NGC 6649 9,,,,
5862299960127967488,195.69848851536304,0.008934320881962776,-63.83573123376698,0.009974833577871323,-7.092820662863646,0.011759594082832336,-0.34195092640087815,0.014234627597033978,0.44344477764993895,0.013309076428413391,nan,nan,9.632835388183594,304.18354481654586,-0.9915822428813386,10.153929710388184,8.913000106811523,1.2409296035766602,2.255072221843625,-7.100960208667895,0.037409978977678573,7.469806152685979,222.12819722057947,-207.2891257676766,-1.550683016799609,-0.7025114950735213,-4.618426336960398,-0.040635957036441704,12.993303343028781,-0.9318508549078883,0.7805574310876416,0.06768132147403795,O9.5Ve,xkcd:dark blue,xkcd:blue,PSR B1259-63,,,22.5,7.5
3131755947406031104,98.82616381073139,0.01171821728348732,5.551744844144263,0.01200556755065918,-0.4194122332666873,0.013308585621416569,0.40481488843078406,0.0130388755351305,0.14244424425253302,0.014909006655216217,nan,nan,12.496829986572266,206.1527475102726,-1.0423267344157698,13.084854125976562,11.743903160095215,1.3409509658813477,7.020290677573078,-0.5530376525233651,-0.1842038821535089,15.12042038130749,228.34220671630482,-55.62277086540606,0.22380550644972771,-0.21977729073041352,-0.4707695879833637,0.023210048558604816,10.193264221189846,-0.30607357098972915,0.012363360018299793,0.7347826581741871,B1IIIe-B2Ve,xkcd:light green,xkcd:green,PSR J0635+0533,,,,
2067835682818358400,308.0546693559062,0.011941006407141685,41.4567587500388,0.014621440321207047,-2.8762382942769733,0.017133817076683044,-0.9478946506888151,0.019980531185865402,0.5677534793686149,0.01559421420097351,nan,nan,11.277183532714844,80.2238146279451,1.0278993456654848,11.974401473999023,10.358141899108887,1.6162595748901367,1.7613278233223268,-2.4858584516354987,1.7296701282909832,8.382592046758893,223.13234549580312,220.82086619178628,0.9982267697464148,-0.8774364248986246,-5.474211192859549,-0.006524919685716846,27.42602596375358,1.9901259714776356,2.6136314728753245,0.048377551795134144,B0:e/B0:Vn,xkcd:black,xkcd:red,PSR J2032+4127,,,15.0,2.8
511220031584305536,26.750875487648646,0.011500537395477295,61.356572911514526,0.013774354942142963,-1.029427556881088,0.01621834933757782,-0.08166309914192828,0.016919506713747978,0.32796283875254345,0.02165328525006771,nan,nan,11.215371131896973,129.54110404226162,-0.8001119868579849,11.629825592041016,10.599628448486328,1.0301971435546875,3.0491259430600497,-0.9855121261320304,-0.30847334710531277,10.702430954822386,225.27542868600665,136.3058652913444,1.175325068529664,-0.5292864333891744,-2.3422924600071307,-0.033732762415593746,4.5179825629905,0.18145526534543643,0.25454584869945535,0.2013142527354372,B1III-Ve,xkcd:green,xkcd:green,RX J0146.9+6121,,,9.6,
2083644392294059520,307.62850374937096,0.014208544977009296,47.86406792934166,0.015089851804077625,-2.7141040155086364,0.019856886938214302,-4.536134376478879,0.01818365603685379,0.41938547226134665,0.015947412699460983,nan,nan,9.025330543518066,85.23069069394988,5.047488517939756,9.276330947875977,8.5801362991333,0.6961946487426758,2.3844412030010287,-5.261899380047558,-0.5052629045642008,8.633326886722088,223.38978318073808,216.19740504475487,0.8522059892214815,-0.5573332807115997,-5.401176220173416,0.026356136921557517,8.062943963227475,-0.7129291490956238,0.02571423922584144,0.09066996936450945,B0.5III-Ve,xckd:green,xkcd:green,SAO 49725,,,,
4097365235226829312,274.65790272639975,0.15139789879322052,-17.0466781588456,0.13582104444503784,-1.5716344381062806,0.175187885761261,-4.595354065094506,0.1301264762878418,0.4049875876480283,0.16542820632457733,nan,nan,15.919184684753418,14.080442512446384,-0.704044807799442,20.12651252746582,14.28271770477295,5.843794822692871,2.469211478325831,-4.790834949389272,-0.7970033113686185,6.134634906417722,220.42357036287083,73.77435945585617,-0.9025860128224636,-0.6637695775137029,-0.5354147989845248,0.02166584796401836,39.28363654426138,-3.352834137582284,-0.1548995818189339,1.0086166548158626,B0.5Iab,xkcd:red,xkcd:red,SAX J1818.6-1703,,,,
2162805896614571904,315.8987696922526,0.010842504911124706,45.751532832107685,0.010506173595786095,-3.5054837830048067,0.013726338744163513,-3.159757095149621,0.012575196102261543,0.1308623368949642,0.012947313487529755,nan,nan,13.774435997009277,87.13025161063592,-0.6848018984801163,14.47503662109375,12.951385498046875,1.523651123046875,7.641618082998498,-4.696634531165461,0.4627153919227837,11.141478823637568,225.63007360090134,169.76448068579774,0.27899528954745256,-0.2144667979335795,-4.237929361506557,-0.017188988099382352,36.69544103250342,-0.7377004592063567,0.6943711779557455,0.7560496566095254,B0Ve,xkcd:purple,xkcd:green,SAX J2103.5+4545,,,17.5,
2201091578667140352,339.8368297959251,0.012457490898668766,61.27405311885465,0.012111427262425423,-2.344283875542537,0.015320876613259315,-1.01527492097991,0.014133349061012268,0.10398616408830161,0.013974317349493504,nan,nan,14.104571342468262,107.73443066473111,2.362332253415067,15.060287475585938,13.12243938446045,1.9378480911254883,9.616663993402364,-2.5448550857789543,0.22397019150880831,14.639968887347397,228.053873036283,123.96618660365144,0.31655239007417124,-0.1578484501971588,-2.553231707016569,0.0794687601657688,19.679382764039776,-0.3081757688365565,0.3023498815401983,1.292348031735604,B0Ve,xkcd:purple,xkcd:green,SAX J2239.3+6116,,,17.5,
5597252305589385984,118.9270218136784,0.008715487085282803,-29.56485835566189,0.011557716876268387,-2.6535157466287824,0.01131052989512682,2.8924892487229927,0.014539279974997044,0.2853833665183818,0.013910516165196896,nan,nan,9.938587188720703,246.22557061032848,-0.6151217581350775,10.271199226379395,9.411092758178711,0.8601064682006836,3.5040584607287864,-3.85576690054398,-0.7353240647867298,10.418257395948322,225.03835611150703,-166.0484778109288,-0.26496379023861527,-0.44669148238088674,-3.4717694115834368,0.023960853987384904,5.555626643758422,-0.11903369872192782,-0.312593436393228,0.1707992391302285,B0Ve,xkcd:purple,xkcd:green,SGR 0755-2933,1.4,,18.5,1.0
5862928537183584768,191.0157861157054,0.015005238354206085,-63.375599072405734,0.0179296787828207,-6.357054767364532,0.01944475620985031,-0.2978005899292986,0.0252505112439394,0.12335544015674202,0.022185102105140686,nan,nan,15.082144737243652,302.1057677991692,-0.5156795553002121,16.729795455932617,13.848137855529785,2.881657600402832,8.106655034665245,-6.350196706867094,-0.4193236109839943,8.04487679567833,222.77365599131352,-197.55366979173678,-0.4261883452661228,-0.19642324387027246,-5.597169065781435,-0.002469347085347584,15.148330369513287,-0.3268392958195365,-0.22043102002837425,1.457957342186758,Be,xkcd:green,xkcd:green,SRGA J124404.1-632232,,,,
2070085317968809216,310.8277570377428,0.05323758348822594,44.638891277204316,0.05205783620476723,-2.6133344012162185,0.06613888591527939,-4.23233099180295,0.07114925980567932,0.04162604925642393,0.0633568987250328,nan,nan,16.563579559326172,83.98370959231536,1.3407233597302817,18.875045776367188,15.183072090148926,3.6919736862182617,24.023418457029653,-4.936419930705,-0.6114741077873269,24.622463190645114,232.74113327249617,77.7465654640212,0.08180381439448295,-0.06371222546497336,-2.017634735070511,0.029436603117828915,347.9442594704068,-3.0005890100289725,-0.5771984854401825,36.564827010966496,B0-2e,xkcd:green,xkcd:green,SRGE J204319.0+443820,,,,
4155000844481174656,278.36569954826433,0.1535262018442154,-10.5901247948528,0.14745554327964783,0.9373345779226703,0.17834846675395966,-0.605058544140186,0.14974719285964966,1.077420939495517,0.19435559213161469,nan,nan,11.717418670654297,21.470675280813587,-0.874250826718959,12.689387321472168,10.701128959655762,1.9882583618164062,0.928142347473061,-0.10160500949924658,-1.1110213206105315,7.6439178497045495,222.32851953561243,89.69550563254826,-1.9782627207639527,-1.7794309623738023,-0.8594631814053745,0.031277819784937294,12.359319837094462,2.7361208926700806,0.6371318219783335,0.1674272783393442,B0.5Ve,xkcd:purple,xkcd:green,SS 397,,,,
4293406612283985024,287.9565063699124,0.01839637942612171,4.982708527256882,0.01836821436882019,-3.0269258944121806,0.02358563244342804,-4.776844591679762,0.023861438035964966,0.11817711247763943,0.023269137367606163,nan,nan,12.60274887084961,39.69407310529392,-2.244594208819768,14.155096054077148,11.391597747802734,2.763498306274414,8.461875392235635,-5.637365080515104,0.4479280883268187,5.756678671628887,219.87592293242025,205.8253763529911,-0.08892951650408813,-0.20593337988811355,-6.049728524594264,0.06538459333415415,31.006313936681927,0.5012929605832479,0.588476874880778,1.6661478416707238,A3-7 I,xkcd:grey,xkcd:grey,SS 433,4.2,0.4,11.3,0.6
4156747212545110400,278.8576017596259,2.8617913722991943,-7.614004545977431,2.1571056842803955,nan,nan,nan,nan,nan,nan,nan,nan,20.38705062866211,24.33602586714134,0.06569920978307321,22.34172821044922,18.351919174194336,3.989809036254883,nan,nan,nan,nan,nan,nan,nan,nan,nan,nan,nan,nan,nan,nan,M5III-V,xkcd:grey,xkcd:grey,Sct X-1,,,,
465628193526364416,40.91843191991435,0.006756731308996677,61.434377668355616,0.008564884774386883,-0.7289798897496916,0.010312550701200962,0.13432816094165279,0.011728739365935326,0.18150880543038156,0.011328215710818768,nan,nan,12.386541366577148,135.93415668064728,1.4287879422071408,13.053085327148438,11.57657527923584,1.4765100479125977,5.509374587248629,-0.7167206082424593,-0.18912245821688806,13.033092972257004,227.01875464430518,101.44777357619816,0.6618328532770354,-0.28931468482332157,-1.4551194295251804,0.05081322952339959,2.379228998306617,0.0765659680056856,0.04937899708303392,0.3438476916206344,O9.5Ve,xkcd:dark blue,xkcd:blue,Swift J0243.6+6124,,,,
5933976985766949376,246.65214511693458,0.030918631702661514,-51.94184815729851,0.02216207981109619,-2.8563373848377083,0.040688592940568924,-3.332145349614718,0.03151797503232956,0.050120353494249176,0.03836339712142944,nan,nan,15.729031562805176,332.7809871369111,-2.0027078877075377,16.68086051940918,14.752703666687012,1.928156852722168,19.95197420374819,-4.382296682342562,-0.23944033684800287,12.977110575823637,226.98052039482138,-66.97874127928364,-0.18011440564000034,-0.08156294959170302,-4.290692444050515,0.012828455511816531,18.185094980159402,0.08851016734795358,-0.17070584276811637,15.27175002512169,B0-2Ve,xkcd:purple,xkcd:green,Swift J1626.6-5156,,,,
414196617287885312,18.996040698840275,0.010982572101056576,59.15394486765568,0.012779636308550835,-2.4625832668630094,0.014893881045281887,-0.546486466252775,0.01677328534424305,0.3391933399322079,0.018039019778370857,nan,nan,11.412055969238281,126.08000772759438,-3.5676859152271287,11.667165756225586,10.951165199279785,0.7160005569458008,2.9481710938070385,-2.3920245855272095,-0.800738525527853,10.505550935625854,225.1118353299879,145.18545631063174,1.197749379234627,-0.5634229362770962,-2.644620505556004,-0.1511493220972492,13.262661170839669,-0.9451534592058328,-0.08616626715350759,0.15678997907752415,B1-2 III/Ve,xkcd:green,xkcd:green,TYC 3681-695-1,,,,
4512787627579740032,287.8284321301368,0.036209411919116974,15.5424152324057,0.03783654049038887,-2.3316551907380143,0.049541350454092026,-5.026141821941105,0.04540832340717316,-0.11893602365210737,0.04806249961256981,nan,nan,13.4966402053833,49.00379131724761,2.746286085927929,14.90600872039795,12.305709838867188,2.6002988815307617,-8.407881559291406,-5.533326546664774,-0.28463111343608866,15.376556424169422,228.4923447693939,93.60358262756867,0.01933064918475695,0.16962174574175873,-1.3971019542631897,-0.0892753080573711,-166.250366765301,-4.155555241586341,-0.3649775511204763,3.397656923254773,Be,xkcd:green,xkcd:green,UCAC4 528-094936,,,,
444752973131169664,53.749629724978455,0.013929484412074089,53.17313997828423,0.012730369344353676,-0.26805266659388,0.019742585718631744,0.4401283844933388,0.01982794515788555,0.13434727271763658,0.020151322707533836,nan,nan,14.200214385986328,146.05208942276994,-2.1940257086354467,15.475269317626953,13.086570739746094,2.3886985778808594,7.4433963546230135,-0.4757472370713855,0.19806512394601175,15.246797070152677,228.41658713708378,69.86204140982059,0.490706563956873,-0.21377081081802612,-0.7535385861904507,-0.05899033651392215,18.231124932309566,-0.21291521483780784,0.47082627127796006,1.11646689171978,O8-9Ve,xkcd:dark blue,xkcd:blue,V0332+53,,,,
276644757710014976,64.92556123476727,0.012604312971234322,55.999360679043434,0.008108320645987988,-0.4735607216045463,0.01827656850218773,-0.5096656032780096,0.013492867350578308,0.2100882458297216,0.014864281751215458,nan,nan,10.766115188598633,149.17651611413766,4.133059262254314,11.439369201660156,9.855047225952148,1.5843219757080078,4.759904563202022,0.02670675915560328,-0.6952017931699837,12.810032757999913,226.8654620531654,75.83556855602039,0.7629157021820535,-0.3433404950633777,-0.7985036619761263,0.12115839202699431,10.764396229063566,0.06229471894967609,-0.47301969013360023,0.3367754452749184,B1/2I[e],xkcd:green,xkcd:green,XTE J0421+560,,,,
5882543824607819776,236.02135471814512,0.23264913260936737,-56.76187017074616,0.21859543025493622,-4.167843287744988,0.3054322898387909,-2.6135336595940055,0.28812435269355774,-0.05039768082917262,0.30544930696487427,nan,nan,nan,324.9605894142377,-1.4644638526861036,nan,17.34893798828125,nan,-19.842182885152752,-4.894085386231645,0.499403737776991,27.23592679334108,233.66178514412294,-40.622176124027646,0.18432163729220988,0.08106106079678584,-0.3862202043510229,-0.02361099368163245,-443.26254699921276,-4.692186819172832,0.4419536706618376,120.2591252459364,Be?,xkcd:green,xkcd:red,XTE J1543-568,,,,
4056922105185686784,264.79812927251425,0.040432728826999664,-30.34381326584938,0.032697077840566635,-0.42745718004650846,0.04873871058225632,3.760039450836629,0.033256132155656815,0.5159549421559745,0.0480206273496151,nan,nan,12.643312454223633,358.067753895708,0.4452361176333438,15.008058547973633,11.256568908691406,3.7514896392822266,1.9381537384279914,2.957305428865046,2.3611355134821164,6.563332112962362,221.00680939822192,-9.578002084216209,-1.5191735721234876,-0.818502367630684,-0.009225976924893723,0.0018514319493084263,50.502502978941095,4.485704977913427,3.1777864491634915,0.18038660126096484,O8Iab(f),xkcd:blue,xkcd:blue,XTE J1739-302,,,33.7,
4040960662373474176,265.75551465281137,0.08151785284280777,-36.37284591519637,0.05715549737215042,-4.482602975761192,0.10855074971914291,-1.6461457547450966,0.0531751848757267,0.015284659682691548,0.09846801310777664,nan,nan,15.22121810913086,353.370063329925,-3.4202891724245283,19.521650314331055,13.430912971496582,6.090737342834473,65.42507460158939,-3.7415792978069162,2.967171994069623,56.8738478480584,240.4935271254432,-3.8949904654218415,-0.04758229878728848,-0.026225129075285576,-1.4165025170506065,0.0041562100735622375,1165.4107266526821,-2.277494481969021,2.9892409130713467,421.48646009710285,OI,xkcd:blue,xkcd:blue,XTE J1743-363,,,29.63,
4255891924062617088,283.8766800200503,0.014235791750252247,-2.604679419397789,0.014256108552217484,-2.519200396441113,0.016839295625686646,-6.766008688499971,0.015563220717012882,0.07777430499571139,0.016119282692670822,nan,nan,13.440664291381836,31.07634694239799,-2.092060444110593,14.776262283325195,12.309270858764648,2.466991424560547,12.85771695491386,-7.167415166949448,-0.8679884992724095,7.089773327131759,221.67490236804963,135.98539148263757,-0.09965266938579061,-0.1343637354615373,-5.9311616122481405,0.013529855075546547,82.89722483123768,-1.1366008853155174,-0.7471546188864187,2.664854085035304,B0Iaep,xkcd:green,xkcd:red,XTE J1855-026,,,,
4310118570535453696,284.75680882608543,0.2963730990886688,8.245457254312521,0.33733880519866943,-1.990330774755356,0.36828628182411194,-3.255504337241219,0.36267372965812683,-0.09095131417807156,0.3779982924461365,nan,nan,19.470138549804688,41.134383384326995,2.0764458051903394,20.9979305267334,18.006860733032227,2.991069793701172,-10.994893356264454,-3.8065332857455756,0.26463073752993077,18.26646413246279,230.0374044781114,68.95905779480354,0.060222815511654704,0.13385822120014465,-0.8398763575645535,-0.053796126660194,-158.0412354981633,-3.026879743692677,0.18456864298998013,45.69533658588257,B0-2Ve,xkcd:purple,xkcd:green,XTE J1859+083,,,12.5,
4310649153642824320,286.1977687539877,0.5593506097793579,9.044911040402665,0.6179036498069763,-0.8740526031784608,0.7261876463890076,-4.776992721613207,0.8123673796653748,0.32751956172944796,0.6127469539642334,nan,nan,19.756729125976562,42.49718850001616,1.1748721935698823,21.705068588256836,18.256303787231445,3.4487648010253906,3.0532527422776163,-4.636993512852653,-1.4428855038536512,6.5807415268839815,221.02971385034718,191.3751409712591,-0.18873412274546006,-0.5007283163529396,-3.7834244105996433,-0.06140982539357132,15.97037369402148,-0.6648349795075497,-0.8807473621071403,5.712242980646789,Be?,xkcd:green,xkcd:red,XTE J1906+090,,,,
2028089540103670144,296.4139748795565,0.01702195405960083,27.365399152475934,0.022254357114434242,-2.4130254444730657,0.023112494498491287,-4.043007630284439,0.028101064264774323,0.02069077540146113,0.029170023277401924,nan,nan,15.688565254211426,63.207143530473964,1.3955652936534102,17.111873626708984,14.524065971374512,2.5878076553344727,48.330716495495984,-4.708307340567436,0.021082717363817907,45.12729700022343,238.32557255587662,38.143158801287136,0.015322142809046127,-0.03135706294592575,-1.3799544126171988,0.016945272952254727,766.0376420257808,-3.343675070759283,0.035494507357488936,68.13703681146595,B01-IVVe,xkcd:purple,xkcd:green,XTE J1946+274,,,15.0,0.0
426558460884582016,14.177450998208093,1.8335996866226196,60.71672280471204,2.3911945819854736,nan,nan,nan,nan,nan,nan,nan,nan,2.0645833015441895,123.57698659515256,-2.1484240190698634,2.7258431911468506,2.31510853767395,0.4107346534729004,nan,nan,nan,nan,nan,nan,nan,nan,nan,nan,nan,nan,nan,nan,B0.5IVpe,xkcd:purple,xkcd:green,gam Cas,,,13.0,0.0
6060547335455660032,193.6534512999999,0.062005579471588135,-57.168711407421895,0.08000237494707108,-28.38602111310031,0.08820656687021255,-10.446722229219034,0.11208841949701309,8.266773469896965,0.11696327477693558,nan,nan,5.147207260131836,303.3645146851053,5.700370988443033,5.079194068908691,5.1973466873168945,-0.11815261840820312,0.12096617908322384,-28.607431330086722,-9.824208500546414,8.43440111930301,223.18614035669546,-185.1392584919189,-28.775944317172986,-14.12791932027623,-3.8535434597302074,0.24755455347538802,3.275265123890909,4.022056446816471,4.056156266254429,0.001711502134944004,B5Vne,xkcd:dark purple,xkcd:green,mu.02 Cru,,,,
